student_id,measurement_period,current_gpa,previous_gpa,failed_subjects,backlogs,current_attendance,previous_attendance,assignment_completion,previous_assignment_completion,lms_activity,previous_lms_activity
STU0001,Fall 2025,2.43,2.29,0,0,96.6,100.0,60.2,74.9,38,31
STU0002,Fall 2025,3.32,4.0,2,2,66.2,82.6,74.1,93.7,14,24
STU0003,Fall 2025,3.83,4.0,0,1,68.4,73.7,64.7,78.5,54,52
STU0004,Fall 2025,2.86,,0,1,70.3,72.5,61.7,70.2,48,56
STU0005,Fall 2025,2.52,2.68,0,0,83.2,91.7,76.4,69.5,14,1
STU0006,Fall 2025,3.89,3.98,0,0,91.9,94.0,76.2,67.6,37,48
STU0007,Fall 2025,2.49,2.22,0,0,60.0,55.5,67.2,62.9,63,70
STU0008,Fall 2025,1.68,2.09,0,2,66.1,88.0,79.7,97.0,52,64
STU0009,Fall 2025,2.08,1.76,0,0,95.5,76.2,59.2,62.0,67,72
STU0010,Fall 2025,3.09,,0,0,85.1,73.5,67.8,76.0,10,0
STU0011,Fall 2025,3.01,3.03,0,0,96.0,92.7,53.7,68.1,51,59
STU0012,Fall 2025,2.02,3.19,2,0,34.6,72.3,69.2,84.8,33,44
STU0013,Fall 2025,3.49,3.61,0,0,65.1,73.9,89.3,99.5,69,64
STU0014,Fall 2025,2.03,1.98,0,0,69.4,71.2,57.4,68.4,33,37
STU0015,Fall 2025,2.9,2.97,1,0,97.2,100.0,91.1,90.5,33,32
STU0016,Fall 2025,2.28,2.46,0,0,93.3,95.2,92.7,85.4,10,12
STU0017,Fall 2025,3.24,3.24,0,0,80.0,79.2,100.0,100.0,14,27
STU0018,Fall 2025,3.95,3.93,1,1,74.5,76.7,72.1,78.1,59,63
STU0019,Fall 2025,2.58,2.67,0,0,60.0,57.4,61.2,60.3,49,40
STU0020,Fall 2025,3.71,3.69,1,0,91.2,92.7,89.3,87.6,14,24
STU0021,Fall 2025,2.59,2.71,0,0,82.9,80.7,62.9,54.8,13,15
STU0022,Fall 2025,3.17,3.0,0,0,75.7,76.0,94.6,86.1,47,40
STU0023,Fall 2025,2.7,2.88,0,0,72.8,68.4,86.7,91.3,53,65
STU0024,Fall 2025,3.23,3.39,0,0,58.6,73.3,78.3,64.8,62,51
STU0025,Fall 2025,2.4,2.2,0,0,88.2,88.6,69.2,68.1,38,24
STU0026,Fall 2025,2.88,2.7,0,0,62.5,66.6,45.1,53.8,52,52
STU0027,Fall 2025,3.36,3.1,0,0,79.3,77.9,75.6,78.2,59,47
STU0028,Fall 2025,2.85,2.15,1,0,100.0,86.6,66.9,65.9,61,73
STU0029,Fall 2025,3.6,3.48,0,0,100.0,100.0,51.0,45.6,22,32
STU0030,Fall 2025,4.0,4.0,0,0,60.0,61.3,100.0,88.4,56,68
STU0031,Fall 2025,3.27,3.49,1,0,59.0,71.1,71.6,83.1,47,50
STU0032,Fall 2025,3.15,3.06,0,0,100.0,100.0,80.3,80.9,33,46
STU0033,Fall 2025,2.26,1.33,0,0,87.3,79.7,82.9,89.3,45,45
STU0034,Fall 2025,2.87,2.81,0,2,44.0,72.4,61.7,80.9,28,41
STU0035,Fall 2025,2.06,2.67,3,0,84.0,90.7,57.5,82.8,14,34
STU0036,Fall 2025,3.38,3.3,0,0,97.7,93.6,92.2,95.5,53,43
STU0037,Fall 2025,2.53,2.87,0,2,58.9,70.0,100.0,100.0,10,11
STU0038,Fall 2025,2.3,2.7,0,0,59.8,74.2,59.7,73.1,70,85
STU0039,Fall 2025,2.87,2.82,0,0,74.0,72.3,56.9,60.3,38,46
STU0040,Fall 2025,2.03,1.95,0,0,92.2,92.3,91.7,90.2,20,21
STU0041,Fall 2025,3.48,3.44,0,0,88.9,85.6,84.5,71.0,47,43
STU0042,Fall 2025,2.53,2.59,0,0,84.3,89.0,83.5,74.0,46,48
STU0043,Fall 2025,3.62,3.64,0,0,78.1,79.7,70.7,80.4,45,42
STU0044,Fall 2025,2.01,3.73,2,1,45.2,83.0,60.5,73.8,44,60
STU0045,Fall 2025,2.28,2.07,0,0,100.0,100.0,85.5,79.4,46,53
STU0046,Fall 2025,2.91,3.4,1,0,75.3,82.4,45.9,51.6,54,46
STU0047,Fall 2025,2.98,3.17,0,0,94.3,92.9,67.6,55.8,35,24
STU0048,Fall 2025,2.66,1.73,0,0,81.5,68.4,85.4,78.6,11,23
STU0049,Fall 2025,1.62,2.05,0,0,63.6,78.5,74.1,83.3,43,56
STU0050,Fall 2025,3.89,4.0,0,0,78.2,86.7,61.0,54.5,63,55
STU0051,Fall 2025,2.29,,2,1,69.2,84.0,53.0,82.5,4,29
STU0052,Fall 2025,2.5,2.46,0,0,68.2,69.2,73.0,81.6,10,10
STU0053,Fall 2025,3.54,,3,1,81.8,99.3,88.7,100.0,0,13
STU0054,Fall 2025,3.1,3.65,2,0,84.8,98.5,71.0,81.0,32,40
STU0055,Fall 2025,3.23,3.2,0,0,76.2,72.0,96.9,100.0,89,86
STU0056,Fall 2025,3.4,3.69,3,1,76.7,82.7,66.5,91.4,26,40
STU0057,Fall 2025,3.22,3.19,0,0,78.4,79.5,93.4,81.0,57,69
STU0058,Fall 2025,1.04,1.12,0,0,77.2,80.4,47.8,60.9,53,46
STU0059,Fall 2025,3.67,3.55,0,0,95.9,95.9,53.4,42.9,43,32
STU0060,Fall 2025,2.05,2.13,0,0,93.6,93.4,82.5,92.3,54,60
STU0061,Fall 2025,3.23,3.37,0,0,75.2,74.5,93.6,81.4,54,46
STU0062,Fall 2025,2.27,2.47,0,0,77.9,83.1,96.8,95.5,69,63
STU0063,Fall 2025,3.25,3.05,1,0,62.2,61.4,99.1,90.9,30,36
STU0064,Fall 2025,2.41,2.12,0,0,81.4,84.8,56.8,48.2,53,39
STU0065,Fall 2025,3.63,3.4,0,1,76.1,80.2,83.9,78.5,46,41
STU0066,Fall 2025,1.58,1.56,0,0,78.6,73.9,58.5,70.8,19,7
STU0067,Fall 2025,2.99,2.73,0,0,98.0,94.8,37.4,49.1,10,15
STU0068,Fall 2025,2.53,2.39,0,0,85.9,86.1,88.9,74.5,56,45
STU0069,Fall 2025,3.13,2.88,2,0,82.2,84.1,99.3,85.0,43,50
STU0070,Fall 2025,3.13,3.17,0,1,60.0,100.0,43.7,55.0,17,42
STU0071,Fall 2025,2.86,2.62,0,0,75.3,73.2,58.7,56.3,22,35
STU0072,Fall 2025,2.44,2.59,1,0,80.8,91.5,40.1,50.8,30,24
STU0073,Fall 2025,3.62,3.47,0,0,77.8,81.7,61.1,51.5,98,100
STU0074,Fall 2025,2.03,2.52,1,0,65.3,79.0,76.2,91.1,47,51
STU0075,Fall 2025,3.99,3.96,0,0,100.0,100.0,89.2,89.4,29,39
STU0076,Fall 2025,2.95,3.41,1,0,82.9,89.9,51.7,62.8,76,62
STU0077,Fall 2025,3.24,3.06,0,0,94.0,94.0,92.1,87.7,86,86
STU0078,Fall 2025,2.65,2.54,0,0,72.6,76.1,79.7,70.9,38,30
STU0079,Fall 2025,2.72,2.7,1,0,85.9,84.9,94.8,100.0,12,4
STU0080,Fall 2025,3.1,2.85,0,0,83.6,85.0,75.1,81.4,31,31
STU0081,Fall 2025,3.06,3.63,2,2,76.9,91.5,61.9,91.7,5,25
STU0082,Fall 2025,2.96,2.9,1,0,98.1,98.1,68.2,67.4,32,18
STU0083,Fall 2025,2.43,2.34,0,0,62.8,59.3,100.0,95.6,22,34
STU0084,Fall 2025,3.03,2.89,1,0,83.7,81.0,37.1,44.8,27,41
STU0085,Fall 2025,3.02,3.1,0,0,85.4,89.0,64.4,61.0,18,29
STU0086,Fall 2025,2.54,2.48,0,0,97.8,95.6,66.5,73.2,60,72
STU0087,Fall 2025,4.0,4.0,1,0,74.7,72.6,100.0,100.0,47,42
STU0088,Fall 2025,3.76,3.87,0,0,63.8,76.2,74.9,67.2,60,47
STU0089,Fall 2025,1.72,1.9,0,1,55.3,72.6,56.5,80.0,6,27
STU0090,Fall 2025,3.35,3.33,0,0,79.7,80.7,74.1,71.8,61,59
STU0091,Fall 2025,2.63,2.9,1,0,64.8,79.1,81.6,78.8,45,42
STU0092,Fall 2025,3.15,3.43,0,0,68.3,78.9,73.8,72.9,63,69
STU0093,Fall 2025,2.7,2.77,0,0,89.4,85.8,92.8,86.8,71,70
STU0094,Fall 2025,1.9,2.17,0,0,73.5,80.6,91.7,87.2,33,22
STU0095,Fall 2025,4.0,3.98,0,0,89.1,84.8,83.4,72.2,15,26
STU0096,Fall 2025,3.4,3.5,0,0,64.2,63.9,94.5,92.9,61,54
STU0097,Fall 2025,3.16,2.25,0,0,92.7,80.6,100.0,100.0,29,38
STU0098,Fall 2025,2.02,2.03,0,0,91.7,87.3,78.7,80.7,52,51
STU0099,Fall 2025,3.06,3.19,0,1,69.5,74.5,69.7,77.4,48,42
STU0100,Fall 2025,3.5,3.6,0,0,72.2,74.3,68.0,68.7,66,53
STU0101,Fall 2025,2.36,1.96,0,0,76.5,60.6,57.1,70.0,42,29
STU0102,Fall 2025,3.88,4.0,0,0,84.8,79.9,48.7,60.8,37,35
STU0103,Fall 2025,2.12,2.53,0,0,71.3,86.0,37.8,51.7,47,54
STU0104,Fall 2025,3.09,3.47,0,0,59.6,68.5,75.0,78.8,11,13
STU0105,Fall 2025,3.35,3.59,0,0,56.9,77.4,69.9,87.1,63,73
STU0106,Fall 2025,3.38,3.29,0,0,78.8,75.1,91.3,80.3,11,13
STU0107,Fall 2025,3.57,3.68,0,0,100.0,100.0,58.6,63.4,59,53
STU0108,Fall 2025,2.38,2.41,0,0,90.7,90.9,89.0,86.0,68,69
STU0109,Fall 2025,2.92,2.64,0,0,74.5,74.4,100.0,89.7,64,58
STU0110,Fall 2025,2.39,1.92,0,0,100.0,97.5,63.9,68.5,74,67
STU0111,Fall 2025,3.02,2.89,0,0,81.5,78.9,59.0,70.4,79,70
STU0112,Fall 2025,2.47,2.65,0,0,90.5,86.0,76.5,87.7,43,38
STU0113,Fall 2025,1.73,2.18,0,2,39.0,63.4,60.7,80.1,15,38
STU0114,Fall 2025,2.34,2.47,1,0,99.5,96.0,79.4,76.8,77,66
STU0115,Fall 2025,3.03,2.95,0,1,60.0,53.7,67.3,78.3,78,69
STU0116,Fall 2025,2.47,3.5,1,1,40.3,72.9,55.2,73.4,14,27
STU0117,Fall 2025,3.78,3.76,0,0,100.0,100.0,73.1,85.1,51,39
STU0118,Fall 2025,3.82,3.87,0,0,65.6,62.4,87.4,100.0,57,47
STU0119,Fall 2025,3.3,3.76,1,0,46.3,63.1,47.1,71.9,19,38
STU0120,Fall 2025,2.19,1.49,0,0,83.0,69.9,60.8,74.0,10,19
STU0121,Fall 2025,2.07,2.49,0,0,74.6,81.9,66.5,73.8,11,26
STU0122,Fall 2025,1.84,3.32,2,1,77.2,87.3,65.8,76.9,35,47
STU0123,Fall 2025,2.61,2.71,0,0,90.0,94.6,72.2,58.8,40,28
STU0124,Fall 2025,2.82,3.29,0,0,85.2,93.9,90.1,99.9,44,32
STU0125,Fall 2025,2.71,2.81,0,0,55.8,69.8,72.3,60.8,33,39
STU0126,Fall 2025,3.47,3.22,1,0,96.3,100.0,68.1,66.0,10,12
STU0127,Fall 2025,2.97,2.06,0,0,100.0,88.4,100.0,95.3,52,51
STU0128,Fall 2025,2.65,3.74,2,1,51.3,68.5,53.2,80.1,39,52
STU0129,Fall 2025,3.29,3.04,0,0,91.2,95.7,84.6,79.6,30,43
STU0130,Fall 2025,2.82,2.93,0,0,91.8,96.6,79.7,82.1,21,34
STU0131,Fall 2025,3.58,3.31,0,0,99.6,100.0,67.5,73.2,54,55
STU0132,Fall 2025,3.56,3.46,0,0,91.3,91.8,92.2,94.5,39,47
STU0133,Fall 2025,2.44,2.49,2,1,68.1,70.9,61.8,60.2,52,57
STU0134,Fall 2025,2.51,1.9,0,0,89.5,78.8,76.6,78.4,38,39
STU0135,Fall 2025,2.04,2.29,0,1,75.2,90.9,65.0,93.9,45,62
STU0136,Fall 2025,3.35,3.54,1,1,88.9,84.9,77.4,76.8,27,28
STU0137,Fall 2025,1.5,1.98,0,0,61.1,67.3,87.4,73.7,33,37
STU0138,Fall 2025,3.74,3.74,1,0,89.2,85.6,97.5,90.3,72,59
STU0139,Fall 2025,2.8,2.5,0,0,69.2,62.5,63.8,72.7,10,20
STU0140,Fall 2025,3.1,3.37,1,0,71.3,88.7,76.1,85.5,9,30
STU0141,Fall 2025,3.02,3.52,1,2,74.6,84.1,71.4,78.0,20,38
STU0142,Fall 2025,2.23,2.25,0,0,86.2,88.4,82.3,89.1,10,6
STU0143,Fall 2025,3.67,3.6,1,0,100.0,100.0,60.4,54.8,31,24
STU0144,Fall 2025,2.26,1.65,2,0,89.1,74.8,91.9,82.4,25,18
STU0145,Fall 2025,3.42,3.6,0,0,62.0,62.7,84.8,71.8,27,34
STU0146,Fall 2025,1.68,1.48,0,0,100.0,100.0,73.9,77.1,19,26
STU0147,Fall 2025,2.85,2.72,0,0,77.9,82.7,46.9,46.9,10,1
STU0148,Fall 2025,2.66,2.56,0,1,73.8,69.0,91.0,76.5,53,51
STU0149,Fall 2025,2.05,1.84,0,0,94.6,94.2,67.8,72.7,60,68
STU0150,Fall 2025,2.76,2.37,0,0,83.0,64.9,77.4,79.3,51,65
STU0151,Fall 2025,3.17,3.7,0,0,83.9,89.8,62.5,82.8,9,19
STU0152,Fall 2025,3.58,3.36,0,0,61.7,63.6,73.2,75.9,31,36
STU0153,Fall 2025,2.89,3.38,0,0,82.6,92.3,100.0,97.9,32,25
STU0154,Fall 2025,2.49,,0,0,86.8,84.1,86.1,75.3,47,62
STU0155,Fall 2025,3.06,3.74,0,0,82.8,93.0,76.8,99.0,29,53
STU0156,Fall 2025,2.37,1.43,1,0,61.2,43.4,82.1,81.8,56,50
STU0157,Fall 2025,2.72,2.5,0,0,77.1,70.2,91.2,82.8,81,67
STU0158,Fall 2025,2.27,2.36,0,0,90.1,89.3,53.9,66.9,10,12
STU0159,Fall 2025,3.18,3.23,0,0,83.1,84.3,61.2,75.6,65,59
STU0160,Fall 2025,2.96,3.24,0,0,54.9,66.2,88.8,100.0,19,13
STU0161,Fall 2025,3.12,3.56,1,0,88.4,96.4,82.7,74.0,27,40
STU0162,Fall 2025,3.93,4.0,0,0,87.8,85.1,61.9,69.2,78,80
STU0163,Fall 2025,3.88,,0,0,100.0,100.0,88.9,100.0,37,24
STU0164,Fall 2025,3.52,3.87,0,0,50.0,60.0,72.1,65.9,34,37
STU0165,Fall 2025,2.72,2.59,0,0,74.1,,81.4,89.5,47,48
STU0166,Fall 2025,1.56,1.93,0,0,51.8,59.4,91.2,86.8,24,14
STU0167,Fall 2025,2.85,2.56,0,0,88.7,85.9,75.1,72.8,10,14
STU0168,Fall 2025,3.22,3.13,2,0,87.3,82.9,73.2,66.5,56,51
STU0169,Fall 2025,3.46,3.43,0,0,79.4,77.5,79.4,64.5,38,44
STU0170,Fall 2025,3.43,3.32,0,0,67.4,72.4,86.5,73.6,39,44
STU0171,Fall 2025,3.6,3.39,0,0,98.6,96.5,66.8,70.7,71,76
STU0172,Fall 2025,2.63,2.56,0,0,76.9,74.5,90.9,95.7,30,32
STU0173,Fall 2025,2.51,2.27,0,0,60.2,59.6,79.0,72.7,45,35
STU0174,Fall 2025,3.04,3.07,0,0,62.1,63.7,68.7,80.0,29,42
STU0175,Fall 2025,2.57,1.96,1,0,100.0,94.4,48.2,52.2,33,47
STU0176,Fall 2025,2.87,3.06,0,0,87.9,89.4,84.5,77.3,10,6
STU0177,Fall 2025,3.09,3.05,0,0,98.6,95.5,94.1,86.4,37,45
STU0178,Fall 2025,3.32,3.17,0,0,84.0,80.1,76.3,72.2,42,29
STU0179,Fall 2025,2.87,3.12,3,2,60.7,84.3,72.1,84.8,42,55
STU0180,Fall 2025,3.47,3.53,0,0,74.8,75.2,97.1,98.6,85,83
STU0181,Fall 2025,2.66,2.06,0,0,90.8,72.5,100.0,93.6,45,60
STU0182,Fall 2025,3.2,2.92,0,0,70.5,67.9,90.6,92.7,17,31
STU0183,Fall 2025,2.31,3.53,0,2,65.3,76.6,83.1,95.7,45,64
STU0184,Fall 2025,2.69,3.19,2,0,75.7,88.0,52.8,59.8,15,38
STU0185,Fall 2025,2.73,1.94,1,0,100.0,93.6,68.9,75.3,57,47
STU0186,Fall 2025,2.42,2.46,0,0,62.5,63.7,100.0,100.0,32,45
STU0187,Fall 2025,3.31,3.19,0,0,78.7,82.3,73.4,72.9,12,4
STU0188,Fall 2025,3.69,3.65,1,0,87.0,87.9,76.9,70.9,24,12
STU0189,Fall 2025,3.56,3.26,0,0,76.5,81.1,79.4,89.5,65,54
STU0190,Fall 2025,3.62,3.85,0,0,94.2,100.0,84.9,71.6,58,58
STU0191,Fall 2025,2.59,1.68,2,0,100.0,86.1,92.1,91.7,92,84
STU0192,Fall 2025,2.72,3.81,1,0,37.0,68.9,44.0,67.4,5,24
STU0193,Fall 2025,3.23,3.61,3,0,86.4,94.9,62.6,76.7,29,42
STU0194,Fall 2025,1.99,2.08,0,0,79.2,76.6,66.2,71.9,58,46
STU0195,Fall 2025,1.87,2.03,0,1,83.5,88.9,84.5,85.8,34,25
STU0196,Fall 2025,2.12,2.24,0,2,65.9,70.8,82.0,79.2,83,72
STU0197,Fall 2025,3.33,3.27,1,0,73.7,75.1,100.0,92.5,59,52
STU0198,Fall 2025,2.53,3.92,3,2,57.3,77.3,62.0,82.6,51,73
STU0199,Fall 2025,2.55,2.81,2,0,89.6,98.0,87.6,92.6,32,52
STU0200,Fall 2025,2.34,,0,0,65.9,69.7,47.0,47.0,64,69
STU0201,Fall 2025,2.48,1.94,0,1,94.9,89.7,100.0,100.0,34,31
STU0202,Fall 2025,4.0,3.91,0,0,87.6,89.6,82.0,70.9,19,34
STU0203,Fall 2025,3.38,,0,0,88.2,91.3,70.7,62.0,26,29
STU0204,Fall 2025,2.47,3.07,2,0,63.8,88.7,63.6,71.9,14,20
STU0205,Fall 2025,2.72,2.46,0,0,90.2,85.5,92.6,82.2,44,50
STU0206,Fall 2025,2.05,1.78,0,0,100.0,94.4,72.7,76.1,42,39
STU0207,Fall 2025,3.3,3.5,0,0,81.1,80.8,39.8,51.6,35,39
STU0208,Fall 2025,3.44,3.31,0,1,70.4,74.6,76.0,83.7,49,41
STU0209,Fall 2025,3.4,3.63,0,0,65.7,79.6,94.1,83.7,35,44
STU0210,Fall 2025,3.01,2.79,0,0,91.2,86.4,73.8,75.6,17,31
STU0211,Fall 2025,3.13,2.5,0,0,84.5,75.9,56.6,46.1,46,45
STU0212,Fall 2025,3.07,3.07,0,0,98.9,94.0,81.0,71.8,68,79
STU0213,Fall 2025,3.05,2.5,0,0,100.0,96.9,90.8,88.9,59,46
STU0214,Fall 2025,2.9,3.35,0,1,76.2,84.4,49.2,50.3,26,29
STU0215,Fall 2025,3.77,3.59,0,0,79.8,79.0,84.9,81.1,10,18
STU0216,Fall 2025,3.46,,0,0,62.2,64.7,89.1,100.0,78,68
STU0217,Fall 2025,3.04,3.11,1,0,85.0,80.2,99.1,90.1,63,69
STU0218,Fall 2025,3.39,2.39,0,0,67.5,61.3,76.9,77.7,53,44
STU0219,Fall 2025,2.92,2.66,0,0,72.2,74.5,61.9,47.2,57,52
STU0220,Fall 2025,2.89,3.04,0,0,74.2,70.7,66.8,63.8,82,69
STU0221,Fall 2025,2.62,2.58,0,0,96.4,100.0,77.5,72.3,39,37
STU0222,Fall 2025,2.74,,1,0,77.1,79.8,62.6,67.2,40,37
STU0223,Fall 2025,2.67,2.37,0,0,60.0,57.3,95.4,90.0,48,62
STU0224,Fall 2025,2.65,2.81,0,0,80.4,78.3,75.8,69.7,50,47
STU0225,Fall 2025,3.61,3.58,0,0,67.9,64.9,75.3,85.5,40,47
STU0226,Fall 2025,3.49,3.38,0,0,77.5,77.4,97.3,82.5,22,8
STU0227,Fall 2025,3.45,3.6,2,0,91.1,100.0,59.4,76.5,18,39
STU0228,Fall 2025,2.55,2.58,0,0,85.6,89.9,57.2,71.2,23,20
STU0229,Fall 2025,2.07,2.6,0,2,66.9,72.1,59.5,83.9,26,45
STU0230,Fall 2025,3.92,3.63,0,0,70.3,69.0,88.0,95.8,54,56
STU0231,Fall 2025,3.1,2.13,1,0,94.7,89.1,82.8,95.4,31,20
STU0232,Fall 2025,3.39,3.1,0,0,85.0,87.8,91.5,88.6,35,27
STU0233,Fall 2025,3.15,2.86,2,0,95.1,93.0,90.7,90.8,47,50
STU0234,Fall 2025,1.87,2.33,0,0,60.5,68.8,71.6,73.9,13,8
STU0235,Fall 2025,2.85,2.6,0,0,60.0,55.4,91.6,77.6,53,42
STU0236,Fall 2025,2.74,2.91,0,0,74.7,78.7,88.9,100.0,45,58
STU0237,Fall 2025,2.56,2.8,0,0,82.7,96.2,76.7,63.3,67,57
STU0238,Fall 2025,2.91,2.91,0,0,84.4,84.5,95.6,86.9,45,46
STU0239,Fall 2025,2.72,2.51,1,1,67.3,68.1,85.9,77.9,41,28
STU0240,Fall 2025,2.08,2.27,0,0,87.4,84.9,71.9,84.2,52,60
STU0241,Fall 2025,2.6,3.22,3,0,83.5,91.0,71.8,86.3,28,45
STU0242,Fall 2025,3.77,4.0,2,0,91.3,100.0,37.5,56.9,45,64
STU0243,Fall 2025,2.88,3.11,1,0,64.8,,41.2,67.5,0,15
STU0244,Fall 2025,4.0,4.0,1,0,86.5,87.1,82.5,80.8,54,54
STU0245,Fall 2025,3.12,2.83,0,0,79.5,81.5,55.2,62.2,10,16
STU0246,Fall 2025,1.97,2.36,3,0,72.1,86.3,71.7,96.5,35,50
STU0247,Fall 2025,3.05,2.5,0,0,100.0,99.0,63.1,67.6,34,40
STU0248,Fall 2025,2.99,3.37,2,1,60.9,74.5,62.5,69.0,38,53
STU0249,Fall 2025,3.01,3.51,1,2,48.5,63.6,29.9,55.9,27,44
STU0250,Fall 2025,1.97,3.27,2,2,71.2,100.0,54.8,80.3,33,49
STU0251,Fall 2025,2.14,2.33,0,0,59.2,68.9,89.0,96.5,52,65
STU0252,Fall 2025,2.21,2.44,1,0,59.8,69.4,94.8,82.9,56,63
STU0253,Fall 2025,2.18,2.56,0,2,55.3,68.2,66.3,76.2,35,51
STU0254,Fall 2025,3.86,3.66,0,0,98.1,100.0,55.2,56.1,48,63
STU0255,Fall 2025,3.01,2.5,0,0,94.0,82.8,99.8,94.6,89,81
STU0256,Fall 2025,2.56,2.51,0,0,86.6,88.5,73.7,73.6,41,52
STU0257,Fall 2025,2.32,3.39,0,2,42.5,71.5,58.2,80.3,50,66
STU0258,Fall 2025,3.01,2.96,1,0,60.7,63.0,65.5,66.3,48,40
STU0259,Fall 2025,4.0,4.0,0,0,70.4,69.4,76.8,63.8,47,39
STU0260,Fall 2025,3.4,3.17,0,0,78.7,76.5,100.0,97.5,47,46
STU0261,Fall 2025,4.0,4.0,0,0,73.5,75.7,62.6,74.7,25,36
STU0262,Fall 2025,3.39,3.6,1,1,64.0,70.0,72.7,83.7,27,46
STU0263,Fall 2025,3.19,3.36,1,0,81.3,76.9,77.8,67.3,57,47
STU0264,Fall 2025,2.73,2.66,0,0,68.8,64.5,75.9,87.7,62,52
STU0265,Fall 2025,2.73,3.88,2,2,29.4,65.9,37.8,47.0,55,65
STU0266,Fall 2025,3.43,3.55,0,0,68.0,66.2,68.8,71.0,63,61
STU0267,Fall 2025,3.12,2.17,0,0,96.2,89.1,90.2,90.5,15,23
STU0268,Fall 2025,3.19,3.3,0,0,77.1,75.5,49.9,48.3,23,35
STU0269,Fall 2025,3.77,3.52,1,0,98.0,94.0,85.3,79.4,43,31
STU0270,Fall 2025,1.82,1.94,0,1,87.2,89.6,67.0,67.9,14,23
STU0271,Fall 2025,3.73,3.48,0,0,93.8,96.3,60.0,72.2,100,97
STU0272,Fall 2025,3.56,3.59,0,0,84.0,87.5,95.4,91.8,35,38
STU0273,Fall 2025,3.4,4.0,2,0,74.0,91.2,66.0,75.4,39,52
STU0274,Fall 2025,1.68,2.25,0,0,55.3,78.3,70.3,78.7,35,46
STU0275,Fall 2025,3.18,2.98,1,0,90.6,86.0,54.8,57.4,39,26
STU0276,Fall 2025,2.41,2.58,0,0,100.0,100.0,77.7,67.9,38,46
STU0277,Fall 2025,1.85,2.05,0,0,86.7,90.7,62.2,53.4,72,59
STU0278,Fall 2025,2.92,,0,0,55.6,68.2,68.6,82.9,20,24
STU0279,Fall 2025,3.0,2.74,1,0,67.7,68.6,43.4,52.6,23,30
STU0280,Fall 2025,1.84,2.3,0,0,74.4,80.2,52.5,52.0,28,37
STU0281,Fall 2025,1.34,1.76,0,1,76.8,86.1,73.7,87.0,8,33
STU0282,Fall 2025,3.41,3.32,0,0,60.0,52.4,74.5,68.1,79,68
STU0283,Fall 2025,2.86,2.95,0,0,91.1,88.6,100.0,100.0,68,67
STU0284,Fall 2025,2.45,2.12,0,0,94.1,74.4,77.9,81.6,30,42
STU0285,Fall 2025,4.0,4.0,2,2,80.8,78.0,98.2,86.5,51,50
STU0286,Fall 2025,3.85,3.62,0,0,60.0,52.7,75.7,77.9,46,33
STU0287,Fall 2025,3.3,3.09,0,0,93.1,92.8,32.0,36.9,72,68
STU0288,Fall 2025,3.38,3.31,0,0,67.2,70.0,74.7,63.2,15,28
STU0289,Fall 2025,3.08,3.53,0,0,55.5,63.9,100.0,90.6,63,78
STU0290,Fall 2025,2.66,2.61,2,0,81.2,76.9,65.0,55.5,54,60
STU0291,Fall 2025,4.0,3.85,0,0,86.8,88.3,78.7,66.5,58,45
STU0292,Fall 2025,1.81,2.19,2,0,58.7,72.4,74.5,78.5,25,39
STU0293,Fall 2025,2.6,2.48,0,0,82.6,80.2,76.0,85.6,50,37
STU0294,Fall 2025,2.28,2.77,0,0,50.0,53.9,95.9,94.4,31,46
STU0295,Fall 2025,3.06,3.21,0,0,70.4,75.0,72.0,66.7,26,25
STU0296,Fall 2025,2.61,2.07,2,0,93.4,78.7,86.8,96.5,54,53
STU0297,Fall 2025,2.72,2.91,0,0,93.8,90.6,72.8,79.5,42,34
STU0298,Fall 2025,3.22,2.96,0,0,86.3,84.6,97.1,100.0,84,74
STU0299,Fall 2025,2.32,1.98,0,0,100.0,88.0,91.8,85.7,57,66
STU0300,Fall 2025,3.3,3.04,0,0,71.9,66.9,61.9,71.9,10,23
STU0301,Fall 2025,2.37,1.66,0,0,85.0,74.2,75.7,63.5,71,57
STU0302,Fall 2025,2.43,2.47,0,0,83.1,82.7,100.0,100.0,10,14
STU0303,Fall 2025,2.65,2.3,2,1,87.4,73.2,79.0,81.7,24,20
STU0304,Fall 2025,2.51,2.36,0,0,75.1,72.4,48.8,55.9,32,46
STU0305,Fall 2025,2.88,3.03,0,0,78.1,79.9,62.3,75.8,87,91
STU0306,Fall 2025,3.54,3.57,0,0,51.1,85.8,76.1,100.0,0,4
STU0307,Fall 2025,1.7,1.32,1,0,90.2,71.2,90.7,77.0,58,45
STU0308,Fall 2025,2.77,3.07,0,0,64.5,73.0,85.9,95.3,33,48
STU0309,Fall 2025,2.75,2.01,0,0,100.0,97.8,72.0,81.3,71,59
STU0310,Fall 2025,3.28,2.99,0,0,98.1,95.3,71.2,59.2,34,36
STU0311,Fall 2025,3.75,3.62,2,1,79.3,74.9,75.0,82.9,74,69
STU0312,Fall 2025,2.34,1.6,0,0,88.0,77.9,64.7,74.6,56,54
STU0313,Fall 2025,1.68,1.83,0,0,72.0,73.5,49.8,63.7,21,31
STU0314,Fall 2025,3.12,3.73,3,0,69.2,93.4,59.3,85.9,37,46
STU0315,Fall 2025,2.69,2.86,0,0,60.7,69.2,58.5,62.2,48,50
STU0316,Fall 2025,2.44,1.72,0,0,100.0,87.0,84.2,87.8,53,43
STU0317,Fall 2025,3.26,3.11,0,0,94.9,98.2,93.8,94.8,23,38
STU0318,Fall 2025,3.13,3.26,0,0,75.3,76.0,89.8,82.8,44,39
STU0319,Fall 2025,3.01,2.88,0,0,82.8,79.5,85.6,86.8,65,60
STU0320,Fall 2025,2.1,1.9,0,0,84.1,79.2,95.2,85.5,33,32
STU0321,Fall 2025,2.02,2.16,0,0,92.8,99.1,65.9,60.6,50,59
STU0322,Fall 2025,3.19,2.95,0,0,82.0,80.5,61.7,54.6,49,64
STU0323,Fall 2025,3.05,2.85,0,0,96.5,99.7,90.3,80.9,80,67
STU0324,Fall 2025,2.65,3.11,0,0,62.7,74.7,86.1,81.5,10,0
STU0325,Fall 2025,2.95,2.94,3,2,55.8,90.4,64.0,79.3,41,52
STU0326,Fall 2025,3.76,4.0,0,0,85.5,100.0,60.5,56.4,73,65
STU0327,Fall 2025,3.41,,0,0,81.8,84.0,80.2,73.3,75,82
STU0328,Fall 2025,2.96,3.06,0,0,79.7,75.7,77.3,84.0,54,57
STU0329,Fall 2025,2.87,2.5,0,0,70.0,59.4,62.1,76.8,41,34
STU0330,Fall 2025,3.67,3.84,0,0,81.6,79.5,78.7,77.4,11,11
STU0331,Fall 2025,2.3,2.47,2,0,93.9,95.9,61.6,60.8,30,32
STU0332,Fall 2025,2.94,3.05,1,0,60.0,52.8,67.7,81.7,54,40
STU0333,Fall 2025,3.14,2.86,1,0,77.7,78.3,68.7,63.8,33,28
STU0334,Fall 2025,3.63,3.81,1,0,78.0,76.5,64.3,62.6,66,61
STU0335,Fall 2025,2.29,2.39,2,1,74.8,74.7,61.7,73.0,65,52
STU0336,Fall 2025,3.46,3.73,0,0,88.1,94.4,89.6,75.5,50,36
STU0337,Fall 2025,1.36,3.3,3,1,27.7,64.7,67.6,81.3,48,56
STU0338,Fall 2025,3.24,3.24,0,0,89.0,88.2,89.6,82.4,72,78
STU0339,Fall 2025,3.96,3.83,0,0,100.0,100.0,55.0,67.0,28,14
STU0340,Fall 2025,3.31,3.47,2,0,74.4,79.7,100.0,92.4,30,21
STU0341,Fall 2025,2.05,1.97,0,0,89.3,93.1,100.0,100.0,24,34
STU0342,Fall 2025,3.07,2.9,1,2,68.7,63.8,100.0,85.2,59,58
STU0343,Fall 2025,2.38,2.79,1,0,53.8,65.6,70.9,67.6,36,50
STU0344,Fall 2025,2.91,2.5,0,0,85.7,77.4,83.9,78.7,78,90
STU0345,Fall 2025,2.43,2.29,0,0,81.4,76.7,46.9,57.6,31,20
STU0346,Fall 2025,4.0,4.0,0,0,97.2,100.0,56.8,66.4,59,74
STU0347,Fall 2025,2.22,1.52,0,0,90.9,85.1,91.4,79.8,39,40
STU0348,Fall 2025,3.21,3.18,0,2,60.0,,93.7,82.9,27,29
STU0349,Fall 2025,2.08,2.09,0,0,72.7,70.2,87.2,100.0,82,72
STU0350,Fall 2025,3.24,2.99,0,0,70.4,72.3,85.7,91.4,50,59
STU0351,Fall 2025,2.9,2.99,1,0,80.8,78.6,97.4,93.4,32,45
STU0352,Fall 2025,1.84,2.23,2,0,64.7,72.7,46.7,68.1,19,40
STU0353,Fall 2025,2.59,2.36,0,0,83.4,87.1,75.4,80.6,19,17
STU0354,Fall 2025,2.36,1.54,0,0,90.9,71.8,60.7,71.5,40,44
STU0355,Fall 2025,2.97,2.72,0,0,79.4,81.9,57.9,65.7,67,75
STU0356,Fall 2025,3.33,2.5,1,1,100.0,89.9,72.8,65.1,10,24
STU0357,Fall 2025,2.49,2.83,0,0,53.6,67.1,70.3,85.0,48,62
STU0358,Fall 2025,2.74,2.49,0,0,77.7,78.0,85.5,87.8,76,66
STU0359,Fall 2025,1.9,3.12,2,1,68.4,80.2,56.9,75.3,68,76
STU0360,Fall 2025,2.9,3.04,0,1,94.2,,100.0,100.0,49,58
STU0361,Fall 2025,2.56,2.97,0,0,77.2,,78.6,81.3,43,40
STU0362,Fall 2025,2.19,1.59,0,0,65.3,60.1,100.0,98.4,31,45
STU0363,Fall 2025,2.54,2.29,0,0,97.6,100.0,75.1,81.7,10,13
STU0364,Fall 2025,2.91,3.09,0,0,90.6,95.4,85.9,87.7,21,29
STU0365,Fall 2025,2.9,3.27,3,0,76.9,85.1,76.4,83.8,26,42
STU0366,Fall 2025,2.54,2.71,0,0,78.8,,100.0,100.0,75,85
STU0367,Fall 2025,1.83,3.04,0,1,86.9,100.0,66.7,80.3,2,22
STU0368,Fall 2025,3.19,3.28,0,2,48.0,81.0,65.7,76.0,27,46
STU0369,Fall 2025,2.37,2.78,0,0,84.5,92.0,69.4,55.9,56,61
STU0370,Fall 2025,2.21,2.35,0,0,77.7,75.5,72.1,84.9,72,60
STU0371,Fall 2025,2.73,3.06,0,0,50.0,54.7,87.9,96.3,37,33
STU0372,Fall 2025,3.84,3.73,0,0,67.7,72.3,96.6,88.7,56,69
STU0373,Fall 2025,2.85,2.19,0,0,100.0,96.7,85.6,94.6,61,68
STU0374,Fall 2025,2.18,2.48,0,0,74.9,82.6,74.3,71.4,22,31
STU0375,Fall 2025,2.53,2.44,0,0,84.2,83.4,94.8,81.3,21,23
STU0376,Fall 2025,3.64,3.76,0,0,85.8,86.1,63.0,59.8,34,35
STU0377,Fall 2025,3.84,4.0,0,0,69.9,75.0,61.4,63.0,77,80
STU0378,Fall 2025,2.15,2.08,0,0,96.2,99.2,80.4,94.8,22,21
STU0379,Fall 2025,3.31,3.53,0,0,77.4,84.2,73.5,75.1,76,84
STU0380,Fall 2025,1.92,1.81,2,0,85.0,85.6,96.9,93.1,10,20
STU0381,Fall 2025,2.13,2.31,0,0,95.2,92.1,65.5,63.9,20,26
STU0382,Fall 2025,3.09,3.11,0,0,100.0,100.0,71.2,81.5,38,43
STU0383,Fall 2025,3.28,3.27,0,0,89.1,93.0,70.6,57.5,19,33
STU0384,Fall 2025,1.66,,0,1,56.2,66.4,59.6,76.0,53,63
STU0385,Fall 2025,1.45,1.0,0,0,90.8,81.1,58.7,71.9,25,20
STU0386,Fall 2025,3.33,3.2,0,0,97.9,,84.3,95.1,10,0
STU0387,Fall 2025,1.95,2.29,0,0,64.5,78.1,73.4,87.9,43,55
STU0388,Fall 2025,2.83,3.0,0,0,64.2,72.7,57.1,48.9,24,39
STU0389,Fall 2025,3.45,3.5,0,0,65.0,61.3,71.0,75.6,40,39
STU0390,Fall 2025,3.0,2.23,0,0,100.0,100.0,76.8,77.7,41,30
STU0391,Fall 2025,2.44,3.46,3,2,76.5,88.1,65.7,94.7,56,67
STU0392,Fall 2025,2.6,1.98,0,0,91.6,78.8,78.0,76.9,11,11
STU0393,Fall 2025,3.37,3.17,0,0,74.5,70.7,98.4,87.8,44,46
STU0394,Fall 2025,1.78,1.94,1,0,96.9,97.6,86.7,76.8,48,49
STU0395,Fall 2025,2.84,2.94,0,0,79.1,82.0,39.5,48.9,19,20
STU0396,Fall 2025,2.24,2.83,3,2,79.0,85.4,63.6,90.1,45,66
STU0397,Fall 2025,3.19,3.74,0,2,83.8,90.5,80.1,89.6,67,82
STU0398,Fall 2025,3.13,,0,0,75.1,75.7,77.9,69.6,35,29
STU0399,Fall 2025,2.44,,0,0,92.5,96.1,89.0,100.0,10,9
STU0400,Fall 2025,2.13,2.26,0,0,87.5,83.0,100.0,85.6,10,5
STU0401,Fall 2025,2.69,2.72,0,0,72.1,76.1,58.9,61.0,56,42
STU0402,Fall 2025,2.54,,3,0,53.8,89.4,68.0,94.9,30,50
STU0403,Fall 2025,2.94,2.99,0,0,87.0,91.7,91.7,78.7,53,51
STU0404,Fall 2025,3.15,3.19,0,0,81.3,86.2,93.1,83.1,42,55
STU0405,Fall 2025,2.57,1.94,1,0,96.9,91.5,65.0,78.7,34,31
STU0406,Fall 2025,3.29,3.83,1,2,65.3,85.0,37.4,57.9,30,55
STU0407,Fall 2025,3.22,3.03,0,2,91.6,89.5,54.0,67.8,51,50
STU0408,Fall 2025,3.76,3.8,0,0,70.6,71.4,89.4,100.0,39,30
STU0409,Fall 2025,1.5,3.47,0,1,72.5,93.7,72.5,86.8,37,46
STU0410,Fall 2025,2.49,2.23,0,0,70.7,75.3,83.4,75.4,56,51
STU0411,Fall 2025,2.86,3.19,2,1,91.2,100.0,66.7,80.3,45,40
STU0412,Fall 2025,2.09,2.36,0,1,65.3,75.2,62.2,82.7,19,31
STU0413,Fall 2025,2.54,2.65,0,1,77.7,83.8,73.2,85.3,42,61
STU0414,Fall 2025,3.31,3.49,0,0,71.3,77.9,95.9,83.6,54,41
STU0415,Fall 2025,2.73,2.64,0,0,70.0,70.3,61.8,55.8,10,0
STU0416,Fall 2025,2.49,2.37,0,0,95.2,96.9,100.0,87.6,71,67
STU0417,Fall 2025,2.48,2.14,0,2,90.2,76.7,100.0,91.9,98,84
STU0418,Fall 2025,2.04,2.01,0,0,100.0,100.0,70.8,63.0,50,47
STU0419,Fall 2025,3.98,3.79,0,0,72.4,68.5,76.6,70.6,10,12
STU0420,Fall 2025,2.65,2.8,0,0,79.4,78.0,89.8,75.1,51,40
STU0421,Fall 2025,3.04,3.18,0,0,94.5,,85.8,95.2,58,70
STU0422,Fall 2025,3.27,3.23,0,1,60.0,49.5,80.5,88.9,91,96
STU0423,Fall 2025,3.44,3.48,0,0,60.0,61.6,75.4,65.4,39,53
STU0424,Fall 2025,3.26,3.34,0,0,73.1,69.4,45.7,51.3,51,59
STU0425,Fall 2025,2.55,2.55,0,0,63.1,65.1,90.6,77.1,69,81
STU0426,Fall 2025,3.3,3.01,0,0,74.5,76.8,35.5,35.8,26,29
STU0427,Fall 2025,3.42,3.18,0,0,74.6,79.1,87.7,86.1,28,20
STU0428,Fall 2025,1.75,3.43,1,2,45.8,79.4,57.5,86.4,0,8
STU0429,Fall 2025,2.8,2.94,0,0,90.8,86.5,74.6,84.4,18,16
STU0430,Fall 2025,3.66,3.46,0,0,100.0,98.2,64.4,60.3,24,16
STU0431,Fall 2025,2.37,,0,0,72.9,81.6,85.1,81.8,28,35
STU0432,Fall 2025,3.45,3.78,0,0,76.5,83.0,57.7,63.4,35,26
STU0433,Fall 2025,2.88,3.08,2,0,66.5,80.1,76.9,64.3,81,69
STU0434,Fall 2025,2.11,2.23,0,0,60.0,62.7,100.0,100.0,73,66
STU0435,Fall 2025,2.68,2.99,0,0,69.1,79.7,85.5,79.1,10,5
STU0436,Fall 2025,3.45,2.5,0,0,99.9,80.5,100.0,87.2,57,54
STU0437,Fall 2025,3.3,3.35,0,0,79.8,80.2,85.3,78.9,61,64
STU0438,Fall 2025,3.66,3.47,0,0,80.1,79.5,60.2,68.3,19,33
STU0439,Fall 2025,3.95,3.78,1,0,65.3,68.1,89.9,90.0,49,40
STU0440,Fall 2025,2.48,2.7,0,0,74.4,88.8,42.5,44.0,10,0
STU0441,Fall 2025,3.31,3.07,0,0,100.0,100.0,84.3,79.9,41,49
STU0442,Fall 2025,2.21,2.81,2,1,71.2,90.2,70.8,84.7,0,17
STU0443,Fall 2025,2.29,2.3,0,1,87.2,89.1,83.5,93.9,33,40
STU0444,Fall 2025,2.73,2.49,0,0,92.5,95.5,62.9,53.2,45,48
STU0445,Fall 2025,1.68,1.98,0,0,88.8,94.6,83.5,72.5,34,41
STU0446,Fall 2025,2.21,2.54,3,0,70.5,83.4,72.8,92.5,20,44
STU0447,Fall 2025,1.86,2.34,1,2,65.0,75.6,56.2,75.0,38,46
STU0448,Fall 2025,3.39,3.26,0,0,77.7,79.4,94.6,94.4,36,31
STU0449,Fall 2025,2.88,2.81,1,0,83.4,82.6,78.1,65.8,26,30
STU0450,Fall 2025,1.88,2.37,0,0,86.2,98.5,78.0,66.5,42,30
STU0451,Fall 2025,1.98,1.97,1,0,65.2,61.5,71.9,76.9,22,34
STU0452,Fall 2025,3.01,3.14,1,0,62.8,62.8,98.4,87.5,47,42
STU0453,Fall 2025,2.82,3.18,0,0,73.9,87.4,60.9,65.1,59,70
STU0454,Fall 2025,3.28,3.6,2,2,77.2,100.0,77.1,96.1,31,48
STU0455,Fall 2025,2.95,3.13,0,0,51.1,65.4,59.9,61.6,45,38
STU0456,Fall 2025,2.96,3.17,1,0,77.6,83.3,72.0,86.0,78,72
STU0457,Fall 2025,3.03,3.17,0,0,78.5,88.9,55.4,61.0,28,35
STU0458,Fall 2025,3.15,2.89,1,1,88.6,91.3,83.1,95.5,49,63
STU0459,Fall 2025,3.78,3.65,0,0,71.5,68.8,70.2,71.6,51,48
STU0460,Fall 2025,2.4,2.56,0,0,83.3,88.5,65.5,77.2,30,35
STU0461,Fall 2025,3.36,3.38,0,0,91.0,91.0,63.5,76.1,88,83
STU0462,Fall 2025,2.22,2.51,0,0,60.9,75.1,72.1,80.8,65,64
STU0463,Fall 2025,4.0,4.0,1,0,93.9,97.5,81.3,68.2,53,40
STU0464,Fall 2025,2.18,2.32,0,0,77.7,78.0,71.2,69.5,55,57
STU0465,Fall 2025,2.23,3.4,1,2,57.1,79.3,68.0,75.8,46,60
STU0466,Fall 2025,2.51,2.58,0,0,96.9,92.0,70.1,57.8,52,67
STU0467,Fall 2025,3.24,2.94,0,0,93.6,91.5,77.3,69.4,45,32
STU0468,Fall 2025,3.72,4.0,0,1,70.6,82.2,39.8,55.8,6,22
STU0469,Fall 2025,3.23,3.48,1,0,72.7,81.2,76.9,62.0,30,31
STU0470,Fall 2025,3.53,3.82,3,2,77.4,92.8,54.5,66.5,71,81
STU0471,Fall 2025,4.0,4.0,0,0,90.3,87.4,81.1,69.3,51,50
STU0472,Fall 2025,1.37,2.17,2,2,72.9,81.4,55.5,74.2,25,33
STU0473,Fall 2025,2.62,2.73,0,1,75.2,77.6,97.7,87.6,37,33
STU0474,Fall 2025,2.89,,3,1,71.8,87.8,62.7,77.5,20,45
STU0475,Fall 2025,3.02,2.82,0,0,84.2,79.6,87.6,91.8,21,32
STU0476,Fall 2025,3.24,4.0,3,0,77.1,93.4,46.1,54.3,31,46
STU0477,Fall 2025,3.0,3.09,0,0,95.8,100.0,54.9,69.8,30,27
STU0478,Fall 2025,2.94,2.66,0,0,83.2,78.9,53.4,43.0,91,79
STU0479,Fall 2025,2.33,3.68,2,2,57.4,92.4,71.6,94.0,32,51
STU0480,Fall 2025,3.42,3.13,0,0,83.6,83.8,78.3,86.5,15,19
STU0481,Fall 2025,3.32,3.4,0,0,86.5,83.9,85.8,83.2,46,38
STU0482,Fall 2025,3.14,2.85,0,0,86.1,86.2,86.7,100.0,73,60
STU0483,Fall 2025,1.45,1.25,0,0,98.9,83.1,75.9,65.9,39,43
STU0484,Fall 2025,3.04,2.36,1,0,100.0,100.0,72.3,75.4,34,40
STU0485,Fall 2025,2.95,,0,0,90.8,95.3,89.6,85.0,31,21
STU0486,Fall 2025,2.7,3.13,0,1,57.1,80.0,51.3,60.1,36,58
STU0487,Fall 2025,1.54,1.25,0,0,99.7,87.2,78.9,70.1,20,16
STU0488,Fall 2025,2.79,2.96,0,0,79.3,78.7,68.1,82.5,10,1
STU0489,Fall 2025,2.88,3.29,3,1,63.2,70.0,53.5,74.0,59,68
STU0490,Fall 2025,2.68,2.64,3,0,60.0,91.6,30.6,55.6,40,46
STU0491,Fall 2025,2.59,2.36,0,0,100.0,100.0,87.5,73.7,92,79
STU0492,Fall 2025,2.81,3.0,0,0,77.8,84.7,51.7,59.9,62,50
STU0493,Fall 2025,3.21,3.46,0,0,68.2,79.3,100.0,88.1,68,60
STU0494,Fall 2025,3.22,3.22,0,0,100.0,100.0,79.8,80.1,29,42
STU0495,Fall 2025,2.83,,0,0,68.5,69.9,97.9,90.4,49,46
STU0496,Fall 2025,3.39,3.55,0,0,64.9,64.0,100.0,92.2,36,41
STU0497,Fall 2025,4.0,3.86,0,2,85.8,85.5,91.7,98.0,26,17
STU0498,Fall 2025,3.28,3.35,0,0,97.4,92.6,78.8,68.2,71,59
STU0499,Fall 2025,2.25,3.74,1,2,44.7,74.6,66.1,80.4,0,21
STU0500,Fall 2025,1.44,3.33,1,1,21.0,58.6,49.0,76.7,51,67
STU0501,Fall 2025,2.6,2.64,0,0,86.1,89.6,63.3,64.7,40,29
STU0502,Fall 2025,2.91,2.72,0,0,79.3,76.8,73.8,60.5,89,93
STU0503,Fall 2025,2.62,2.8,0,0,76.2,74.6,74.4,71.1,24,18
STU0504,Fall 2025,2.55,2.58,0,0,81.9,,88.0,85.2,67,58
STU0505,Fall 2025,3.58,3.41,0,0,92.2,94.5,81.9,86.3,93,82
STU0506,Fall 2025,1.7,1.01,0,0,79.6,61.4,95.4,83.8,41,53
STU0507,Fall 2025,2.88,,1,2,48.4,77.6,61.2,76.9,4,27
STU0508,Fall 2025,3.0,3.09,0,0,90.6,87.9,77.3,85.1,43,37
STU0509,Fall 2025,2.22,2.8,1,2,42.9,64.2,45.6,64.2,38,44
STU0510,Fall 2025,3.24,2.31,1,0,100.0,83.8,63.7,69.6,26,24
STU0511,Fall 2025,3.59,3.44,0,0,90.3,90.0,69.9,82.4,34,41
STU0512,Fall 2025,3.52,3.52,0,0,95.0,99.7,40.7,49.4,41,44
STU0513,Fall 2025,3.59,3.74,0,2,79.6,100.0,91.3,98.0,5,29
STU0514,Fall 2025,4.0,4.0,2,0,41.6,80.0,43.7,58.1,18,34
STU0515,Fall 2025,3.67,3.52,0,0,76.2,72.0,70.5,65.5,10,7
STU0516,Fall 2025,3.22,,0,0,78.8,75.5,75.0,70.0,56,63
STU0517,Fall 2025,2.7,2.81,0,0,76.0,74.7,70.7,67.3,47,46
STU0518,Fall 2025,2.71,2.89,0,0,83.8,78.8,75.9,87.9,54,49
STU0519,Fall 2025,1.72,2.49,2,0,79.0,100.0,49.7,66.1,12,21
STU0520,Fall 2025,2.61,2.75,0,0,75.9,76.0,84.4,91.1,40,38
STU0521,Fall 2025,3.27,2.5,0,0,97.6,78.6,67.0,80.1,23,33
STU0522,Fall 2025,2.45,2.37,0,0,83.8,86.2,85.8,98.6,46,40
STU0523,Fall 2025,2.0,2.76,2,0,62.2,85.1,53.9,73.3,38,62
STU0524,Fall 2025,3.11,3.09,1,0,80.0,83.3,74.7,69.9,52,63
STU0525,Fall 2025,3.29,3.45,0,0,96.1,91.3,73.7,71.1,28,36
STU0526,Fall 2025,3.05,2.98,0,0,77.3,77.7,100.0,90.6,31,41
STU0527,Fall 2025,3.11,2.96,0,0,60.0,58.1,78.8,78.5,69,56
STU0528,Fall 2025,2.81,2.57,0,0,80.7,85.2,81.5,94.3,24,30
STU0529,Fall 2025,2.35,2.08,1,0,76.8,74.2,77.8,69.1,25,37
STU0530,Fall 2025,1.75,3.68,0,0,71.0,88.1,38.5,54.1,49,55
STU0531,Fall 2025,2.97,3.0,0,0,85.8,81.9,46.9,61.2,12,15
STU0532,Fall 2025,2.17,2.68,1,1,65.7,73.5,63.9,75.4,49,65
STU0533,Fall 2025,2.74,2.94,1,0,78.8,100.0,49.0,73.0,14,29
STU0534,Fall 2025,3.83,3.85,0,0,85.7,85.2,53.5,53.9,51,55
STU0535,Fall 2025,2.54,1.82,0,0,100.0,83.3,88.2,76.4,72,68
STU0536,Fall 2025,2.4,3.97,2,0,46.5,84.6,94.8,100.0,0,14
STU0537,Fall 2025,3.05,3.24,0,0,75.2,84.9,57.6,70.7,44,44
STU0538,Fall 2025,2.79,2.5,0,0,74.3,62.7,91.7,82.4,45,45
STU0539,Fall 2025,2.67,2.94,1,0,76.1,88.6,74.1,72.6,11,15
STU0540,Fall 2025,3.14,2.88,0,0,67.9,71.4,76.3,74.3,44,37
STU0541,Fall 2025,2.76,3.56,0,1,84.4,98.1,82.2,87.8,41,54
STU0542,Fall 2025,3.17,3.37,0,0,70.1,81.2,80.1,85.4,76,85
STU0543,Fall 2025,3.82,3.56,1,2,76.8,78.1,79.2,90.5,74,85
STU0544,Fall 2025,3.73,3.46,0,0,76.2,73.0,82.4,71.4,83,82
STU0545,Fall 2025,2.99,2.91,0,0,60.0,61.1,72.6,70.5,36,46
STU0546,Fall 2025,2.11,2.28,0,1,88.6,87.1,84.9,85.9,62,63
STU0547,Fall 2025,3.71,3.64,0,0,74.4,72.2,52.5,61.3,48,59
STU0548,Fall 2025,2.28,2.41,0,0,80.7,81.5,98.5,84.6,48,51
STU0549,Fall 2025,2.41,2.58,0,0,82.8,83.5,68.1,59.7,30,29
STU0550,Fall 2025,1.91,1.28,1,0,97.1,87.6,87.6,94.5,27,36
STU0551,Fall 2025,3.64,3.44,0,0,91.0,87.2,81.2,75.6,11,18
STU0552,Fall 2025,2.52,2.72,1,2,82.2,94.2,61.3,80.9,27,50
STU0553,Fall 2025,3.01,3.09,0,0,68.8,69.8,86.8,84.0,22,21
STU0554,Fall 2025,2.53,2.42,0,1,85.9,85.1,77.9,87.6,42,45
STU0555,Fall 2025,2.21,2.89,3,1,51.8,62.7,70.4,79.5,33,53
STU0556,Fall 2025,3.9,3.67,0,0,87.9,89.8,80.5,77.5,43,47
STU0557,Fall 2025,3.96,3.84,0,0,71.8,69.9,99.7,94.9,31,28
STU0558,Fall 2025,2.66,2.58,0,0,87.6,83.2,72.7,79.5,54,47
STU0559,Fall 2025,3.08,2.37,0,0,100.0,94.0,100.0,89.7,57,49
STU0560,Fall 2025,3.86,4.0,0,0,81.4,88.9,94.6,89.7,35,30
STU0561,Fall 2025,3.39,,0,0,95.4,77.7,68.5,74.1,32,32
STU0562,Fall 2025,3.29,3.0,1,0,73.7,75.0,78.0,69.5,53,55
STU0563,Fall 2025,3.71,3.46,0,0,85.9,83.3,77.4,81.3,17,27
STU0564,Fall 2025,3.11,2.5,1,0,90.2,71.8,75.7,77.7,45,51
STU0565,Fall 2025,2.45,,1,0,78.8,76.3,87.3,73.9,51,55
STU0566,Fall 2025,2.9,1.96,0,0,77.5,68.9,53.1,55.2,27,39
STU0567,Fall 2025,4.0,4.0,0,0,85.0,84.1,43.4,54.3,61,51
STU0568,Fall 2025,3.0,2.37,0,0,89.3,78.9,44.7,51.7,19,17
STU0569,Fall 2025,1.99,2.76,2,1,71.4,91.7,39.6,54.8,27,47
STU0570,Fall 2025,1.79,1.6,0,1,60.0,50.5,76.4,77.7,70,68
STU0571,Fall 2025,3.13,3.08,0,0,89.9,86.1,75.5,80.7,18,30
STU0572,Fall 2025,2.43,2.38,0,0,78.7,76.5,52.7,63.0,48,36
STU0573,Fall 2025,3.25,3.7,0,0,76.4,87.2,99.5,98.7,23,14
STU0574,Fall 2025,2.05,2.34,0,0,68.9,83.1,71.4,75.8,56,50
STU0575,Fall 2025,3.54,3.69,0,0,81.6,99.0,38.5,67.3,33,45
STU0576,Fall 2025,1.93,2.28,0,0,69.2,83.6,59.0,84.1,10,25
STU0577,Fall 2025,3.4,3.32,0,0,83.9,83.2,82.9,91.4,46,47
STU0578,Fall 2025,3.33,3.46,2,0,76.9,88.4,42.8,54.6,24,38
STU0579,Fall 2025,2.91,2.25,0,0,100.0,100.0,100.0,95.0,67,68
STU0580,Fall 2025,1.62,1.0,1,0,83.4,76.7,73.7,84.8,10,0
STU0581,Fall 2025,3.42,3.19,0,0,76.1,80.0,52.2,67.2,43,45
STU0582,Fall 2025,2.87,2.92,2,1,45.9,76.4,57.8,69.5,13,35
STU0583,Fall 2025,2.73,2.5,2,0,89.4,88.2,61.9,57.7,56,43
STU0584,Fall 2025,2.27,2.45,0,0,97.0,100.0,77.4,85.4,21,24
STU0585,Fall 2025,3.62,3.61,0,0,75.7,74.9,62.5,69.8,59,64
STU0586,Fall 2025,2.83,2.96,0,0,93.2,94.7,99.0,96.1,50,61
STU0587,Fall 2025,2.85,2.57,1,0,76.0,76.8,59.7,51.0,21,32
STU0588,Fall 2025,2.35,2.25,0,0,91.9,88.3,73.7,82.2,33,43
STU0589,Fall 2025,2.12,2.24,0,0,85.1,83.3,86.5,88.0,94,94
STU0590,Fall 2025,3.02,3.02,0,0,89.6,86.7,93.5,94.5,53,48
STU0591,Fall 2025,3.59,4.0,2,0,76.1,82.8,100.0,100.0,45,44
STU0592,Fall 2025,2.53,2.03,0,0,94.5,79.7,68.9,66.6,57,69
STU0593,Fall 2025,2.79,2.75,0,0,77.8,77.7,54.0,62.8,27,24
STU0594,Fall 2025,2.27,1.33,0,0,100.0,100.0,80.4,87.4,25,28
STU0595,Fall 2025,3.02,3.68,0,0,52.5,67.1,43.0,68.0,42,58
STU0596,Fall 2025,3.31,3.12,2,0,75.5,78.5,96.7,87.9,11,14
STU0597,Fall 2025,2.85,2.87,0,1,81.7,79.3,95.9,96.2,38,49
STU0598,Fall 2025,3.18,3.16,0,0,86.1,87.6,74.8,67.2,72,78
STU0599,Fall 2025,3.2,2.91,0,1,64.3,59.5,83.6,94.7,46,58
STU0600,Fall 2025,2.39,2.45,1,0,62.8,61.8,49.4,59.5,28,27
STU0601,Fall 2025,3.28,3.34,0,0,73.7,75.9,68.6,81.3,21,27
STU0602,Fall 2025,2.01,1.54,0,0,91.9,84.3,71.3,69.7,100,100
STU0603,Fall 2025,3.12,3.07,0,0,100.0,100.0,58.9,61.6,66,79
STU0604,Fall 2025,2.53,2.94,0,0,75.5,89.2,65.5,74.1,56,54
STU0605,Fall 2025,3.84,3.66,1,0,68.0,71.6,86.8,75.2,32,32
STU0606,Fall 2025,3.85,4.0,0,0,64.6,76.7,69.2,73.7,57,69
STU0607,Fall 2025,2.29,2.04,0,1,93.9,84.9,80.4,78.4,74,65
STU0608,Fall 2025,2.15,2.65,0,0,64.4,77.1,85.8,83.6,83,76
STU0609,Fall 2025,2.97,2.09,0,0,100.0,92.3,78.8,83.4,46,43
STU0610,Fall 2025,3.57,3.63,1,0,91.1,86.3,64.4,71.5,22,23
STU0611,Fall 2025,3.0,3.17,0,0,100.0,97.2,86.3,78.3,23,33
STU0612,Fall 2025,3.24,2.95,0,0,91.2,93.9,68.3,78.3,59,64
STU0613,Fall 2025,2.93,2.91,0,1,100.0,100.0,45.3,56.1,31,17
STU0614,Fall 2025,3.5,3.22,0,0,77.2,75.9,100.0,95.4,64,53
STU0615,Fall 2025,2.97,3.42,1,2,57.7,76.6,80.4,100.0,23,37
STU0616,Fall 2025,2.89,3.67,0,2,63.1,69.3,78.9,86.6,2,18
STU0617,Fall 2025,1.58,1.7,0,0,78.2,81.1,94.1,90.4,45,36
STU0618,Fall 2025,3.13,3.31,2,0,62.8,66.9,96.0,85.7,42,38
STU0619,Fall 2025,2.99,3.18,1,0,60.3,64.9,100.0,100.0,64,64
STU0620,Fall 2025,2.8,2.82,0,0,99.9,97.4,100.0,100.0,45,49
STU0621,Fall 2025,2.05,1.41,0,0,87.0,69.5,75.6,81.5,36,27
STU0622,Fall 2025,3.23,3.24,0,0,82.0,85.1,62.1,54.3,48,57
STU0623,Fall 2025,3.48,3.22,0,0,79.9,79.4,72.4,72.7,61,63
STU0624,Fall 2025,2.01,2.2,2,0,86.6,82.3,66.7,81.4,48,46
STU0625,Fall 2025,3.13,2.5,1,0,96.1,86.6,81.6,83.5,13,27
STU0626,Fall 2025,3.81,3.54,1,0,95.3,96.0,91.5,97.8,47,47
STU0627,Fall 2025,2.87,3.0,0,0,97.9,100.0,56.2,63.6,54,51
STU0628,Fall 2025,1.52,1.65,0,0,78.6,80.8,85.1,100.0,41,53
STU0629,Fall 2025,3.63,3.41,0,1,92.4,93.5,47.4,60.6,16,20
STU0630,Fall 2025,2.68,2.37,0,1,92.7,83.3,69.4,75.3,28,43
STU0631,Fall 2025,2.85,2.94,0,0,60.0,60.8,94.6,87.7,64,74
STU0632,Fall 2025,1.86,2.5,2,1,53.7,69.6,67.8,83.7,25,50
STU0633,Fall 2025,2.24,2.26,0,0,99.8,100.0,53.9,63.0,59,54
STU0634,Fall 2025,3.74,3.71,0,0,75.5,79.8,70.8,84.2,25,32
STU0635,Fall 2025,2.58,2.5,0,0,64.3,,81.2,67.5,36,40
STU0636,Fall 2025,3.35,3.18,0,0,67.0,69.6,61.0,75.9,36,25
STU0637,Fall 2025,2.88,2.8,1,0,67.3,71.5,79.5,66.0,56,53
STU0638,Fall 2025,2.65,2.76,0,0,82.6,86.4,89.6,82.9,34,33
STU0639,Fall 2025,3.31,3.16,0,0,77.0,77.1,82.4,70.8,65,74
STU0640,Fall 2025,2.74,2.63,0,0,81.9,83.1,45.9,46.4,38,28
STU0641,Fall 2025,3.68,3.38,0,0,92.1,95.2,89.1,86.5,43,33
STU0642,Fall 2025,2.96,3.11,0,0,77.0,79.4,60.8,68.0,63,64
STU0643,Fall 2025,3.54,3.51,0,0,82.9,85.9,79.7,78.0,54,62
STU0644,Fall 2025,2.23,1.55,0,0,87.5,,50.8,64.2,10,0
STU0645,Fall 2025,4.0,3.92,0,0,73.5,73.1,83.2,80.6,44,55
STU0646,Fall 2025,2.73,3.18,3,2,68.2,77.0,60.9,74.6,66,86
STU0647,Fall 2025,2.53,2.51,0,0,75.9,74.3,91.1,92.9,63,58
STU0648,Fall 2025,3.43,3.43,0,0,90.7,92.9,55.4,63.6,62,53
STU0649,Fall 2025,2.62,3.01,0,0,66.9,81.8,90.8,86.2,24,33
STU0650,Fall 2025,3.28,3.48,0,0,62.7,75.0,80.9,73.3,10,0
STU0651,Fall 2025,3.53,3.35,0,2,100.0,97.7,100.0,100.0,50,42
STU0652,Fall 2025,4.0,3.91,0,0,69.0,66.2,98.5,93.3,54,61
STU0653,Fall 2025,1.87,2.03,0,0,84.0,79.8,63.9,62.9,32,36
STU0654,Fall 2025,2.92,2.88,1,0,80.4,81.3,74.9,71.7,44,46
STU0655,Fall 2025,3.25,3.38,2,0,85.8,85.7,66.4,71.8,31,34
STU0656,Fall 2025,2.19,2.45,0,0,77.5,83.1,79.1,82.5,10,5
STU0657,Fall 2025,3.26,2.96,0,0,71.7,73.0,66.4,58.0,76,82
STU0658,Fall 2025,3.74,3.49,0,0,80.5,78.5,55.1,65.7,64,53
STU0659,Fall 2025,3.75,3.71,1,0,87.4,83.1,28.6,36.4,79,86
STU0660,Fall 2025,4.0,3.95,0,0,89.9,93.5,97.0,100.0,33,46
STU0661,Fall 2025,3.45,3.45,0,1,86.2,82.9,90.6,100.0,27,26
STU0662,Fall 2025,2.28,3.01,0,2,70.7,94.3,32.5,59.9,69,77
STU0663,Fall 2025,3.21,2.91,0,0,87.3,87.8,100.0,100.0,55,47
STU0664,Fall 2025,2.41,1.92,0,0,100.0,96.1,80.1,74.4,40,27
STU0665,Fall 2025,3.4,3.15,2,0,74.6,71.7,88.1,79.7,70,58
STU0666,Fall 2025,3.76,3.91,0,0,83.1,80.8,58.0,63.4,37,45
STU0667,Fall 2025,3.88,4.0,0,0,100.0,98.6,64.1,57.8,52,62
STU0668,Fall 2025,2.41,2.6,0,0,72.6,73.7,81.9,94.6,27,28
STU0669,Fall 2025,3.0,2.5,0,0,91.8,80.4,73.5,71.5,44,31
STU0670,Fall 2025,3.45,3.33,0,0,84.1,83.6,81.9,77.9,61,50
STU0671,Fall 2025,3.89,,0,0,74.8,75.0,57.7,48.0,10,3
STU0672,Fall 2025,2.5,2.46,3,1,60.0,97.6,77.4,83.9,0,14
STU0673,Fall 2025,2.63,2.99,0,0,86.1,92.4,84.8,84.6,44,44
STU0674,Fall 2025,2.46,2.62,0,0,87.4,86.2,93.4,100.0,81,81
STU0675,Fall 2025,2.43,1.51,0,0,80.9,70.5,71.7,84.8,63,60
STU0676,Fall 2025,1.75,2.39,1,0,79.2,92.6,53.7,83.0,18,38
STU0677,Fall 2025,3.11,3.14,0,1,85.6,,63.0,68.2,39,47
STU0678,Fall 2025,3.5,3.66,0,0,64.2,70.7,70.5,69.3,57,54
STU0679,Fall 2025,3.0,3.42,3,1,69.3,81.0,45.4,58.0,14,28
STU0680,Fall 2025,2.2,3.46,3,0,79.3,93.1,70.5,84.8,16,36
STU0681,Fall 2025,1.87,1.54,0,0,100.0,100.0,82.3,72.9,24,29
STU0682,Fall 2025,2.87,2.44,1,0,83.6,75.8,100.0,99.0,62,56
STU0683,Fall 2025,3.59,3.78,0,0,70.1,72.7,73.4,79.9,17,29
STU0684,Fall 2025,2.95,2.5,0,0,95.0,78.5,57.1,43.0,43,30
STU0685,Fall 2025,2.11,2.4,0,2,58.8,81.4,77.6,86.7,51,58
STU0686,Fall 2025,2.13,1.75,0,0,87.9,70.6,74.1,82.0,95,90
STU0687,Fall 2025,2.36,2.44,0,0,87.4,90.5,56.2,70.9,22,23
STU0688,Fall 2025,2.84,2.94,0,0,59.8,,83.5,88.3,77,63
STU0689,Fall 2025,1.86,2.2,0,0,56.3,65.9,72.9,85.2,72,58
STU0690,Fall 2025,2.59,2.07,0,0,61.0,55.3,79.9,66.2,48,35
STU0691,Fall 2025,1.81,1.86,0,0,67.2,64.2,84.1,84.7,47,43
STU0692,Fall 2025,2.11,1.97,0,0,89.9,85.4,52.1,48.3,47,58
STU0693,Fall 2025,3.69,3.43,0,0,77.8,82.6,93.5,94.3,45,33
STU0694,Fall 2025,2.82,2.91,1,0,67.2,68.5,100.0,100.0,52,59
STU0695,Fall 2025,2.83,2.5,0,0,88.9,83.1,85.0,88.1,30,20
STU0696,Fall 2025,2.41,2.37,0,0,89.1,84.4,95.9,84.6,59,55
STU0697,Fall 2025,1.88,1.87,0,0,95.8,98.2,73.9,66.0,11,11
STU0698,Fall 2025,3.47,3.19,0,0,85.1,87.6,69.9,84.6,39,41
STU0699,Fall 2025,3.11,3.28,0,0,88.3,86.9,44.2,57.3,13,6
STU0700,Fall 2025,2.08,2.2,0,0,86.2,84.0,89.2,98.6,46,39
STU0701,Fall 2025,3.46,3.28,0,0,93.5,91.3,100.0,100.0,60,51
STU0702,Fall 2025,4.0,4.0,2,0,80.0,79.2,62.8,72.4,61,57
STU0703,Fall 2025,2.29,2.52,0,1,84.4,90.0,78.4,79.1,59,66
STU0704,Fall 2025,2.73,2.03,2,0,100.0,86.1,92.6,100.0,48,39
STU0705,Fall 2025,3.72,4.0,1,0,89.0,94.6,100.0,91.4,61,56
STU0706,Fall 2025,3.43,4.0,1,0,63.2,86.0,56.7,72.3,42,56
STU0707,Fall 2025,3.77,3.52,1,0,100.0,100.0,98.8,85.7,68,57
STU0708,Fall 2025,2.32,2.35,1,0,85.7,86.0,99.7,94.3,45,33
STU0709,Fall 2025,2.58,2.91,0,0,59.1,65.4,64.6,69.0,28,27
STU0710,Fall 2025,2.69,2.83,0,0,67.3,69.2,79.1,81.5,31,42
STU0711,Fall 2025,2.99,2.73,2,0,84.6,82.3,78.1,68.7,48,37
STU0712,Fall 2025,2.57,2.86,0,0,50.5,62.7,97.3,97.4,53,56
STU0713,Fall 2025,2.38,2.43,0,0,100.0,98.0,61.4,67.3,37,51
STU0714,Fall 2025,2.59,2.86,0,0,88.5,95.2,50.6,56.0,66,69
STU0715,Fall 2025,3.27,2.44,0,0,100.0,94.7,65.8,67.6,82,68
STU0716,Fall 2025,3.05,3.62,3,2,57.2,68.8,47.6,74.6,45,53
STU0717,Fall 2025,2.35,2.6,0,0,59.3,71.0,59.9,68.2,46,54
STU0718,Fall 2025,2.0,,1,1,64.9,91.4,44.6,69.3,72,83
STU0719,Fall 2025,1.91,1.91,0,0,70.5,74.6,85.2,88.2,17,26
STU0720,Fall 2025,2.65,2.76,0,0,65.3,77.2,56.7,63.8,44,58
STU0721,Fall 2025,2.48,2.62,2,0,57.1,66.1,58.2,74.3,31,56
STU0722,Fall 2025,3.46,3.45,0,0,77.7,75.5,91.7,89.9,75,61
STU0723,Fall 2025,2.8,3.25,0,0,56.5,63.1,65.7,75.5,24,24
STU0724,Fall 2025,3.36,2.4,0,0,89.9,82.9,67.8,67.5,10,23
STU0725,Fall 2025,3.8,3.73,1,0,74.0,77.6,51.8,56.5,52,52
STU0726,Fall 2025,3.42,3.5,0,0,95.9,100.0,81.1,80.1,83,72
STU0727,Fall 2025,2.9,2.72,0,0,60.0,60.2,71.7,67.2,45,38
STU0728,Fall 2025,2.13,1.86,0,0,82.0,72.3,72.9,68.1,28,32
STU0729,Fall 2025,2.97,2.5,0,0,98.2,79.2,63.9,75.3,46,61
STU0730,Fall 2025,2.71,2.59,0,0,100.0,100.0,58.5,70.5,10,4
STU0731,Fall 2025,3.7,3.53,0,0,84.0,81.9,60.7,71.1,33,47
STU0732,Fall 2025,3.12,2.95,0,0,68.8,68.6,69.8,84.4,41,41
STU0733,Fall 2025,2.92,2.87,0,0,80.5,82.4,100.0,87.4,32,31
STU0734,Fall 2025,3.55,3.67,0,0,64.1,68.5,59.3,48.6,67,66
STU0735,Fall 2025,2.78,2.58,0,0,78.9,79.4,90.1,82.1,51,66
STU0736,Fall 2025,1.7,3.61,0,1,50.2,73.2,83.3,90.7,55,75
STU0737,Fall 2025,2.84,2.86,0,0,71.8,76.0,83.5,84.6,67,57
STU0738,Fall 2025,3.7,4.0,0,0,80.4,88.6,74.9,63.0,25,40
STU0739,Fall 2025,3.5,3.35,0,0,93.4,89.8,85.9,89.5,62,49
STU0740,Fall 2025,2.82,2.5,0,0,93.1,73.5,67.7,71.7,81,78
STU0741,Fall 2025,3.81,3.67,0,0,94.2,89.2,72.2,67.2,29,37
STU0742,Fall 2025,2.81,2.91,0,0,77.3,74.1,87.8,80.4,56,46
STU0743,Fall 2025,2.52,2.31,0,0,90.2,91.0,100.0,99.4,43,45
STU0744,Fall 2025,3.12,2.27,2,0,100.0,87.6,85.1,100.0,11,25
STU0745,Fall 2025,2.8,1.81,0,0,99.3,90.1,70.2,75.8,65,53
STU0746,Fall 2025,2.19,2.38,1,1,84.4,93.2,69.6,80.7,34,54
STU0747,Fall 2025,3.21,3.41,0,0,65.0,79.0,59.9,53.1,60,53
STU0748,Fall 2025,2.94,3.25,0,0,73.0,86.7,63.8,60.0,13,11
STU0749,Fall 2025,3.31,,2,1,71.8,82.7,78.2,99.2,55,62
STU0750,Fall 2025,2.86,2.56,0,0,62.8,64.8,77.2,70.1,42,41
STU0751,Fall 2025,3.49,3.4,0,0,76.0,74.0,63.9,67.3,35,36
STU0752,Fall 2025,3.58,3.88,3,2,50.9,61.0,83.4,100.0,33,53
STU0753,Fall 2025,3.08,3.04,0,0,89.6,89.7,84.3,94.5,33,23
STU0754,Fall 2025,2.49,2.53,0,0,76.9,78.8,78.7,71.3,69,62
STU0755,Fall 2025,2.22,1.37,0,0,99.8,82.1,66.7,75.5,38,32
STU0756,Fall 2025,2.71,2.64,0,0,100.0,100.0,62.3,61.5,29,43
STU0757,Fall 2025,2.33,2.78,0,0,83.2,91.3,55.4,50.6,47,54
STU0758,Fall 2025,2.91,2.66,2,0,75.6,77.8,100.0,100.0,61,53
STU0759,Fall 2025,3.29,3.39,1,1,77.2,93.3,53.9,64.8,33,53
STU0760,Fall 2025,2.63,2.22,0,0,100.0,92.4,71.7,84.6,14,4
STU0761,Fall 2025,3.43,3.25,0,0,79.9,80.5,80.4,72.0,32,25
STU0762,Fall 2025,2.98,2.73,0,1,78.3,77.1,64.0,65.6,67,61
STU0763,Fall 2025,2.51,2.06,0,0,88.3,74.9,87.8,75.5,73,75
STU0764,Fall 2025,3.39,3.13,0,0,84.4,83.5,92.9,85.7,61,76
STU0765,Fall 2025,2.61,3.08,1,0,69.2,75.1,71.6,61.7,55,57
STU0766,Fall 2025,3.4,3.37,0,0,80.8,77.6,91.4,83.2,35,43
STU0767,Fall 2025,2.88,2.99,0,0,69.1,71.6,72.6,79.4,27,23
STU0768,Fall 2025,2.7,2.95,3,1,79.4,85.2,57.4,74.7,55,72
STU0769,Fall 2025,3.32,3.47,1,0,76.2,71.6,71.1,77.8,31,33
STU0770,Fall 2025,2.72,2.78,0,0,100.0,100.0,92.2,90.9,73,61
STU0771,Fall 2025,2.88,2.18,0,0,100.0,84.0,98.5,92.9,76,62
STU0772,Fall 2025,1.47,1.7,0,0,61.7,71.0,63.1,69.9,56,54
STU0773,Fall 2025,2.57,2.55,0,0,84.3,89.1,84.2,88.8,36,31
STU0774,Fall 2025,3.45,2.5,0,0,73.6,67.2,86.5,92.3,33,35
STU0775,Fall 2025,2.54,2.5,0,0,93.0,94.5,59.2,59.4,76,64
STU0776,Fall 2025,4.0,4.0,0,0,98.0,97.4,89.3,74.3,50,46
STU0777,Fall 2025,3.75,3.91,0,0,97.1,95.3,56.7,70.3,41,49
STU0778,Fall 2025,2.7,3.0,0,1,64.1,76.2,69.5,77.9,25,18
STU0779,Fall 2025,4.0,4.0,0,0,80.7,81.3,85.0,70.5,18,32
STU0780,Fall 2025,2.9,3.17,0,0,74.7,87.9,74.7,78.0,33,23
STU0781,Fall 2025,3.43,3.52,0,0,69.1,68.7,85.5,86.0,21,21
STU0782,Fall 2025,2.85,2.42,0,0,75.6,70.6,100.0,98.6,60,51
STU0783,Fall 2025,3.55,3.74,0,0,100.0,97.7,65.5,64.7,51,41
STU0784,Fall 2025,2.43,2.59,0,0,60.5,64.7,78.9,71.1,67,69
STU0785,Fall 2025,3.44,3.49,0,0,88.4,93.4,59.6,67.7,38,41
STU0786,Fall 2025,2.87,3.12,1,2,75.4,92.7,66.9,75.1,49,55
STU0787,Fall 2025,3.61,3.46,0,0,83.8,83.2,72.2,59.5,10,21
STU0788,Fall 2025,3.03,3.03,0,1,65.1,66.0,55.6,61.0,34,45
STU0789,Fall 2025,2.18,1.94,0,0,98.1,90.3,68.3,81.3,49,59
STU0790,Fall 2025,3.01,3.56,2,1,55.8,79.6,51.7,59.4,29,36
STU0791,Fall 2025,1.4,1.76,0,0,93.9,100.0,90.4,78.6,64,56
STU0792,Fall 2025,2.84,2.71,1,0,78.4,77.4,71.0,82.8,56,52
STU0793,Fall 2025,1.96,2.14,0,0,66.5,61.6,97.4,93.6,10,9
STU0794,Fall 2025,2.87,2.8,0,1,67.2,63.8,48.1,58.5,10,9
STU0795,Fall 2025,2.61,2.83,0,0,78.7,86.1,99.9,95.7,39,43
STU0796,Fall 2025,3.26,3.45,2,2,55.7,64.5,77.3,89.5,41,64
STU0797,Fall 2025,3.01,3.69,0,1,61.4,70.1,75.3,95.6,43,50
STU0798,Fall 2025,3.86,4.0,1,0,73.3,75.9,90.8,81.1,21,17
STU0799,Fall 2025,2.1,1.54,0,0,100.0,89.9,90.9,92.6,57,62
STU0800,Fall 2025,2.5,2.16,2,2,28.1,61.8,83.0,99.3,41,57
STU0801,Fall 2025,3.32,3.45,0,0,92.9,88.3,89.7,90.8,85,84
STU0802,Fall 2025,3.37,,1,0,83.3,87.1,73.8,67.9,43,45
STU0803,Fall 2025,2.07,,0,0,66.1,67.4,86.8,76.3,70,63
STU0804,Fall 2025,3.76,,1,0,74.0,88.7,99.2,88.1,48,52
STU0805,Fall 2025,2.68,2.07,0,0,100.0,90.0,70.5,75.7,48,45
STU0806,Fall 2025,3.05,3.23,0,0,88.7,87.2,72.8,67.2,65,64
STU0807,Fall 2025,2.64,2.9,2,0,71.0,79.8,49.8,79.2,9,20
STU0808,Fall 2025,2.34,2.67,0,0,67.8,78.6,68.7,95.8,6,15
STU0809,Fall 2025,2.62,1.83,2,0,100.0,89.6,100.0,97.1,63,54
STU0810,Fall 2025,3.08,2.44,0,0,90.8,81.1,81.9,92.0,46,35
STU0811,Fall 2025,2.03,3.04,3,1,24.6,64.2,52.1,81.6,0,22
STU0812,Fall 2025,2.78,2.94,0,1,90.9,87.3,68.9,66.1,58,46
STU0813,Fall 2025,3.33,2.5,0,0,91.8,83.9,74.2,69.7,88,98
STU0814,Fall 2025,2.39,3.71,0,0,83.7,96.4,65.9,72.3,31,54
STU0815,Fall 2025,1.74,2.38,3,0,86.1,97.3,78.8,84.8,22,42
STU0816,Fall 2025,3.52,3.58,1,0,96.7,94.4,100.0,100.0,33,48
STU0817,Fall 2025,2.83,3.25,0,0,50.0,46.8,61.6,58.3,15,1
STU0818,Fall 2025,2.68,2.59,0,0,98.7,96.6,100.0,99.2,21,28
STU0819,Fall 2025,1.7,1.71,1,0,83.6,83.2,66.2,68.6,39,46
STU0820,Fall 2025,3.36,3.31,0,0,84.2,84.7,79.0,93.8,45,47
STU0821,Fall 2025,2.44,2.63,0,0,61.1,59.0,100.0,100.0,40,40
STU0822,Fall 2025,2.47,2.58,0,0,70.8,73.1,85.7,89.2,45,42
STU0823,Fall 2025,2.26,2.08,0,0,88.8,86.6,75.9,72.6,50,40
STU0824,Fall 2025,1.9,2.05,0,0,54.4,62.8,59.8,65.2,27,40
STU0825,Fall 2025,3.73,3.43,0,0,74.4,77.1,59.0,65.6,51,37
STU0826,Fall 2025,2.83,4.0,1,0,39.1,62.1,63.6,84.4,26,39
STU0827,Fall 2025,2.39,2.44,0,0,60.0,56.1,64.5,71.9,15,24
STU0828,Fall 2025,3.59,,0,0,69.5,67.6,75.7,84.6,28,42
STU0829,Fall 2025,3.21,3.37,0,0,87.8,91.2,86.8,89.0,59,71
STU0830,Fall 2025,3.7,3.54,0,0,72.0,75.7,82.9,75.8,47,37
STU0831,Fall 2025,2.27,2.7,0,0,90.2,100.0,60.0,67.2,66,77
STU0832,Fall 2025,2.07,2.13,1,0,87.3,89.9,52.8,64.7,51,65
STU0833,Fall 2025,2.47,2.31,0,0,78.1,79.9,68.9,73.9,45,38
STU0834,Fall 2025,3.33,3.45,1,0,96.6,99.5,99.0,100.0,67,59
STU0835,Fall 2025,2.63,2.69,0,0,62.7,62.0,92.0,78.6,13,20
STU0836,Fall 2025,3.15,2.95,0,0,78.1,80.2,90.1,89.8,36,33
STU0837,Fall 2025,2.45,3.91,1,1,60.7,83.5,75.8,89.8,48,61
STU0838,Fall 2025,2.05,2.31,0,0,55.9,69.0,92.2,94.3,12,6
STU0839,Fall 2025,2.18,2.19,0,0,75.9,73.1,94.6,94.9,47,36
STU0840,Fall 2025,2.36,2.39,0,0,69.2,74.2,51.0,64.6,46,52
STU0841,Fall 2025,3.05,3.16,2,1,70.2,78.7,85.1,75.4,87,84
STU0842,Fall 2025,3.0,2.91,0,0,86.5,88.4,64.4,59.4,63,62
STU0843,Fall 2025,3.69,3.7,0,0,85.9,86.3,100.0,100.0,81,74
STU0844,Fall 2025,3.61,4.0,2,1,59.7,81.9,86.8,100.0,12,37
STU0845,Fall 2025,3.94,3.85,0,0,77.9,79.9,64.1,66.4,54,55
STU0846,Fall 2025,1.58,1.31,0,0,82.2,68.4,81.4,78.8,27,28
STU0847,Fall 2025,2.29,2.31,0,0,72.5,73.1,36.1,51.0,69,70
STU0848,Fall 2025,1.61,2.3,2,1,69.0,78.8,67.4,87.1,50,69
STU0849,Fall 2025,2.73,2.83,0,0,71.1,70.5,100.0,100.0,28,17
STU0850,Fall 2025,3.37,3.2,0,0,76.3,78.4,77.3,73.6,84,94
STU0851,Fall 2025,3.6,3.38,0,0,82.9,82.6,85.9,100.0,65,51
STU0852,Fall 2025,1.87,2.07,0,0,54.5,63.1,76.1,72.1,14,29
STU0853,Fall 2025,3.29,3.22,1,1,67.6,70.3,100.0,100.0,61,55
STU0854,Fall 2025,2.68,3.11,2,1,52.2,72.9,43.7,54.3,59,69
STU0855,Fall 2025,3.13,3.31,0,0,85.3,89.4,67.8,76.7,59,70
STU0856,Fall 2025,2.83,2.58,0,0,100.0,99.9,100.0,100.0,55,49
STU0857,Fall 2025,2.33,2.44,0,1,76.1,79.0,80.8,95.6,74,68
STU0858,Fall 2025,2.7,2.9,1,0,62.0,75.2,76.9,82.6,38,45
STU0859,Fall 2025,2.08,2.25,0,0,71.7,78.0,79.9,79.8,47,54
STU0860,Fall 2025,3.16,3.27,0,0,85.5,87.3,82.7,68.2,10,12
STU0861,Fall 2025,2.25,2.37,1,0,77.7,76.5,70.8,74.1,10,0
STU0862,Fall 2025,3.06,3.23,1,1,79.4,93.3,69.9,81.3,62,69
STU0863,Fall 2025,3.07,2.78,0,0,72.3,73.9,74.0,82.7,85,97
STU0864,Fall 2025,1.77,1.46,0,0,100.0,90.9,75.9,66.9,43,41
STU0865,Fall 2025,2.55,2.69,1,0,89.0,84.8,74.6,78.8,48,54
STU0866,Fall 2025,2.9,2.83,0,0,70.0,67.5,69.7,75.8,46,39
STU0867,Fall 2025,2.45,2.2,0,0,94.4,89.3,87.2,97.4,36,22
STU0868,Fall 2025,2.22,1.51,0,0,91.1,76.6,93.6,85.9,36,45
STU0869,Fall 2025,2.35,3.11,2,2,65.0,83.7,36.1,65.0,9,32
STU0870,Fall 2025,2.69,3.0,3,1,53.6,69.9,80.7,88.8,0,21
STU0871,Fall 2025,3.06,3.23,0,1,82.6,79.0,84.9,90.5,55,65
STU0872,Fall 2025,1.55,1.92,0,1,90.6,100.0,72.2,70.0,43,36
STU0873,Fall 2025,1.98,1.97,0,0,71.3,74.7,60.7,61.6,86,81
STU0874,Fall 2025,2.87,2.82,0,0,65.3,67.9,80.6,71.7,59,72
STU0875,Fall 2025,2.39,1.69,1,0,86.5,72.9,97.6,100.0,46,44
STU0876,Fall 2025,3.51,3.94,1,0,57.2,68.7,61.7,62.9,38,26
STU0877,Fall 2025,3.03,3.19,2,0,87.6,89.0,100.0,100.0,23,10
STU0878,Fall 2025,3.68,3.54,0,0,65.6,67.4,70.7,84.2,45,36
STU0879,Fall 2025,3.32,3.12,0,0,77.2,80.5,74.6,74.8,60,55
STU0880,Fall 2025,2.52,2.63,0,0,93.9,94.3,81.2,77.7,49,57
STU0881,Fall 2025,2.25,2.23,2,0,86.9,83.8,82.5,83.8,43,33
STU0882,Fall 2025,3.38,3.74,0,0,56.3,70.4,87.6,73.5,24,25
STU0883,Fall 2025,2.65,2.66,0,1,93.8,90.7,64.5,63.5,65,77
STU0884,Fall 2025,3.52,3.74,0,0,67.4,80.2,74.0,68.9,23,21
STU0885,Fall 2025,3.17,2.98,0,0,98.9,94.1,63.2,71.0,81,71
STU0886,Fall 2025,2.47,2.01,0,0,88.2,70.8,100.0,100.0,43,50
STU0887,Fall 2025,2.44,2.37,1,0,67.4,70.0,94.9,85.6,67,71
STU0888,Fall 2025,2.97,2.69,1,0,94.7,94.0,100.0,100.0,33,23
STU0889,Fall 2025,3.14,3.14,0,0,74.1,70.9,73.0,70.2,16,2
STU0890,Fall 2025,2.4,2.49,0,0,64.5,67.3,93.0,82.1,52,41
STU0891,Fall 2025,3.06,3.29,1,0,82.6,89.2,85.5,79.2,73,72
STU0892,Fall 2025,2.11,2.71,3,1,79.3,,62.7,73.1,31,47
STU0893,Fall 2025,3.27,3.02,0,0,60.0,57.0,56.5,63.1,34,38
STU0894,Fall 2025,3.98,4.0,1,0,80.3,82.4,52.3,57.4,40,42
STU0895,Fall 2025,2.69,2.79,0,0,100.0,100.0,84.3,71.6,58,69
STU0896,Fall 2025,2.21,2.28,0,0,90.2,86.4,69.0,80.6,33,30
STU0897,Fall 2025,2.41,1.94,0,0,88.0,81.1,66.8,71.4,56,51
STU0898,Fall 2025,2.72,3.14,3,1,64.7,75.0,19.2,47.9,68,81
STU0899,Fall 2025,3.28,3.39,1,0,57.8,66.2,72.7,87.0,40,47
STU0900,Fall 2025,3.64,3.47,0,0,68.6,70.1,88.8,75.5,74,68
STU0901,Fall 2025,2.99,2.83,0,0,84.8,83.7,89.9,89.8,34,31
STU0902,Fall 2025,4.0,4.0,0,0,71.7,71.4,53.2,52.7,38,52
STU0903,Fall 2025,3.86,3.76,0,0,77.8,79.9,100.0,90.0,58,69
STU0904,Fall 2025,2.78,2.93,1,1,67.4,71.0,63.6,63.3,34,22
STU0905,Fall 2025,3.47,3.4,0,0,96.9,98.0,93.4,95.1,73,73
STU0906,Fall 2025,3.51,3.88,1,0,70.6,77.9,59.9,69.9,37,44
STU0907,Fall 2025,3.82,3.59,1,0,82.2,86.4,100.0,97.4,18,19
STU0908,Fall 2025,3.14,3.27,2,0,90.8,96.5,69.3,66.4,37,31
STU0909,Fall 2025,3.26,3.43,0,0,82.7,82.9,70.8,73.0,40,34
STU0910,Fall 2025,1.61,1.97,1,1,63.0,74.1,63.6,66.3,49,55
STU0911,Fall 2025,3.03,2.18,1,0,66.5,59.6,91.9,77.6,49,35
STU0912,Fall 2025,3.42,3.29,0,0,60.0,63.9,52.6,57.6,22,37
STU0913,Fall 2025,3.29,3.04,0,0,82.2,78.0,90.1,88.3,57,58
STU0914,Fall 2025,3.71,3.85,0,0,72.8,76.4,86.4,100.0,28,27
STU0915,Fall 2025,4.0,4.0,1,0,87.5,90.9,45.2,59.8,18,16
STU0916,Fall 2025,2.04,1.66,0,0,100.0,95.1,100.0,100.0,39,44
STU0917,Fall 2025,2.15,2.31,2,1,96.8,100.0,94.2,97.1,43,44
STU0918,Fall 2025,3.48,3.68,1,1,55.0,,69.6,90.8,63,76
STU0919,Fall 2025,2.79,2.5,1,0,84.3,85.0,88.6,89.4,25,26
STU0920,Fall 2025,2.71,2.85,1,0,70.2,71.3,100.0,100.0,57,62
STU0921,Fall 2025,2.97,3.28,1,0,62.4,67.6,35.6,57.9,35,53
STU0922,Fall 2025,2.8,2.76,0,0,64.6,67.2,60.1,70.0,69,62
STU0923,Fall 2025,2.85,3.36,1,0,89.3,100.0,41.1,67.3,22,31
STU0924,Fall 2025,2.82,2.88,1,0,79.2,79.0,63.6,63.3,28,34
STU0925,Fall 2025,1.65,1.52,0,0,91.6,,79.6,75.8,37,26
STU0926,Fall 2025,3.58,3.9,0,0,77.0,84.5,81.1,83.0,75,75
STU0927,Fall 2025,2.97,2.5,1,0,98.7,79.3,55.7,64.4,28,42
STU0928,Fall 2025,3.35,3.39,0,0,82.4,82.0,26.6,28.0,42,56
STU0929,Fall 2025,3.2,3.16,0,0,98.1,94.1,65.4,63.6,26,33
STU0930,Fall 2025,3.2,3.16,1,0,70.3,67.8,47.0,51.1,62,70
STU0931,Fall 2025,3.45,,0,0,100.0,86.3,51.3,64.6,40,50
STU0932,Fall 2025,2.64,2.77,0,0,69.3,82.1,64.8,61.3,25,31
STU0933,Fall 2025,2.68,3.41,0,0,74.8,79.8,74.9,87.0,46,62
STU0934,Fall 2025,4.0,3.97,0,0,80.1,85.1,84.6,88.6,61,72
STU0935,Fall 2025,3.23,2.94,1,0,76.1,78.3,52.4,49.7,100,92
STU0936,Fall 2025,2.02,1.35,2,1,82.4,76.8,69.3,58.0,13,20
STU0937,Fall 2025,2.93,3.11,0,0,68.6,63.9,79.5,67.0,24,28
STU0938,Fall 2025,2.44,3.21,0,2,82.1,90.6,64.6,71.8,0,10
STU0939,Fall 2025,3.12,3.02,0,1,90.2,95.1,84.2,89.4,95,83
STU0940,Fall 2025,2.75,2.51,1,0,64.1,68.7,100.0,97.8,47,57
STU0941,Fall 2025,2.49,1.89,0,0,100.0,93.5,55.3,65.9,29,28
STU0942,Fall 2025,2.42,2.81,0,0,66.8,72.0,99.9,100.0,54,51
STU0943,Fall 2025,2.59,2.63,0,0,68.5,64.3,94.3,82.7,44,47
STU0944,Fall 2025,2.72,2.5,0,0,98.8,92.2,52.5,56.7,70,81
STU0945,Fall 2025,2.16,1.73,0,0,100.0,90.6,100.0,86.0,73,65
STU0946,Fall 2025,2.92,,0,0,80.3,80.2,96.2,83.4,57,62
STU0947,Fall 2025,2.73,2.75,0,1,79.0,83.0,100.0,100.0,45,52
STU0948,Fall 2025,2.19,2.87,1,1,61.6,77.6,61.0,82.7,33,48
STU0949,Fall 2025,2.66,3.08,3,1,67.8,81.4,46.1,70.4,36,51
STU0950,Fall 2025,2.97,2.2,0,0,100.0,94.7,52.9,53.5,39,40
STU0951,Fall 2025,3.05,3.12,0,0,88.4,86.6,100.0,93.5,44,36
STU0952,Fall 2025,2.77,2.54,0,0,80.9,85.9,92.1,77.9,44,49
STU0953,Fall 2025,4.0,3.88,2,0,97.0,99.7,74.0,81.1,52,65
STU0954,Fall 2025,3.15,3.25,1,1,58.3,81.0,83.9,92.4,5,24
STU0955,Fall 2025,2.19,2.54,0,1,77.4,85.0,100.0,96.2,44,55
STU0956,Fall 2025,2.42,2.57,0,0,86.3,83.5,69.2,61.5,52,49
STU0957,Fall 2025,3.46,3.18,0,0,60.0,51.0,78.3,76.5,65,63
STU0958,Fall 2025,2.58,2.47,0,0,86.7,90.3,45.3,59.2,59,51
STU0959,Fall 2025,2.87,2.99,0,0,72.4,73.6,81.5,67.5,10,14
STU0960,Fall 2025,3.98,3.73,0,0,78.0,81.2,83.2,97.0,25,36
STU0961,Fall 2025,4.0,4.0,1,0,72.5,77.1,64.0,77.9,28,31
STU0962,Fall 2025,2.85,2.76,0,0,63.5,64.6,46.6,57.3,52,53
STU0963,Fall 2025,2.88,2.61,1,0,86.9,88.9,82.7,71.7,25,25
STU0964,Fall 2025,2.75,3.1,0,0,90.6,100.0,85.1,70.7,68,58
STU0965,Fall 2025,3.26,3.44,0,0,85.8,84.2,67.9,75.7,30,42
STU0966,Fall 2025,4.0,3.89,2,0,74.7,76.1,48.2,52.3,39,48
STU0967,Fall 2025,2.26,2.11,0,0,100.0,100.0,78.6,89.3,22,33
STU0968,Fall 2025,2.89,2.5,0,0,89.1,81.6,94.2,84.5,59,51
STU0969,Fall 2025,1.47,1.7,0,2,57.8,68.6,70.4,67.6,18,18
STU0970,Fall 2025,2.62,2.91,0,0,77.1,88.4,71.9,67.6,35,35
STU0971,Fall 2025,3.07,3.22,1,0,68.8,70.3,67.7,81.1,65,66
STU0972,Fall 2025,3.77,3.63,1,2,60.0,91.9,41.3,68.3,64,70
STU0973,Fall 2025,3.26,3.3,0,0,72.8,70.3,77.3,70.9,56,63
STU0974,Fall 2025,2.13,1.94,0,0,90.6,86.4,69.5,69.9,56,47
STU0975,Fall 2025,3.09,2.8,1,0,74.3,73.5,86.5,87.6,60,56
STU0976,Fall 2025,2.89,3.0,0,0,73.0,83.5,74.6,84.8,26,33
STU0977,Fall 2025,2.19,2.56,1,0,68.9,74.5,80.5,94.3,33,32
STU0978,Fall 2025,1.67,1.78,0,0,89.7,91.9,56.6,65.4,84,70
STU0979,Fall 2025,3.83,4.0,0,0,51.8,57.7,70.2,81.0,44,51
STU0980,Fall 2025,3.33,3.45,0,0,91.1,87.5,62.7,74.4,95,87
STU0981,Fall 2025,2.52,2.68,0,1,69.5,70.2,81.0,92.7,53,40
STU0982,Fall 2025,2.53,3.02,2,0,75.0,82.5,89.2,75.8,37,32
STU0983,Fall 2025,2.04,1.24,0,0,93.3,77.4,62.9,66.6,42,53
STU0984,Fall 2025,2.63,2.76,0,0,80.3,75.8,57.7,66.9,52,42
STU0985,Fall 2025,3.32,3.65,1,0,73.6,85.7,79.5,82.0,77,65
STU0986,Fall 2025,3.46,3.54,0,0,83.0,84.1,69.6,68.5,10,19
STU0987,Fall 2025,2.72,2.46,1,0,96.5,98.6,90.2,78.6,13,14
STU0988,Fall 2025,3.36,3.19,0,2,82.5,78.5,100.0,88.3,23,28
STU0989,Fall 2025,1.8,2.24,0,0,78.1,85.5,100.0,100.0,71,58
STU0990,Fall 2025,2.77,2.53,0,0,90.8,95.6,61.9,64.5,53,60
STU0991,Fall 2025,2.8,2.6,0,0,84.7,86.1,37.2,29.4,24,34
STU0992,Fall 2025,3.22,3.1,0,0,88.7,88.2,75.6,84.3,37,33
STU0993,Fall 2025,2.7,2.04,0,0,100.0,94.8,100.0,100.0,32,41
STU0994,Fall 2025,1.85,1.66,0,1,83.7,86.0,80.2,84.0,47,38
STU0995,Fall 2025,3.59,3.46,0,0,67.3,70.5,76.6,88.8,45,50
STU0996,Fall 2025,2.67,2.93,0,2,85.5,94.8,69.8,62.6,50,42
STU0997,Fall 2025,1.77,2.44,1,1,77.6,94.9,68.6,76.0,35,58
STU0998,Fall 2025,2.77,2.62,0,1,92.0,90.0,67.9,72.1,10,0
STU0999,Fall 2025,1.87,2.87,2,2,43.0,74.3,87.2,99.6,41,51
STU1000,Fall 2025,2.97,3.02,0,0,69.5,73.4,94.7,84.8,37,32
STU1001,Fall 2025,3.34,3.22,0,0,100.0,97.2,90.4,100.0,15,12
STU1002,Fall 2025,3.47,3.36,0,0,85.9,,61.9,63.6,12,13
STU1003,Fall 2025,2.87,3.53,0,1,71.5,78.6,38.0,61.7,44,57
STU1004,Fall 2025,3.39,3.24,0,0,81.8,77.6,93.0,100.0,43,51
STU1005,Fall 2025,3.7,3.76,0,0,83.7,83.6,80.0,89.9,19,15
STU1006,Fall 2025,2.71,2.5,0,0,100.0,94.4,50.2,54.2,23,35
STU1007,Fall 2025,2.78,2.62,0,1,85.8,86.8,72.3,86.3,36,43
STU1008,Fall 2025,2.26,2.1,2,0,80.4,80.8,85.3,79.9,52,49
STU1009,Fall 2025,2.43,1.97,0,0,88.2,73.9,75.4,89.0,45,53
STU1010,Fall 2025,4.0,4.0,0,0,81.9,78.3,70.1,72.8,28,43
STU1011,Fall 2025,2.99,2.87,0,0,60.0,59.6,69.3,78.3,59,47
STU1012,Fall 2025,2.97,3.56,0,1,74.3,83.2,49.1,78.6,66,84
STU1013,Fall 2025,1.57,,3,0,66.5,87.7,62.7,74.0,30,46
STU1014,Fall 2025,1.82,2.13,0,0,63.3,77.0,56.2,62.5,70,61
STU1015,Fall 2025,2.56,2.63,0,0,60.0,54.0,100.0,91.9,86,79
STU1016,Fall 2025,3.41,3.79,3,1,55.9,71.2,74.9,98.0,0,12
STU1017,Fall 2025,2.8,2.67,0,0,82.3,79.8,54.9,62.5,15,21
STU1018,Fall 2025,1.9,1.08,0,0,82.5,64.7,35.9,38.3,42,37
STU1019,Fall 2025,2.2,2.81,3,1,48.2,63.5,83.5,91.3,35,54
STU1020,Fall 2025,3.03,3.17,0,0,91.2,91.5,68.9,78.4,52,50
STU1021,Fall 2025,2.69,1.72,1,0,88.4,81.1,65.1,64.2,51,49
STU1022,Fall 2025,2.71,2.88,1,0,54.0,68.5,84.4,97.6,79,65
STU1023,Fall 2025,2.13,2.83,1,0,69.9,83.8,57.1,79.5,8,27
STU1024,Fall 2025,2.78,3.19,1,0,50.3,63.2,73.7,79.9,43,59
STU1025,Fall 2025,2.32,,0,2,87.2,96.4,66.3,75.5,34,47
STU1026,Fall 2025,3.6,3.5,0,0,80.4,81.4,56.2,60.8,22,31
STU1027,Fall 2025,1.91,3.32,1,1,49.4,79.5,53.0,72.9,14,25
STU1028,Fall 2025,3.18,2.9,1,0,68.1,68.8,92.5,84.6,36,48
STU1029,Fall 2025,2.29,2.27,0,0,73.6,70.2,96.1,83.3,20,21
STU1030,Fall 2025,4.0,4.0,0,0,100.0,100.0,87.5,79.4,10,6
STU1031,Fall 2025,3.2,2.95,1,0,82.6,86.8,68.5,60.0,28,18
STU1032,Fall 2025,1.32,1.5,0,0,88.1,88.8,82.7,78.0,55,50
STU1033,Fall 2025,3.03,2.5,0,0,100.0,100.0,61.2,59.8,49,53
STU1034,Fall 2025,3.24,3.72,0,0,73.3,81.0,100.0,100.0,17,21
STU1035,Fall 2025,3.24,3.2,0,0,73.8,76.5,78.1,70.3,60,68
STU1036,Fall 2025,3.05,2.8,0,1,99.7,100.0,96.0,100.0,10,22
STU1037,Fall 2025,3.78,4.0,0,0,67.1,77.9,94.6,81.4,37,31
STU1038,Fall 2025,3.25,3.28,0,0,80.1,83.5,72.1,77.2,47,38
STU1039,Fall 2025,2.24,2.66,0,0,56.1,63.4,83.9,82.2,48,52
STU1040,Fall 2025,3.65,3.5,0,1,78.0,76.9,96.0,81.5,51,61
STU1041,Fall 2025,3.18,2.99,0,0,92.0,92.4,72.8,81.7,24,39
STU1042,Fall 2025,3.11,2.84,1,0,62.6,66.2,48.1,52.6,30,36
STU1043,Fall 2025,3.67,3.58,0,0,96.0,94.0,50.2,62.8,41,40
STU1044,Fall 2025,3.36,3.42,2,0,80.5,85.0,86.4,92.9,10,0
STU1045,Fall 2025,1.94,3.75,1,1,60.1,,64.2,74.2,0,9
STU1046,Fall 2025,3.71,4.0,0,0,69.0,77.4,83.2,76.0,52,41
STU1047,Fall 2025,3.02,3.11,0,0,89.0,91.4,68.1,76.1,27,23
STU1048,Fall 2025,3.43,3.49,0,0,65.3,64.5,91.7,91.1,33,34
STU1049,Fall 2025,2.53,3.78,2,1,56.3,88.5,76.8,83.2,44,62
STU1050,Fall 2025,3.31,3.31,0,0,85.1,86.5,74.8,84.3,11,0
STU1051,Fall 2025,2.7,3.78,3,0,60.4,87.9,43.8,69.3,38,61
STU1052,Fall 2025,3.6,3.42,0,0,100.0,100.0,94.3,91.7,23,34
STU1053,Fall 2025,3.02,3.78,1,0,84.1,100.0,67.8,88.1,15,39
STU1054,Fall 2025,4.0,3.78,1,0,61.0,61.2,97.0,87.3,81,71
STU1055,Fall 2025,1.55,1.76,0,1,58.0,78.1,70.8,93.5,13,23
STU1056,Fall 2025,3.22,3.0,0,0,76.7,81.3,100.0,99.9,34,30
STU1057,Fall 2025,3.77,3.86,0,0,82.2,82.5,76.5,62.1,25,35
STU1058,Fall 2025,3.57,4.0,2,1,93.3,100.0,92.4,95.0,45,37
STU1059,Fall 2025,2.81,,0,0,61.8,65.4,52.0,53.8,79,86
STU1060,Fall 2025,2.98,2.68,1,0,83.1,84.8,86.6,84.0,50,42
STU1061,Fall 2025,2.02,3.56,2,1,66.1,77.3,72.0,100.0,13,28
STU1062,Fall 2025,2.4,3.17,2,0,76.7,85.9,34.1,43.9,0,13
STU1063,Fall 2025,3.01,3.0,0,0,83.3,79.4,44.4,59.2,58,44
STU1064,Fall 2025,3.16,3.03,0,0,75.2,74.6,53.8,66.5,24,24
STU1065,Fall 2025,3.38,3.11,0,0,94.7,93.3,75.1,87.3,84,99
STU1066,Fall 2025,2.81,3.0,0,2,97.8,100.0,69.3,82.7,18,6
STU1067,Fall 2025,3.59,3.42,0,1,81.6,77.6,54.9,62.9,79,89
STU1068,Fall 2025,2.09,2.49,0,1,82.8,93.7,43.5,50.2,32,19
STU1069,Fall 2025,3.64,3.75,0,0,73.0,85.7,83.8,69.8,60,65
STU1070,Fall 2025,3.23,3.32,0,0,85.8,86.5,100.0,96.2,42,52
STU1071,Fall 2025,2.57,2.14,0,0,100.0,98.0,87.3,79.9,47,50
STU1072,Fall 2025,3.15,3.39,0,0,61.2,72.4,56.2,51.2,47,39
STU1073,Fall 2025,2.92,2.73,0,0,60.0,57.0,74.2,66.1,63,65
STU1074,Fall 2025,2.44,1.72,1,0,100.0,99.7,59.7,69.3,51,49
STU1075,Fall 2025,1.58,3.43,0,2,55.5,90.2,69.3,96.6,0,24
STU1076,Fall 2025,2.31,2.11,0,0,74.7,70.0,86.3,75.1,44,44
STU1077,Fall 2025,3.0,3.05,0,0,92.8,89.9,80.3,77.2,49,44
STU1078,Fall 2025,3.74,3.72,0,0,82.0,,83.2,85.5,65,60
STU1079,Fall 2025,2.71,2.53,0,0,96.6,94.7,76.7,88.4,32,18
STU1080,Fall 2025,3.02,3.13,1,1,51.6,58.2,59.6,71.1,9,26
STU1081,Fall 2025,2.04,2.09,0,0,91.1,89.8,100.0,100.0,60,64
STU1082,Fall 2025,2.72,2.84,0,0,68.6,67.1,83.4,83.4,37,29
STU1083,Fall 2025,2.62,2.46,1,1,69.7,68.7,93.6,93.4,89,75
STU1084,Fall 2025,2.14,3.3,3,2,56.9,77.9,75.9,85.9,10,20
STU1085,Fall 2025,2.56,2.62,3,2,46.2,84.5,72.8,97.0,44,50
STU1086,Fall 2025,2.93,2.44,1,0,100.0,100.0,76.0,79.5,27,33
STU1087,Fall 2025,2.34,2.27,0,0,76.8,72.2,57.4,49.1,52,64
STU1088,Fall 2025,3.33,3.35,0,0,62.3,61.5,68.2,65.4,40,38
STU1089,Fall 2025,2.27,2.4,3,1,68.8,89.7,62.3,68.9,58,82
STU1090,Fall 2025,3.21,3.01,0,0,71.3,73.2,81.0,78.3,22,36
STU1091,Fall 2025,2.07,2.53,3,0,83.9,92.6,63.4,88.2,23,48
STU1092,Fall 2025,2.38,2.5,1,0,74.5,77.0,100.0,99.3,48,34
STU1093,Fall 2025,2.94,2.88,0,0,95.8,100.0,90.3,79.8,54,57
STU1094,Fall 2025,2.54,2.97,0,0,76.9,83.0,85.7,100.0,60,61
STU1095,Fall 2025,1.85,2.14,0,0,77.7,86.8,76.4,80.8,10,12
STU1096,Fall 2025,3.08,2.85,0,0,93.3,95.9,56.2,65.5,38,33
STU1097,Fall 2025,2.92,2.65,0,0,75.5,78.9,100.0,100.0,35,49
STU1098,Fall 2025,3.69,3.66,0,0,93.1,92.4,67.2,81.7,95,87
STU1099,Fall 2025,2.1,2.27,0,0,86.1,84.7,71.9,78.2,35,47
STU1100,Fall 2025,2.5,2.45,0,0,78.4,,51.6,63.7,44,35
STU1101,Fall 2025,2.64,2.75,0,0,71.3,72.9,86.4,77.2,10,8
STU1102,Fall 2025,3.23,3.55,2,1,65.9,71.7,58.6,79.8,0,25
STU1103,Fall 2025,1.87,2.46,0,0,60.6,80.2,58.7,80.0,78,85
STU1104,Fall 2025,1.73,3.51,2,0,66.8,95.1,88.0,95.0,47,67
STU1105,Fall 2025,2.71,2.74,1,0,52.1,85.8,46.0,58.4,58,64
STU1106,Fall 2025,3.44,3.19,0,0,75.5,72.6,75.6,88.4,30,33
STU1107,Fall 2025,3.73,4.0,0,0,59.9,72.1,92.7,82.8,57,46
STU1108,Fall 2025,2.65,2.6,1,0,61.6,59.9,64.8,77.8,30,19
STU1109,Fall 2025,2.78,2.83,0,0,86.1,84.7,48.5,52.5,37,27
STU1110,Fall 2025,3.53,3.56,0,0,74.7,76.7,88.1,88.8,10,0
STU1111,Fall 2025,2.58,2.23,0,0,79.0,67.9,80.6,79.4,64,54
STU1112,Fall 2025,3.25,2.39,0,0,93.2,74.6,78.7,90.7,52,64
STU1113,Fall 2025,2.72,2.92,1,0,70.7,74.6,70.6,75.1,35,48
STU1114,Fall 2025,2.58,2.52,1,0,93.9,,45.6,57.8,39,46
STU1115,Fall 2025,2.09,1.9,0,0,84.1,84.8,61.5,70.4,57,53
STU1116,Fall 2025,2.22,1.81,0,0,80.5,73.3,95.5,98.2,19,32
STU1117,Fall 2025,2.16,1.53,0,1,81.8,71.9,79.6,80.3,57,57
STU1118,Fall 2025,2.14,2.49,3,1,68.5,91.6,80.8,100.0,50,60
STU1119,Fall 2025,3.87,4.0,0,0,95.4,94.9,82.1,95.3,26,15
STU1120,Fall 2025,3.31,2.5,1,0,76.6,62.5,81.4,78.0,84,76
STU1121,Fall 2025,3.14,3.09,2,1,37.6,72.2,74.8,80.3,7,22
STU1122,Fall 2025,1.65,,2,2,80.0,100.0,60.6,69.5,0,6
STU1123,Fall 2025,1.14,1.69,3,0,81.4,100.0,64.3,74.6,11,32
STU1124,Fall 2025,2.96,2.96,1,0,99.9,100.0,100.0,100.0,11,25
STU1125,Fall 2025,2.26,2.5,1,0,68.8,76.4,82.7,75.9,77,71
STU1126,Fall 2025,3.68,3.58,0,0,73.0,77.5,75.2,80.6,20,24
STU1127,Fall 2025,2.85,2.97,0,0,81.8,94.5,67.8,68.3,30,17
STU1128,Fall 2025,2.33,2.33,0,1,83.1,85.9,40.3,46.1,51,37
STU1129,Fall 2025,3.1,3.09,0,0,100.0,100.0,69.9,70.1,14,5
STU1130,Fall 2025,2.53,2.72,0,0,50.0,56.7,64.8,72.8,50,50
STU1131,Fall 2025,1.78,1.43,0,0,86.4,80.2,77.4,70.5,35,50
STU1132,Fall 2025,3.04,,0,0,76.6,78.4,100.0,89.4,22,32
STU1133,Fall 2025,4.0,4.0,1,0,73.5,75.5,98.0,85.0,36,23
STU1134,Fall 2025,2.66,2.61,0,0,78.6,80.6,84.1,72.5,47,35
STU1135,Fall 2025,3.21,2.97,0,1,65.7,67.8,78.6,76.8,29,22
STU1136,Fall 2025,3.8,3.5,0,0,81.6,84.6,72.8,83.6,16,13
STU1137,Fall 2025,2.01,2.63,0,2,58.9,75.9,92.2,100.0,52,73
STU1138,Fall 2025,2.92,2.98,0,2,90.2,92.0,79.2,65.2,30,25
STU1139,Fall 2025,3.14,2.5,0,0,77.0,67.6,74.3,70.7,45,48
STU1140,Fall 2025,3.79,3.78,0,1,78.1,79.1,79.4,73.7,62,55
STU1141,Fall 2025,3.45,3.63,0,0,81.5,80.8,98.1,86.0,56,48
STU1142,Fall 2025,3.86,3.78,1,0,66.3,66.9,61.6,68.0,47,60
STU1143,Fall 2025,1.77,1.95,0,0,51.7,63.8,73.4,83.8,40,39
STU1144,Fall 2025,2.57,,2,0,58.1,72.3,67.8,80.5,36,48
STU1145,Fall 2025,2.36,1.53,0,0,100.0,91.2,63.9,66.8,60,63
STU1146,Fall 2025,3.14,3.41,2,1,28.0,46.3,72.9,97.8,35,47
STU1147,Fall 2025,2.27,2.75,0,0,61.0,70.9,100.0,100.0,54,57
STU1148,Fall 2025,3.61,3.36,0,0,88.8,88.9,71.1,63.4,32,46
STU1149,Fall 2025,1.96,3.54,3,0,46.6,72.1,65.7,80.8,12,34
STU1150,Fall 2025,2.44,3.08,0,2,50.2,71.2,84.7,95.9,57,63
STU1151,Fall 2025,3.46,3.34,1,0,76.6,72.8,100.0,99.7,34,38
STU1152,Fall 2025,3.09,3.3,0,0,73.0,80.7,64.1,65.9,74,79
STU1153,Fall 2025,3.76,3.94,0,0,78.1,90.2,87.3,86.3,51,42
STU1154,Fall 2025,3.29,,0,0,82.4,83.7,81.9,82.0,47,56
STU1155,Fall 2025,4.0,4.0,0,0,68.6,64.3,73.1,85.3,49,62
STU1156,Fall 2025,3.01,3.11,0,1,50.0,60.2,77.5,66.4,34,29
STU1157,Fall 2025,2.26,2.54,0,0,66.6,80.1,86.1,92.1,50,54
STU1158,Fall 2025,2.25,3.04,2,1,61.7,83.8,85.3,100.0,10,34
STU1159,Fall 2025,1.87,2.16,0,2,67.6,84.0,49.4,78.9,61,76
STU1160,Fall 2025,2.27,2.42,0,0,84.6,79.7,90.5,82.9,76,78
STU1161,Fall 2025,2.45,2.3,0,0,89.7,91.3,64.8,77.9,39,39
STU1162,Fall 2025,3.37,3.44,2,0,85.1,81.5,66.4,77.1,55,56
STU1163,Fall 2025,2.01,1.75,1,0,72.6,75.6,98.8,100.0,26,28
STU1164,Fall 2025,3.32,3.17,0,0,78.5,73.9,96.1,97.5,43,40
STU1165,Fall 2025,2.33,2.65,0,0,92.6,100.0,40.1,49.3,31,42
STU1166,Fall 2025,3.32,3.29,0,0,83.0,85.1,89.4,77.6,58,68
STU1167,Fall 2025,1.96,1.34,2,0,100.0,97.4,64.7,78.8,39,32
STU1168,Fall 2025,1.43,,2,2,100.0,95.9,87.7,76.5,74,88
STU1169,Fall 2025,3.27,3.23,0,0,60.0,61.8,99.2,92.6,26,30
STU1170,Fall 2025,2.68,2.46,1,1,98.0,100.0,90.5,77.3,48,55
STU1171,Fall 2025,3.47,3.18,0,0,86.8,83.9,69.5,77.7,94,100
STU1172,Fall 2025,2.22,2.6,2,2,68.7,75.2,52.7,66.8,24,38
STU1173,Fall 2025,3.34,2.38,0,0,86.4,69.4,52.4,55.2,67,58
STU1174,Fall 2025,2.64,2.39,0,1,77.6,73.3,76.1,73.5,48,38
STU1175,Fall 2025,2.5,2.54,2,0,77.7,82.1,63.7,71.6,20,28
STU1176,Fall 2025,3.23,3.47,0,0,62.0,69.0,68.1,73.2,68,65
STU1177,Fall 2025,3.61,3.47,0,1,67.1,69.8,79.2,69.1,10,3
STU1178,Fall 2025,2.67,2.66,1,0,99.1,100.0,86.4,79.8,10,20
STU1179,Fall 2025,3.85,,0,0,79.2,78.3,50.8,55.8,70,64
STU1180,Fall 2025,2.55,2.38,0,0,70.4,73.5,96.7,83.3,10,0
STU1181,Fall 2025,2.62,2.71,3,2,59.9,96.4,61.3,85.6,32,51
STU1182,Fall 2025,2.92,2.97,1,0,87.1,86.2,71.3,77.0,35,30
STU1183,Fall 2025,3.4,3.2,0,0,89.4,86.1,55.2,60.3,26,24
STU1184,Fall 2025,3.32,3.51,0,2,84.6,,78.3,85.6,22,33
STU1185,Fall 2025,2.11,2.09,0,0,67.2,71.8,52.3,59.0,21,36
STU1186,Fall 2025,1.84,2.32,0,2,73.4,95.2,89.2,99.4,4,29
STU1187,Fall 2025,3.39,3.35,0,0,75.2,78.2,89.1,94.4,82,68
STU1188,Fall 2025,2.17,2.25,0,0,85.4,82.1,98.9,100.0,26,28
STU1189,Fall 2025,3.48,3.39,0,0,90.2,88.2,92.7,93.3,30,38
STU1190,Fall 2025,3.19,3.31,2,0,80.6,85.5,94.8,99.5,76,69
STU1191,Fall 2025,2.86,2.31,0,0,76.5,57.2,100.0,100.0,19,22
STU1192,Fall 2025,3.78,3.71,0,0,95.0,91.2,48.8,36.1,70,61
STU1193,Fall 2025,2.72,2.7,1,0,63.7,68.3,71.9,68.6,25,22
STU1194,Fall 2025,3.14,,0,0,96.2,93.7,84.0,72.8,18,30
STU1195,Fall 2025,2.99,2.98,0,0,94.4,92.3,82.9,80.2,44,36
STU1196,Fall 2025,3.2,3.53,3,0,49.6,69.1,44.9,67.4,19,31
STU1197,Fall 2025,2.3,2.62,3,1,69.6,89.6,56.2,61.8,13,24
STU1198,Fall 2025,2.32,3.61,3,1,60.9,73.4,46.0,68.2,20,38
STU1199,Fall 2025,2.75,2.81,0,0,95.2,98.1,86.7,92.8,65,55
STU1200,Fall 2025,3.75,3.59,0,0,85.2,85.0,39.8,54.6,19,32
STU1201,Fall 2025,3.25,3.37,2,0,97.4,96.1,78.1,91.1,52,48
STU1202,Fall 2025,3.51,3.54,0,0,79.5,84.5,87.9,76.2,32,24
STU1203,Fall 2025,3.08,3.41,0,0,68.7,79.7,94.8,99.4,73,77
STU1204,Fall 2025,2.22,1.97,0,0,85.5,87.5,78.4,75.4,12,20
STU1205,Fall 2025,3.07,2.88,0,0,91.5,91.0,70.8,70.7,48,55
STU1206,Fall 2025,2.76,2.9,0,0,81.2,85.7,80.8,66.8,52,46
STU1207,Fall 2025,3.03,2.97,0,0,94.8,91.3,95.5,92.3,47,41
STU1208,Fall 2025,3.18,2.98,0,0,60.5,63.2,81.2,69.7,80,67
STU1209,Fall 2025,3.29,3.07,0,0,82.9,79.8,100.0,87.1,20,28
STU1210,Fall 2025,2.21,2.36,0,1,32.4,54.2,55.3,84.7,28,35
STU1211,Fall 2025,3.73,4.0,2,0,77.3,88.9,66.2,65.2,28,42
STU1212,Fall 2025,2.72,2.88,0,0,100.0,100.0,66.6,65.0,60,49
STU1213,Fall 2025,2.64,3.11,1,0,80.7,93.4,74.0,60.8,46,52
STU1214,Fall 2025,3.19,3.29,0,1,69.6,,50.8,60.8,54,64
STU1215,Fall 2025,2.58,2.55,0,0,94.4,95.3,72.1,80.1,49,53
STU1216,Fall 2025,2.34,2.59,0,0,83.2,97.2,96.6,86.9,82,78
STU1217,Fall 2025,1.58,1.87,0,0,75.6,90.4,100.0,100.0,10,20
STU1218,Fall 2025,1.78,1.38,0,0,84.7,74.2,61.9,74.8,24,22
STU1219,Fall 2025,2.92,2.91,0,0,66.6,63.6,41.7,51.9,61,58
STU1220,Fall 2025,2.84,1.86,0,0,100.0,86.6,100.0,100.0,71,86
STU1221,Fall 2025,2.6,3.04,3,1,57.4,71.2,57.7,69.9,62,75
STU1222,Fall 2025,2.52,2.5,1,0,82.3,85.8,79.3,82.0,39,31
STU1223,Fall 2025,3.29,3.1,0,0,78.1,76.6,69.6,66.3,28,23
STU1224,Fall 2025,3.88,3.84,0,1,60.0,98.4,51.5,67.9,39,63
STU1225,Fall 2025,3.37,3.44,0,0,76.6,79.4,76.1,74.9,76,65
STU1226,Fall 2025,1.67,1.85,0,0,76.2,75.3,84.6,89.2,48,58
STU1227,Fall 2025,3.06,2.85,0,0,90.5,88.3,100.0,96.9,43,49
STU1228,Fall 2025,2.82,2.85,0,0,94.7,99.4,100.0,95.0,36,25
STU1229,Fall 2025,1.97,3.39,2,2,37.1,64.6,52.0,76.3,89,97
STU1230,Fall 2025,2.64,2.44,1,0,89.7,91.9,66.3,66.0,64,63
STU1231,Fall 2025,1.93,2.63,3,0,72.8,92.3,78.1,88.4,0,16
STU1232,Fall 2025,3.45,3.35,0,0,78.8,83.4,56.7,59.7,26,34
STU1233,Fall 2025,2.68,,0,0,76.8,78.8,82.4,73.5,34,39
STU1234,Fall 2025,3.95,3.82,0,0,78.6,76.5,82.7,78.8,13,18
STU1235,Fall 2025,3.96,3.98,1,0,94.2,90.4,100.0,100.0,39,49
STU1236,Fall 2025,2.41,2.6,1,0,84.4,92.0,82.7,86.9,10,0
STU1237,Fall 2025,2.95,3.08,0,0,69.2,77.1,77.5,87.2,25,46
STU1238,Fall 2025,2.87,3.23,0,0,69.4,83.0,96.1,82.4,12,24
STU1239,Fall 2025,3.15,3.42,1,2,70.1,84.9,83.2,93.6,58,73
STU1240,Fall 2025,2.07,2.25,1,0,72.1,75.6,100.0,94.9,45,47
STU1241,Fall 2025,3.22,3.21,1,2,40.8,77.2,46.9,54.4,4,23
STU1242,Fall 2025,3.07,,0,0,79.5,76.8,100.0,97.6,48,55
STU1243,Fall 2025,3.35,3.12,0,0,76.2,78.1,64.3,58.3,53,43
STU1244,Fall 2025,3.53,3.76,0,0,60.4,73.9,43.1,55.3,72,86
STU1245,Fall 2025,2.21,2.39,0,1,92.8,92.3,84.6,74.5,58,61
STU1246,Fall 2025,3.1,2.5,0,0,81.7,74.8,88.6,86.5,44,45
STU1247,Fall 2025,3.21,2.93,0,0,94.9,93.4,86.3,93.0,10,0
STU1248,Fall 2025,2.09,2.26,0,0,89.1,85.9,72.2,76.9,52,40
STU1249,Fall 2025,2.01,2.18,1,0,70.0,81.1,71.5,88.9,33,42
STU1250,Fall 2025,2.42,2.13,0,0,72.1,63.3,83.5,93.2,26,36
STU1251,Fall 2025,2.19,2.52,0,0,57.0,71.5,73.8,75.5,47,49
STU1252,Fall 2025,2.52,2.41,0,0,91.2,93.4,70.6,72.8,42,43
STU1253,Fall 2025,2.75,2.73,0,0,75.6,72.0,100.0,96.7,39,29
STU1254,Fall 2025,2.75,2.63,2,0,78.1,75.0,62.3,73.1,36,28
STU1255,Fall 2025,2.43,1.73,0,0,100.0,91.3,94.5,96.1,65,77
STU1256,Fall 2025,2.7,2.9,0,1,81.2,81.5,89.8,96.1,34,35
STU1257,Fall 2025,3.1,3.05,0,0,75.8,79.6,90.0,79.9,10,18
STU1258,Fall 2025,3.21,3.03,0,0,85.8,83.9,66.6,63.3,14,28
STU1259,Fall 2025,3.21,3.05,0,1,89.7,87.7,55.3,64.3,10,14
STU1260,Fall 2025,2.65,1.9,0,0,77.9,67.6,82.9,68.5,10,12
STU1261,Fall 2025,3.26,3.14,0,0,95.8,94.8,96.7,91.7,74,84
STU1262,Fall 2025,2.65,2.74,0,0,100.0,100.0,72.7,73.6,29,23
STU1263,Fall 2025,2.73,2.75,0,0,86.2,82.3,81.6,94.9,51,49
STU1264,Fall 2025,3.75,3.9,0,0,64.0,63.6,82.1,88.0,10,0
STU1265,Fall 2025,2.82,2.06,0,0,83.7,,82.8,78.1,73,66
STU1266,Fall 2025,2.41,2.44,0,1,75.9,72.3,68.6,82.8,48,63
STU1267,Fall 2025,3.23,3.03,0,0,89.3,93.2,48.4,48.8,61,57
STU1268,Fall 2025,4.0,3.94,1,0,85.2,88.0,81.0,66.4,31,25
STU1269,Fall 2025,2.89,2.81,0,0,75.4,80.3,86.2,79.8,34,44
STU1270,Fall 2025,2.21,1.53,0,0,91.9,84.9,76.3,79.2,55,53
STU1271,Fall 2025,3.35,3.24,0,0,73.4,77.2,70.0,81.2,30,43
STU1272,Fall 2025,2.54,4.0,1,2,79.6,93.0,52.5,82.3,33,39
STU1273,Fall 2025,3.2,3.02,1,0,60.0,58.5,51.3,54.8,44,51
STU1274,Fall 2025,2.69,2.93,0,1,68.9,83.5,66.0,79.8,32,20
STU1275,Fall 2025,2.91,2.62,0,0,71.5,70.4,48.9,42.2,28,41
STU1276,Fall 2025,2.83,2.84,1,0,90.8,92.8,54.2,61.6,45,59
STU1277,Fall 2025,3.01,3.06,1,0,75.1,73.5,20.2,20.2,61,66
STU1278,Fall 2025,2.91,3.65,0,2,69.2,78.0,72.9,79.1,49,61
STU1279,Fall 2025,2.83,3.13,0,0,84.3,89.8,71.8,80.2,24,32
STU1280,Fall 2025,3.11,3.02,1,0,96.9,93.0,71.4,70.5,59,48
STU1281,Fall 2025,3.37,3.35,0,0,72.8,68.7,39.6,51.5,28,35
STU1282,Fall 2025,3.36,3.33,0,0,85.9,84.0,92.2,82.1,85,72
STU1283,Fall 2025,2.03,1.99,1,0,67.5,69.8,100.0,86.5,75,88
STU1284,Fall 2025,2.65,2.22,0,0,93.2,82.4,88.4,76.2,40,30
STU1285,Fall 2025,2.29,2.0,0,0,93.6,88.8,76.0,69.8,23,16
STU1286,Fall 2025,2.48,2.23,0,0,80.0,81.5,86.4,95.2,56,58
STU1287,Fall 2025,3.66,4.0,0,0,79.5,84.8,94.0,90.0,53,40
STU1288,Fall 2025,3.32,3.14,0,0,71.8,76.8,94.2,100.0,69,69
STU1289,Fall 2025,2.16,2.12,0,0,87.2,82.8,95.9,94.1,17,12
STU1290,Fall 2025,2.71,2.6,0,0,90.6,89.5,88.1,77.3,47,62
STU1291,Fall 2025,2.49,2.81,1,0,68.2,82.5,76.6,69.9,61,69
STU1292,Fall 2025,2.74,1.88,0,0,100.0,100.0,57.5,65.6,39,26
STU1293,Fall 2025,2.77,1.94,0,0,78.5,66.2,72.5,75.9,72,72
STU1294,Fall 2025,3.73,3.73,0,0,88.7,93.4,44.7,49.3,40,31
STU1295,Fall 2025,2.68,2.65,0,0,98.4,100.0,70.2,64.9,51,47
STU1296,Fall 2025,2.14,2.1,1,0,95.1,90.6,71.3,58.0,64,70
STU1297,Fall 2025,3.63,3.43,1,0,79.4,81.7,73.3,84.6,56,59
STU1298,Fall 2025,2.48,,0,0,100.0,98.2,97.3,100.0,26,39
STU1299,Fall 2025,1.85,2.08,0,0,72.9,84.8,81.5,88.7,42,30
STU1300,Fall 2025,3.16,3.07,0,0,77.4,75.3,36.2,50.2,51,49
STU1301,Fall 2025,2.14,2.1,0,0,98.3,93.7,43.4,47.8,35,28
STU1302,Fall 2025,1.59,1.84,3,2,70.2,89.2,27.0,51.2,29,40
STU1303,Fall 2025,2.42,1.69,0,0,100.0,98.1,66.9,68.1,39,28
STU1304,Fall 2025,3.36,2.5,0,0,93.5,86.4,67.9,61.7,54,42
STU1305,Fall 2025,2.69,2.78,0,0,74.4,75.0,77.7,78.5,26,25
STU1306,Fall 2025,0.86,2.64,2,2,49.5,80.9,45.5,65.7,35,59
STU1307,Fall 2025,2.7,2.56,0,0,73.5,76.4,87.8,96.0,29,35
STU1308,Fall 2025,3.5,3.42,0,0,91.8,93.6,77.3,85.7,27,29
STU1309,Fall 2025,2.71,3.05,0,2,76.7,,87.5,90.0,66,64
STU1310,Fall 2025,2.42,2.19,0,0,85.1,86.2,75.2,82.2,27,26
STU1311,Fall 2025,3.37,3.35,0,0,100.0,100.0,71.6,75.6,34,38
STU1312,Fall 2025,3.25,3.24,0,2,60.0,100.0,53.2,81.1,33,47
STU1313,Fall 2025,2.7,2.8,1,1,80.2,81.0,84.1,71.3,37,36
STU1314,Fall 2025,3.75,3.71,0,0,79.5,80.1,78.6,70.9,10,17
STU1315,Fall 2025,3.99,4.0,0,0,96.5,91.8,45.7,53.7,12,3
STU1316,Fall 2025,3.0,2.78,0,0,75.5,71.6,89.9,100.0,20,12
STU1317,Fall 2025,3.3,,0,0,63.9,61.2,60.3,51.7,46,57
STU1318,Fall 2025,3.21,3.29,0,1,69.0,73.1,39.0,51.2,41,36
STU1319,Fall 2025,3.35,3.48,0,0,60.0,47.3,93.7,95.9,67,80
STU1320,Fall 2025,2.91,2.63,0,0,90.1,92.3,70.7,68.4,62,68
STU1321,Fall 2025,3.69,3.8,1,0,63.7,59.1,68.8,66.1,72,76
STU1322,Fall 2025,3.41,3.5,0,0,77.0,73.1,56.8,68.2,68,65
STU1323,Fall 2025,2.28,2.82,3,2,57.1,72.1,56.4,74.4,61,79
STU1324,Fall 2025,3.73,3.47,0,0,96.5,94.0,100.0,100.0,28,36
STU1325,Fall 2025,2.05,2.7,1,2,72.5,79.0,86.0,99.0,56,68
STU1326,Fall 2025,2.25,1.57,0,0,74.9,60.1,69.6,78.3,10,3
STU1327,Fall 2025,3.14,2.88,0,1,76.9,80.7,77.7,83.2,16,29
STU1328,Fall 2025,3.3,3.43,0,0,96.2,92.8,86.7,93.3,32,46
STU1329,Fall 2025,1.79,2.12,0,0,77.1,89.9,99.1,91.5,51,59
STU1330,Fall 2025,2.67,2.09,0,0,92.0,81.2,67.2,76.4,12,23
STU1331,Fall 2025,3.76,3.75,1,0,90.5,90.1,100.0,92.4,54,45
STU1332,Fall 2025,1.68,2.16,0,0,70.5,77.2,63.9,53.3,44,45
STU1333,Fall 2025,3.88,4.0,0,1,89.8,91.6,71.6,83.5,54,45
STU1334,Fall 2025,2.65,3.12,3,2,65.9,71.5,64.0,86.1,0,0
STU1335,Fall 2025,2.0,3.45,2,1,57.5,75.3,78.9,87.9,35,46
STU1336,Fall 2025,4.0,4.0,0,0,71.2,71.1,86.3,93.0,27,37
STU1337,Fall 2025,3.93,3.86,0,0,90.1,89.0,69.8,80.3,70,73
STU1338,Fall 2025,2.72,2.76,0,2,72.1,69.2,62.2,75.7,39,49
STU1339,Fall 2025,2.55,2.35,0,0,84.5,84.6,70.4,66.5,28,34
STU1340,Fall 2025,3.48,3.63,0,0,52.1,66.1,70.6,83.3,19,24
STU1341,Fall 2025,2.98,3.08,0,0,96.4,93.3,86.2,83.2,55,60
STU1342,Fall 2025,2.51,2.6,1,0,82.9,78.9,66.4,74.8,64,60
STU1343,Fall 2025,2.53,2.81,3,0,90.9,96.3,31.4,60.1,68,74
STU1344,Fall 2025,2.48,2.78,0,0,59.6,68.3,75.4,70.5,50,55
STU1345,Fall 2025,2.47,2.41,2,0,76.4,74.5,86.3,86.0,52,55
STU1346,Fall 2025,3.5,3.56,0,0,88.2,84.7,85.7,88.9,58,52
STU1347,Fall 2025,2.1,1.98,0,0,86.7,86.3,91.6,100.0,50,43
STU1348,Fall 2025,2.96,2.5,0,0,95.7,78.1,69.1,68.1,54,41
STU1349,Fall 2025,2.25,2.73,3,1,68.0,,84.2,99.1,10,24
STU1350,Fall 2025,2.39,2.5,0,0,83.2,80.2,97.9,95.5,51,38
STU1351,Fall 2025,2.17,2.69,3,0,55.0,72.2,63.9,87.0,12,31
STU1352,Fall 2025,4.0,3.72,0,1,64.8,67.0,94.1,93.1,36,29
STU1353,Fall 2025,1.55,1.35,0,0,100.0,93.7,62.5,73.5,31,22
STU1354,Fall 2025,3.64,3.34,2,0,71.2,,75.2,72.4,37,36
STU1355,Fall 2025,3.35,3.5,2,0,78.8,80.0,71.0,73.3,41,40
STU1356,Fall 2025,2.16,2.43,2,2,60.7,78.1,81.5,100.0,50,59
STU1357,Fall 2025,2.58,3.64,2,1,57.8,81.5,61.3,84.9,41,58
STU1358,Fall 2025,3.39,3.16,0,0,69.0,66.6,71.2,61.2,39,28
STU1359,Fall 2025,2.46,2.25,2,0,80.8,83.0,69.8,75.8,57,55
STU1360,Fall 2025,2.43,2.92,2,0,65.9,78.4,92.7,98.8,12,20
STU1361,Fall 2025,2.38,2.73,0,2,52.9,77.0,70.5,93.0,47,68
STU1362,Fall 2025,2.98,2.82,0,0,82.4,81.6,94.4,88.0,32,46
STU1363,Fall 2025,3.13,2.91,0,0,72.9,69.7,100.0,88.8,63,51
STU1364,Fall 2025,3.15,2.97,0,0,68.4,63.8,100.0,92.2,17,26
STU1365,Fall 2025,2.09,2.24,0,0,93.5,96.0,72.4,72.1,70,56
STU1366,Fall 2025,2.47,1.71,0,0,76.2,64.4,86.6,92.3,78,65
STU1367,Fall 2025,2.57,1.92,1,0,84.9,,55.9,63.1,49,37
STU1368,Fall 2025,2.08,2.78,3,1,47.3,63.0,49.5,64.9,37,49
STU1369,Fall 2025,3.68,3.67,0,0,76.3,,77.4,83.9,94,100
STU1370,Fall 2025,3.31,3.35,0,0,71.2,70.5,84.5,81.2,21,16
STU1371,Fall 2025,4.0,3.97,1,2,60.0,93.5,59.2,80.3,15,37
STU1372,Fall 2025,2.93,2.94,0,0,60.1,56.9,90.2,98.6,57,69
STU1373,Fall 2025,2.67,3.3,1,2,77.5,100.0,76.9,89.0,35,42
STU1374,Fall 2025,2.52,2.61,0,0,75.0,78.3,57.9,67.7,43,53
STU1375,Fall 2025,3.06,3.02,0,0,80.4,82.1,72.9,79.9,14,2
STU1376,Fall 2025,3.01,3.39,2,1,53.3,73.9,51.6,74.4,26,35
STU1377,Fall 2025,2.87,2.7,1,0,88.6,90.9,100.0,98.2,66,74
STU1378,Fall 2025,3.6,3.37,0,0,97.3,96.1,89.8,86.5,62,50
STU1379,Fall 2025,3.41,3.31,0,0,100.0,100.0,69.7,79.3,91,86
STU1380,Fall 2025,2.66,2.51,0,0,77.3,74.6,90.7,93.9,21,17
STU1381,Fall 2025,1.8,2.28,0,0,82.0,95.5,83.6,98.2,79,68
STU1382,Fall 2025,2.29,1.54,0,1,96.1,91.1,52.5,55.4,26,40
STU1383,Fall 2025,1.8,2.29,2,2,77.0,90.0,55.5,79.7,21,44
STU1384,Fall 2025,3.24,3.37,0,0,100.0,100.0,50.6,63.5,13,26
STU1385,Fall 2025,1.28,1.54,1,0,65.2,74.9,65.1,67.4,49,56
STU1386,Fall 2025,2.24,2.1,0,0,89.5,87.4,89.2,87.4,61,58
STU1387,Fall 2025,2.71,2.78,2,0,96.2,100.0,80.6,94.6,34,41
STU1388,Fall 2025,2.75,2.52,0,0,91.1,86.1,83.6,80.9,39,45
STU1389,Fall 2025,1.35,2.95,0,0,50.2,66.8,49.8,60.6,9,25
STU1390,Fall 2025,2.27,2.47,1,1,68.0,79.0,87.0,76.3,68,71
STU1391,Fall 2025,2.58,3.05,0,0,68.4,73.9,68.6,65.8,36,35
STU1392,Fall 2025,1.51,1.0,0,0,74.9,65.0,69.9,60.1,57,47
STU1393,Fall 2025,2.83,2.66,0,0,62.2,58.8,85.2,70.9,22,35
STU1394,Fall 2025,1.7,1.81,1,0,92.3,87.6,56.3,68.0,41,27
STU1395,Fall 2025,3.63,3.51,0,0,96.6,96.2,67.7,68.5,20,22
STU1396,Fall 2025,3.72,3.59,0,0,84.0,83.3,84.7,98.9,75,61
STU1397,Fall 2025,2.72,2.79,0,1,99.6,98.5,77.9,68.4,59,61
STU1398,Fall 2025,2.79,2.98,0,0,73.4,69.6,68.4,65.1,50,41
STU1399,Fall 2025,1.72,1.43,1,0,100.0,85.3,72.0,74.0,22,32
STU1400,Fall 2025,3.41,3.31,0,0,91.0,91.3,84.3,99.2,53,39
STU1401,Fall 2025,2.59,2.61,0,1,79.3,75.3,78.7,71.2,55,64
STU1402,Fall 2025,2.79,2.85,0,0,100.0,100.0,74.8,77.6,37,39
STU1403,Fall 2025,2.75,2.76,0,0,70.0,73.7,84.6,75.1,78,65
STU1404,Fall 2025,3.28,,0,0,78.1,82.8,41.4,38.6,10,15
STU1405,Fall 2025,2.96,3.09,0,0,92.5,91.7,100.0,97.6,78,66
STU1406,Fall 2025,3.84,3.99,0,0,80.3,81.5,82.1,69.1,51,60
STU1407,Fall 2025,3.67,3.4,0,0,89.5,86.8,91.4,81.4,39,51
STU1408,Fall 2025,1.69,1.55,1,0,66.2,69.3,97.7,100.0,55,52
STU1409,Fall 2025,1.22,1.0,2,0,100.0,88.8,95.4,87.3,37,45
STU1410,Fall 2025,2.79,2.85,1,2,60.0,89.2,66.6,74.1,53,76
STU1411,Fall 2025,2.51,1.98,0,1,100.0,88.7,72.2,76.4,60,47
STU1412,Fall 2025,2.03,2.09,0,0,92.1,90.9,92.8,86.0,34,48
STU1413,Fall 2025,2.7,2.04,0,0,99.5,82.0,57.1,65.6,50,41
STU1414,Fall 2025,3.45,3.18,0,0,83.6,79.1,88.2,83.4,10,25
STU1415,Fall 2025,2.51,1.72,1,0,96.8,81.8,72.5,73.3,25,34
STU1416,Fall 2025,2.69,3.48,0,2,80.3,88.3,45.2,65.2,36,55
STU1417,Fall 2025,3.01,3.19,0,0,75.9,81.0,60.5,69.8,33,22
STU1418,Fall 2025,4.0,3.95,0,0,100.0,100.0,61.9,64.9,62,48
STU1419,Fall 2025,2.84,2.73,0,0,60.0,60.0,57.4,50.7,49,46
STU1420,Fall 2025,1.76,3.67,2,2,64.3,90.2,56.2,74.7,54,77
STU1421,Fall 2025,1.74,1.34,0,0,100.0,100.0,58.7,55.0,67,71
STU1422,Fall 2025,3.22,3.34,0,0,72.7,80.5,44.6,57.8,48,58
STU1423,Fall 2025,4.0,4.0,0,1,88.1,89.9,81.8,75.0,84,80
STU1424,Fall 2025,2.75,2.69,0,0,99.3,96.5,100.0,100.0,67,53
STU1425,Fall 2025,3.5,3.6,0,2,76.0,100.0,76.5,91.3,35,60
STU1426,Fall 2025,1.98,2.67,3,0,71.2,81.6,70.7,96.9,35,49
STU1427,Fall 2025,2.8,2.65,0,0,79.1,77.6,54.6,66.8,27,25
STU1428,Fall 2025,2.22,3.65,1,0,34.0,70.3,47.5,76.5,47,56
STU1429,Fall 2025,2.28,2.02,0,1,83.8,75.0,64.4,57.8,45,52
STU1430,Fall 2025,2.3,2.94,2,2,76.5,97.1,76.1,86.9,13,22
STU1431,Fall 2025,2.8,2.79,0,0,80.3,78.6,77.7,86.4,39,44
STU1432,Fall 2025,2.32,2.52,0,0,99.2,96.2,69.0,59.3,59,54
STU1433,Fall 2025,1.59,1.35,0,0,91.1,77.1,100.0,95.7,55,52
STU1434,Fall 2025,2.92,2.78,0,0,73.4,76.0,78.6,75.7,46,45
STU1435,Fall 2025,2.75,2.91,0,0,94.9,92.1,68.0,72.5,38,47
STU1436,Fall 2025,2.74,2.75,1,0,67.1,63.4,100.0,91.4,18,9
STU1437,Fall 2025,3.68,3.47,0,0,100.0,100.0,91.5,81.9,64,74
STU1438,Fall 2025,2.48,2.33,0,0,85.8,82.3,46.0,60.3,37,36
STU1439,Fall 2025,3.45,3.62,0,0,85.3,92.8,65.4,76.3,80,72
STU1440,Fall 2025,2.8,2.59,0,1,84.4,84.4,62.8,56.8,49,51
STU1441,Fall 2025,1.61,2.37,0,1,61.6,84.3,42.5,52.5,13,26
STU1442,Fall 2025,2.49,2.49,0,0,94.9,90.5,100.0,100.0,63,49
STU1443,Fall 2025,3.41,3.49,2,0,94.9,96.7,94.0,90.3,50,48
STU1444,Fall 2025,3.19,3.23,0,1,60.0,55.8,68.1,81.1,67,74
STU1445,Fall 2025,3.13,3.11,2,0,50.4,78.4,87.1,99.3,55,72
STU1446,Fall 2025,3.39,3.13,0,0,89.1,87.4,81.4,71.8,59,71
STU1447,Fall 2025,2.69,3.18,0,0,55.0,64.6,82.1,87.3,60,66
STU1448,Fall 2025,2.93,2.5,0,0,86.8,80.8,89.6,89.5,30,32
STU1449,Fall 2025,2.18,2.37,2,2,82.4,92.5,84.5,90.1,29,52
STU1450,Fall 2025,2.25,1.97,0,0,86.0,82.7,59.2,50.8,46,36
STU1451,Fall 2025,3.02,3.19,0,0,60.0,48.3,82.4,90.5,73,62
STU1452,Fall 2025,2.21,2.7,0,0,85.0,100.0,84.5,79.5,63,51
STU1453,Fall 2025,3.92,3.95,3,1,48.4,78.0,76.5,95.7,17,35
STU1454,Fall 2025,2.34,2.43,0,0,99.8,95.5,93.4,87.5,73,68
STU1455,Fall 2025,3.29,3.18,0,0,74.3,69.8,84.8,80.2,15,4
STU1456,Fall 2025,1.95,3.92,1,0,45.5,59.9,84.2,99.1,30,49
STU1457,Fall 2025,3.51,3.48,0,0,74.9,74.9,29.1,37.9,78,66
STU1458,Fall 2025,3.23,2.98,0,1,82.5,83.0,91.1,79.1,22,29
STU1459,Fall 2025,3.23,3.21,0,0,67.9,65.9,95.3,98.1,20,34
STU1460,Fall 2025,4.0,3.94,2,0,91.0,89.5,94.7,99.7,41,41
STU1461,Fall 2025,3.96,4.0,0,0,80.8,81.9,85.0,71.8,39,43
STU1462,Fall 2025,3.31,3.17,1,0,65.9,70.1,91.4,99.3,26,37
STU1463,Fall 2025,3.23,3.06,0,0,76.9,75.9,58.1,62.2,10,10
STU1464,Fall 2025,3.41,3.4,0,0,73.6,69.4,59.7,72.3,49,41
STU1465,Fall 2025,2.17,2.66,2,2,60.7,82.2,62.8,92.5,29,49
STU1466,Fall 2025,3.5,3.64,2,1,95.9,94.5,100.0,89.9,51,53
STU1467,Fall 2025,2.94,3.14,2,0,66.5,89.2,79.7,93.2,13,32
STU1468,Fall 2025,2.58,2.77,0,0,79.8,86.3,97.4,90.7,32,46
STU1469,Fall 2025,1.6,2.21,2,2,73.3,85.1,80.7,90.4,33,44
STU1470,Fall 2025,3.38,3.2,0,0,62.6,60.9,78.7,93.4,49,63
STU1471,Fall 2025,2.64,2.33,0,0,100.0,100.0,66.3,80.3,47,56
STU1472,Fall 2025,1.95,2.03,0,0,81.7,77.5,80.5,93.9,59,54
STU1473,Fall 2025,3.49,3.6,3,0,53.3,77.1,41.9,55.2,27,41
STU1474,Fall 2025,2.89,3.21,0,0,92.4,100.0,79.5,93.6,39,44
STU1475,Fall 2025,2.49,2.21,0,0,84.7,88.1,100.0,100.0,41,47
STU1476,Fall 2025,3.86,3.91,0,0,86.6,85.1,57.2,68.1,75,70
STU1477,Fall 2025,2.79,2.17,0,1,100.0,87.2,92.1,86.3,65,62
STU1478,Fall 2025,2.78,2.9,0,0,83.3,80.4,92.3,92.2,34,34
STU1479,Fall 2025,2.52,2.62,0,0,74.8,78.6,99.0,94.2,30,25
STU1480,Fall 2025,3.33,2.5,0,0,100.0,100.0,89.6,87.1,38,30
STU1481,Fall 2025,2.32,2.11,1,1,93.6,94.5,74.1,78.7,43,29
STU1482,Fall 2025,2.02,1.51,0,0,94.8,84.5,36.3,41.1,58,46
STU1483,Fall 2025,3.55,3.3,2,0,75.5,78.4,79.5,75.2,16,27
STU1484,Fall 2025,2.65,2.38,1,0,98.6,100.0,72.4,60.9,21,32
STU1485,Fall 2025,2.65,2.58,0,0,60.0,55.1,86.9,92.7,59,64
STU1486,Fall 2025,3.77,3.61,0,0,89.9,93.9,96.2,89.3,30,30
STU1487,Fall 2025,3.75,3.63,0,0,85.5,86.3,68.1,56.8,31,31
STU1488,Fall 2025,4.0,4.0,0,0,79.4,76.5,74.1,83.3,17,5
STU1489,Fall 2025,2.48,1.61,0,0,100.0,91.1,90.0,92.8,10,16
STU1490,Fall 2025,2.98,3.04,0,0,89.1,88.4,88.4,81.9,57,47
STU1491,Fall 2025,2.41,2.47,0,0,71.7,70.1,72.2,67.8,21,34
STU1492,Fall 2025,2.61,2.33,0,0,71.3,72.5,52.6,51.8,38,31
STU1493,Fall 2025,1.71,1.28,0,0,91.1,84.3,73.4,80.7,12,16
STU1494,Fall 2025,2.36,1.41,0,0,100.0,100.0,70.0,76.4,35,29
STU1495,Fall 2025,2.91,2.7,0,0,92.4,90.2,63.5,59.1,44,32
STU1496,Fall 2025,2.7,2.64,0,0,64.6,60.3,56.6,59.8,10,17
STU1497,Fall 2025,2.73,2.77,0,0,70.7,72.6,49.6,60.9,73,61
STU1498,Fall 2025,3.24,3.34,0,0,76.3,74.3,100.0,100.0,40,55
STU1499,Fall 2025,2.41,2.52,0,0,71.2,77.2,52.5,64.0,23,23
STU1500,Fall 2025,3.04,3.15,1,1,80.6,92.6,59.0,68.9,30,41
STU1501,Fall 2025,2.83,2.81,1,0,83.9,87.6,81.8,69.6,23,21
STU1502,Fall 2025,3.58,3.72,0,0,88.0,84.9,87.1,74.2,36,46
STU1503,Fall 2025,3.86,3.68,0,0,100.0,100.0,71.8,76.0,10,9
STU1504,Fall 2025,2.39,2.39,0,0,81.9,85.3,100.0,100.0,71,69
STU1505,Fall 2025,2.62,2.38,0,0,100.0,97.6,81.0,73.3,47,48
STU1506,Fall 2025,2.55,1.74,0,0,96.2,88.5,76.0,83.9,60,64
STU1507,Fall 2025,2.69,1.8,0,0,93.0,75.7,62.8,65.3,50,44
STU1508,Fall 2025,3.91,3.68,0,0,99.4,98.1,94.3,85.1,77,69
STU1509,Fall 2025,3.05,2.85,0,0,67.0,62.8,92.9,97.3,28,22
STU1510,Fall 2025,3.8,3.61,0,0,98.8,94.1,84.3,72.7,97,89
STU1511,Fall 2025,3.26,3.29,0,0,87.4,88.2,61.2,61.6,97,85
STU1512,Fall 2025,2.97,2.89,0,0,92.4,95.2,82.1,78.0,58,45
STU1513,Fall 2025,2.16,2.76,0,2,59.7,79.7,63.9,70.4,27,39
STU1514,Fall 2025,2.55,2.83,0,0,60.0,,81.6,92.2,27,16
STU1515,Fall 2025,3.2,2.5,0,0,91.4,74.1,89.2,82.1,47,45
STU1516,Fall 2025,2.15,1.86,1,0,75.6,78.5,70.1,72.6,57,61
STU1517,Fall 2025,3.48,3.27,0,0,69.8,65.7,63.3,76.1,75,68
STU1518,Fall 2025,1.74,3.47,0,1,81.8,100.0,72.3,89.7,29,35
STU1519,Fall 2025,2.63,2.98,0,0,62.3,69.4,100.0,96.2,26,26
STU1520,Fall 2025,2.53,3.0,1,1,70.7,85.4,66.8,82.3,51,71
STU1521,Fall 2025,3.42,3.9,2,0,80.3,91.8,81.4,73.3,56,59
STU1522,Fall 2025,2.5,2.5,3,1,30.3,62.2,35.4,57.8,33,56
STU1523,Fall 2025,2.63,2.78,0,0,90.1,87.7,61.8,68.9,66,62
STU1524,Fall 2025,1.51,1.52,1,0,76.0,74.3,81.8,75.9,64,52
STU1525,Fall 2025,4.0,3.98,1,0,77.0,78.4,73.8,74.4,69,57
STU1526,Fall 2025,2.47,2.32,0,1,64.6,65.7,80.7,76.7,78,75
STU1527,Fall 2025,4.0,3.97,0,0,71.2,73.8,64.2,64.9,24,32
STU1528,Fall 2025,3.67,3.6,0,0,60.0,62.3,72.7,63.1,54,68
STU1529,Fall 2025,3.64,3.94,0,0,76.7,89.3,89.1,88.4,22,35
STU1530,Fall 2025,2.49,2.24,0,0,100.0,92.5,71.5,60.8,45,57
STU1531,Fall 2025,3.61,3.54,0,0,70.1,71.2,74.1,67.1,10,7
STU1532,Fall 2025,3.35,3.68,0,0,56.0,65.0,63.6,70.5,81,68
STU1533,Fall 2025,2.33,2.31,0,0,90.9,95.9,83.5,74.3,12,24
STU1534,Fall 2025,3.45,3.59,0,0,73.9,78.4,31.9,46.3,50,53
STU1535,Fall 2025,2.57,2.29,0,0,75.1,77.0,81.3,82.8,41,48
STU1536,Fall 2025,1.86,1.43,0,1,80.1,71.0,99.8,89.8,33,44
STU1537,Fall 2025,1.87,1.66,0,0,88.1,76.9,100.0,89.0,34,22
STU1538,Fall 2025,2.5,2.65,0,0,98.3,98.6,86.0,71.2,37,50
STU1539,Fall 2025,4.0,4.0,1,0,95.1,100.0,100.0,97.1,59,67
STU1540,Fall 2025,3.02,3.15,0,0,80.8,81.5,80.7,77.7,10,15
STU1541,Fall 2025,2.98,3.04,0,0,85.9,88.8,58.0,56.8,78,80
STU1542,Fall 2025,3.71,3.72,0,0,83.8,85.4,86.8,72.0,77,63
STU1543,Fall 2025,2.73,2.8,0,0,67.7,67.6,74.9,79.9,21,23
STU1544,Fall 2025,3.07,2.92,0,0,93.0,89.5,60.6,67.0,29,37
STU1545,Fall 2025,1.16,1.71,1,1,59.2,73.1,71.4,81.8,37,50
STU1546,Fall 2025,2.85,1.86,1,0,88.8,70.4,73.8,72.9,17,14
STU1547,Fall 2025,3.97,3.81,0,0,100.0,99.3,89.0,91.9,79,72
STU1548,Fall 2025,2.47,2.56,0,0,67.4,62.8,73.5,85.9,53,68
STU1549,Fall 2025,3.66,3.54,1,0,93.4,93.0,57.0,67.2,61,59
STU1550,Fall 2025,3.71,3.64,0,0,100.0,100.0,100.0,93.9,10,5
STU1551,Fall 2025,3.32,3.99,0,1,67.8,77.5,53.8,69.0,12,26
STU1552,Fall 2025,2.0,1.91,0,0,85.9,83.0,89.8,93.5,56,59
STU1553,Fall 2025,2.12,2.24,0,1,84.4,81.6,77.0,88.1,36,43
STU1554,Fall 2025,2.78,3.57,2,0,79.9,96.5,56.5,73.7,10,31
STU1555,Fall 2025,2.13,1.2,1,0,89.1,79.9,88.4,81.2,47,55
STU1556,Fall 2025,3.29,3.05,1,0,76.4,73.0,81.8,82.0,55,60
STU1557,Fall 2025,1.54,1.47,0,0,80.4,81.8,80.0,69.5,67,61
STU1558,Fall 2025,2.12,2.35,0,0,68.0,76.5,67.0,64.2,26,24
STU1559,Fall 2025,3.62,3.47,0,0,78.6,74.4,58.5,50.8,66,79
STU1560,Fall 2025,3.31,3.56,0,0,68.7,80.7,37.0,46.3,35,42
STU1561,Fall 2025,3.08,2.99,0,0,82.7,86.3,94.4,84.4,53,65
STU1562,Fall 2025,2.91,2.91,1,0,67.8,67.3,47.9,61.1,34,38
STU1563,Fall 2025,3.8,3.8,1,0,96.4,100.0,63.3,70.0,43,30
STU1564,Fall 2025,3.44,2.5,0,0,73.8,63.9,59.7,68.5,64,67
STU1565,Fall 2025,2.44,2.46,0,0,84.2,88.1,83.7,97.2,33,37
STU1566,Fall 2025,2.89,3.04,1,0,60.0,52.0,82.3,86.6,11,25
STU1567,Fall 2025,3.84,3.69,0,0,76.8,81.1,87.7,84.8,58,53
STU1568,Fall 2025,2.62,2.66,0,0,89.0,89.6,91.2,98.0,40,42
STU1569,Fall 2025,3.11,2.81,0,0,97.2,96.2,62.8,58.9,45,57
STU1570,Fall 2025,2.89,3.05,0,0,100.0,97.2,68.3,59.7,51,60
STU1571,Fall 2025,2.99,2.98,0,0,81.3,81.7,65.7,64.4,51,37
STU1572,Fall 2025,2.82,2.86,1,0,85.1,81.2,82.7,83.1,44,33
STU1573,Fall 2025,3.08,2.97,0,0,92.8,88.3,100.0,89.9,69,65
STU1574,Fall 2025,3.03,3.26,3,2,88.5,95.1,65.8,85.4,54,65
STU1575,Fall 2025,3.07,2.9,0,0,71.4,75.2,52.3,66.9,30,17
STU1576,Fall 2025,3.06,3.02,0,0,84.9,88.4,40.3,44.3,62,53
STU1577,Fall 2025,2.67,2.71,0,0,85.7,84.0,82.8,77.8,53,44
STU1578,Fall 2025,3.65,3.72,0,0,71.7,69.9,73.7,77.7,45,46
STU1579,Fall 2025,3.29,3.05,0,1,77.5,73.7,48.0,62.0,45,40
STU1580,Fall 2025,2.76,1.93,0,0,100.0,92.1,63.5,76.1,23,22
STU1581,Fall 2025,3.48,3.28,0,0,83.7,86.0,89.6,79.2,44,46
STU1582,Fall 2025,3.03,2.95,0,0,81.7,83.2,98.5,94.2,49,48
STU1583,Fall 2025,2.53,,0,0,84.9,84.1,85.0,77.5,76,76
STU1584,Fall 2025,2.42,2.76,0,0,65.4,74.9,86.3,74.0,37,25
STU1585,Fall 2025,2.2,2.74,0,1,69.7,89.5,27.8,50.9,22,43
STU1586,Fall 2025,2.45,2.54,1,0,90.1,89.5,96.5,84.8,47,45
STU1587,Fall 2025,3.87,4.0,0,0,99.1,94.3,84.5,98.1,67,68
STU1588,Fall 2025,4.0,3.82,0,0,95.4,90.5,100.0,90.2,46,40
STU1589,Fall 2025,3.45,3.49,0,0,85.7,86.2,79.5,83.0,39,27
STU1590,Fall 2025,3.49,3.58,0,0,100.0,98.8,56.1,60.1,49,60
STU1591,Fall 2025,3.01,2.27,0,0,95.2,83.1,100.0,98.7,17,21
STU1592,Fall 2025,1.3,1.89,2,0,73.8,91.9,45.7,61.7,0,11
STU1593,Fall 2025,2.91,2.72,2,0,78.1,79.1,77.9,64.6,30,21
STU1594,Fall 2025,3.9,3.84,0,0,100.0,100.0,82.2,83.9,31,31
STU1595,Fall 2025,3.03,,0,0,88.7,87.3,73.2,75.7,53,48
STU1596,Fall 2025,2.36,2.31,0,0,90.3,88.9,58.9,44.9,75,66
STU1597,Fall 2025,2.79,2.76,0,0,78.6,80.9,86.1,92.9,22,36
STU1598,Fall 2025,1.95,1.0,0,0,100.0,100.0,77.2,87.6,57,60
STU1599,Fall 2025,2.87,2.99,0,0,83.6,87.5,93.7,100.0,10,0
STU1600,Fall 2025,1.81,3.41,1,0,69.1,100.0,83.4,100.0,11,32
STU1601,Fall 2025,3.58,3.74,0,1,78.2,75.5,98.6,94.8,42,41
STU1602,Fall 2025,3.87,3.76,0,0,98.9,,75.1,86.0,52,52
STU1603,Fall 2025,2.17,1.93,0,0,90.3,91.5,50.6,55.0,49,51
STU1604,Fall 2025,2.82,3.0,0,1,82.8,79.2,77.2,80.6,82,68
STU1605,Fall 2025,2.67,2.7,0,0,84.4,83.8,91.5,86.1,62,51
STU1606,Fall 2025,3.62,3.59,0,0,82.1,79.7,49.7,47.0,56,43
STU1607,Fall 2025,2.45,2.72,0,0,85.6,95.9,100.0,100.0,23,37
STU1608,Fall 2025,3.58,3.66,0,0,60.0,59.2,73.8,66.4,35,34
STU1609,Fall 2025,2.87,2.5,0,0,94.8,76.9,100.0,98.4,15,21
STU1610,Fall 2025,2.57,2.72,2,0,88.6,92.5,71.1,77.1,52,61
STU1611,Fall 2025,3.38,3.71,1,2,59.4,83.8,53.8,80.7,23,33
STU1612,Fall 2025,3.6,3.36,0,0,100.0,100.0,80.3,77.0,56,49
STU1613,Fall 2025,2.93,3.12,0,0,99.3,96.9,48.3,55.5,25,37
STU1614,Fall 2025,2.7,2.79,2,0,76.1,80.3,98.3,86.4,56,42
STU1615,Fall 2025,3.24,3.12,0,0,91.0,87.2,96.9,92.1,45,35
STU1616,Fall 2025,3.34,3.33,0,1,82.8,82.5,75.4,89.9,61,62
STU1617,Fall 2025,2.84,3.2,1,2,74.2,81.0,40.4,65.1,47,59
STU1618,Fall 2025,3.91,3.99,0,0,89.4,94.0,89.9,79.6,34,42
STU1619,Fall 2025,3.68,3.62,1,0,83.7,80.7,67.8,62.5,41,41
STU1620,Fall 2025,2.65,2.38,0,0,72.5,75.6,84.8,89.8,26,26
STU1621,Fall 2025,2.98,2.8,0,0,77.7,78.5,79.0,88.1,10,8
STU1622,Fall 2025,2.46,2.87,0,0,64.7,76.6,65.4,54.8,12,8
STU1623,Fall 2025,2.79,2.76,0,0,75.5,74.5,84.4,78.0,14,28
STU1624,Fall 2025,2.5,2.16,3,0,55.2,82.2,35.4,57.4,19,27
STU1625,Fall 2025,3.38,3.56,2,0,87.8,88.0,73.4,64.5,63,59
STU1626,Fall 2025,3.08,2.92,1,0,65.4,64.6,90.3,80.0,29,42
STU1627,Fall 2025,3.0,2.38,0,0,64.1,48.8,58.7,63.5,100,92
STU1628,Fall 2025,2.93,2.93,1,0,74.7,71.8,69.3,78.7,53,44
STU1629,Fall 2025,2.82,2.59,0,0,71.9,71.6,66.8,72.0,29,36
STU1630,Fall 2025,2.69,2.8,0,0,81.5,87.1,83.1,83.1,72,60
STU1631,Fall 2025,2.88,2.95,0,2,80.0,78.8,99.8,86.4,10,3
STU1632,Fall 2025,2.78,2.76,1,2,98.5,100.0,54.4,56.1,33,37
STU1633,Fall 2025,3.63,3.43,0,0,72.0,76.2,93.1,100.0,42,33
STU1634,Fall 2025,2.1,2.39,0,0,79.3,88.7,77.4,78.9,65,70
STU1635,Fall 2025,3.15,3.37,1,2,46.5,53.8,64.9,92.4,29,49
STU1636,Fall 2025,3.62,4.0,0,0,87.8,99.6,100.0,100.0,45,40
STU1637,Fall 2025,3.31,3.42,0,0,87.5,88.9,100.0,91.3,59,45
STU1638,Fall 2025,2.01,1.5,0,0,78.5,60.9,100.0,100.0,55,66
STU1639,Fall 2025,3.33,3.53,0,2,75.4,88.3,51.7,64.4,3,22
STU1640,Fall 2025,2.71,3.12,2,2,59.0,72.5,61.2,82.8,0,10
STU1641,Fall 2025,3.57,3.47,0,0,96.7,100.0,66.5,55.0,30,25
STU1642,Fall 2025,2.61,2.47,0,0,77.5,81.0,48.7,63.0,34,26
STU1643,Fall 2025,2.9,2.74,0,0,95.6,98.1,69.1,77.7,56,55
STU1644,Fall 2025,2.54,1.88,0,0,95.4,85.6,84.4,93.5,65,68
STU1645,Fall 2025,2.4,2.23,1,2,82.6,82.7,68.0,72.2,50,51
STU1646,Fall 2025,1.96,1.08,1,0,100.0,88.5,81.8,79.4,60,56
STU1647,Fall 2025,2.64,3.07,0,0,68.3,80.0,51.5,56.1,39,45
STU1648,Fall 2025,3.18,3.22,0,0,88.7,89.6,100.0,88.9,62,67
STU1649,Fall 2025,2.47,2.37,1,0,81.0,84.7,70.4,56.0,49,51
STU1650,Fall 2025,2.99,2.8,0,0,96.5,92.0,98.2,86.1,38,50
STU1651,Fall 2025,2.26,2.6,0,0,94.3,100.0,94.5,94.7,100,86
STU1652,Fall 2025,2.64,2.78,2,0,64.2,77.4,84.0,88.7,37,27
STU1653,Fall 2025,1.91,2.07,0,0,78.6,75.0,95.2,84.4,25,28
STU1654,Fall 2025,2.57,2.09,0,0,93.6,83.7,93.1,100.0,92,91
STU1655,Fall 2025,3.68,3.69,1,0,77.3,78.1,88.9,79.9,23,30
STU1656,Fall 2025,1.98,3.27,3,1,61.5,90.0,76.3,85.9,68,92
STU1657,Fall 2025,2.76,2.71,0,0,81.1,76.6,84.1,87.4,41,37
STU1658,Fall 2025,3.02,2.9,1,0,69.1,73.0,84.2,78.1,60,51
STU1659,Fall 2025,3.09,3.29,0,0,70.6,83.9,45.2,52.2,64,69
STU1660,Fall 2025,2.72,2.63,1,0,84.0,83.2,83.6,96.3,44,37
STU1661,Fall 2025,2.91,,1,0,100.0,87.4,91.9,81.6,65,72
STU1662,Fall 2025,4.0,4.0,0,0,68.0,67.9,99.9,95.1,52,38
STU1663,Fall 2025,2.47,3.63,1,0,66.4,80.3,68.5,87.6,41,47
STU1664,Fall 2025,3.97,4.0,0,0,85.2,88.9,92.5,87.2,52,48
STU1665,Fall 2025,2.48,3.01,2,1,59.0,81.0,72.5,100.0,51,64
STU1666,Fall 2025,3.35,3.33,0,2,35.8,75.7,76.1,86.8,37,48
STU1667,Fall 2025,3.09,3.45,0,0,70.5,81.2,94.7,88.4,75,68
STU1668,Fall 2025,2.16,3.49,0,0,46.8,79.6,49.7,68.0,83,93
STU1669,Fall 2025,2.79,1.86,1,0,91.7,82.1,100.0,93.4,13,14
STU1670,Fall 2025,3.03,,1,0,85.5,80.3,73.8,80.9,62,68
STU1671,Fall 2025,2.85,2.5,1,0,77.7,67.0,81.2,84.9,29,37
STU1672,Fall 2025,2.5,2.34,3,1,44.3,70.6,37.4,65.9,0,9
STU1673,Fall 2025,1.43,3.2,3,0,35.2,65.6,52.2,68.7,15,31
STU1674,Fall 2025,2.8,2.87,0,0,74.1,75.4,64.3,67.5,32,44
STU1675,Fall 2025,2.84,2.88,2,0,72.4,76.1,72.8,81.0,27,36
STU1676,Fall 2025,2.62,1.92,0,0,94.1,80.8,85.4,71.1,47,39
STU1677,Fall 2025,2.61,2.36,0,0,72.1,71.7,69.0,70.0,81,73
STU1678,Fall 2025,3.05,2.93,0,0,75.0,72.2,56.5,63.7,70,61
STU1679,Fall 2025,3.26,3.13,0,0,67.8,67.0,71.4,66.9,24,29
STU1680,Fall 2025,3.07,2.16,1,0,78.3,62.2,76.1,85.9,10,4
STU1681,Fall 2025,2.74,2.91,1,0,80.2,89.2,100.0,89.9,43,41
STU1682,Fall 2025,2.31,2.97,2,2,71.2,90.9,53.0,75.2,29,35
STU1683,Fall 2025,2.66,3.03,2,0,57.7,65.8,100.0,97.8,37,45
STU1684,Fall 2025,2.79,2.35,0,0,95.5,,72.5,67.1,51,41
STU1685,Fall 2025,2.51,2.91,2,0,76.6,87.7,100.0,94.1,46,48
STU1686,Fall 2025,2.5,1.65,0,0,35.8,74.7,66.6,74.2,48,66
STU1687,Fall 2025,1.19,1.82,1,1,66.8,84.1,36.0,58.9,14,33
STU1688,Fall 2025,2.59,2.86,0,0,86.4,95.7,76.6,71.3,27,19
STU1689,Fall 2025,3.87,3.59,2,0,74.7,73.4,100.0,94.3,48,53
STU1690,Fall 2025,2.46,2.34,1,0,68.5,71.9,84.9,76.9,10,3
STU1691,Fall 2025,3.18,3.09,0,0,85.6,82.6,84.3,82.5,47,61
STU1692,Fall 2025,3.22,3.35,0,0,75.7,77.0,77.9,67.8,47,48
STU1693,Fall 2025,2.63,3.03,0,0,65.2,74.6,55.6,55.5,54,66
STU1694,Fall 2025,2.18,2.65,0,0,79.1,91.3,80.9,94.4,73,62
STU1695,Fall 2025,2.1,2.27,0,0,77.0,80.2,81.5,76.1,23,36
STU1696,Fall 2025,1.67,1.41,0,0,94.6,76.7,68.7,59.3,25,18
STU1697,Fall 2025,3.13,2.88,1,1,84.0,80.0,98.6,85.9,39,40
STU1698,Fall 2025,2.32,2.02,0,0,70.2,60.8,56.2,63.4,76,66
STU1699,Fall 2025,2.42,2.52,3,2,66.3,81.9,71.0,99.9,21,30
STU1700,Fall 2025,2.27,2.56,0,0,77.1,85.6,80.4,82.9,53,58
STU1701,Fall 2025,2.45,2.8,3,1,44.5,64.9,79.6,100.0,4,17
STU1702,Fall 2025,4.0,3.99,0,1,96.1,92.2,90.5,82.3,79,67
STU1703,Fall 2025,2.19,1.85,0,0,100.0,93.4,92.4,82.7,40,47
STU1704,Fall 2025,2.76,2.5,0,0,94.6,82.3,59.5,64.8,38,28
STU1705,Fall 2025,3.38,3.25,2,0,95.2,97.5,66.0,80.4,86,100
STU1706,Fall 2025,3.18,3.33,0,0,80.0,78.2,88.7,86.8,62,52
STU1707,Fall 2025,2.34,2.4,1,0,62.0,64.1,34.4,42.4,79,84
STU1708,Fall 2025,2.81,2.59,0,0,72.2,74.7,44.7,57.4,35,50
STU1709,Fall 2025,2.06,1.46,0,1,100.0,97.6,70.8,74.5,24,28
STU1710,Fall 2025,2.19,1.74,2,0,94.3,77.5,56.0,59.8,10,0
STU1711,Fall 2025,2.57,2.64,0,1,88.1,90.0,56.5,57.5,49,37
STU1712,Fall 2025,3.02,3.06,0,0,84.8,87.3,72.5,74.2,39,35
STU1713,Fall 2025,2.19,2.51,0,0,63.5,77.7,100.0,100.0,10,10
STU1714,Fall 2025,2.16,1.42,0,0,100.0,100.0,97.4,82.7,55,58
STU1715,Fall 2025,3.31,3.41,1,0,73.5,70.9,80.3,72.2,32,23
STU1716,Fall 2025,2.39,3.05,3,1,81.6,95.2,91.8,100.0,32,40
STU1717,Fall 2025,2.44,2.18,0,0,72.4,70.7,98.8,86.9,35,34
STU1718,Fall 2025,2.73,3.21,1,0,74.4,86.1,85.2,100.0,56,68
STU1719,Fall 2025,2.35,2.6,3,0,53.1,73.4,71.0,99.4,75,82
STU1720,Fall 2025,3.01,2.42,1,1,92.8,83.1,100.0,100.0,52,53
STU1721,Fall 2025,3.33,3.3,0,0,95.3,91.1,73.4,73.6,41,29
STU1722,Fall 2025,2.95,2.79,0,1,92.2,91.6,81.9,92.2,54,68
STU1723,Fall 2025,2.46,2.63,0,0,100.0,98.9,86.2,80.1,55,55
STU1724,Fall 2025,2.91,3.05,0,0,100.0,100.0,81.7,74.7,10,13
STU1725,Fall 2025,4.0,4.0,2,1,60.0,55.3,44.8,47.1,40,46
STU1726,Fall 2025,3.3,2.37,0,0,94.7,78.0,48.0,55.1,48,55
STU1727,Fall 2025,3.59,3.5,0,0,73.9,72.1,80.0,75.9,34,39
STU1728,Fall 2025,2.79,2.82,2,0,56.0,76.9,55.8,73.3,37,60
STU1729,Fall 2025,3.26,3.21,0,0,79.9,79.4,55.8,68.4,56,44
STU1730,Fall 2025,3.64,4.0,0,0,84.6,93.0,93.6,100.0,38,25
STU1731,Fall 2025,1.37,1.55,1,0,65.8,64.1,55.2,68.5,40,53
STU1732,Fall 2025,2.84,3.24,0,1,59.8,66.3,41.9,39.7,43,56
STU1733,Fall 2025,3.57,3.58,0,0,83.3,80.9,74.2,71.3,35,34
STU1734,Fall 2025,2.73,2.13,1,0,100.0,93.0,68.2,77.7,76,73
STU1735,Fall 2025,2.65,1.71,0,0,86.7,71.9,87.4,77.6,51,44
STU1736,Fall 2025,0.84,1.13,1,1,71.3,86.7,52.5,81.8,18,39
STU1737,Fall 2025,3.16,3.21,0,1,88.1,84.1,55.7,46.7,93,87
STU1738,Fall 2025,2.98,2.5,1,0,75.8,70.2,82.7,90.1,29,27
STU1739,Fall 2025,3.75,3.65,1,0,70.9,72.3,64.8,74.8,11,5
STU1740,Fall 2025,3.56,3.56,0,0,92.4,97.3,91.9,79.6,44,39
STU1741,Fall 2025,1.62,2.02,0,0,74.1,80.2,93.8,83.3,37,48
STU1742,Fall 2025,2.74,2.21,2,0,100.0,93.9,96.2,89.6,64,54
STU1743,Fall 2025,3.6,3.71,0,0,61.6,76.0,93.6,79.3,21,27
STU1744,Fall 2025,3.13,2.94,0,0,97.0,100.0,82.2,72.7,66,53
STU1745,Fall 2025,4.0,4.0,0,0,88.2,91.5,70.5,78.2,45,38
STU1746,Fall 2025,2.72,3.18,0,0,55.9,,76.1,66.2,10,17
STU1747,Fall 2025,3.58,3.47,0,0,64.7,68.8,70.8,70.2,39,39
STU1748,Fall 2025,4.0,4.0,0,0,69.1,67.1,79.4,68.6,57,50
STU1749,Fall 2025,3.21,3.06,0,0,95.7,97.7,84.9,70.1,53,65
STU1750,Fall 2025,2.41,2.83,0,0,57.7,71.1,100.0,90.7,59,58
STU1751,Fall 2025,2.39,2.28,0,0,76.3,79.5,37.1,40.7,54,43
STU1752,Fall 2025,2.3,2.46,0,2,75.6,82.4,40.1,48.4,59,57
STU1753,Fall 2025,3.61,3.33,1,0,70.8,75.5,80.7,74.0,22,30
STU1754,Fall 2025,3.51,3.35,0,0,69.7,70.7,65.7,76.5,18,11
STU1755,Fall 2025,3.02,3.4,3,2,69.0,,73.4,84.3,10,25
STU1756,Fall 2025,2.49,2.65,0,1,80.8,81.3,72.0,66.2,10,19
STU1757,Fall 2025,2.01,2.11,2,0,74.3,84.7,56.1,66.6,54,66
STU1758,Fall 2025,3.56,3.39,2,0,76.0,75.9,52.7,64.2,22,31
STU1759,Fall 2025,2.54,1.66,0,0,70.1,57.1,57.8,70.8,35,43
STU1760,Fall 2025,3.64,3.96,0,0,58.8,70.0,89.7,80.8,53,48
STU1761,Fall 2025,2.86,2.93,0,0,60.0,56.1,76.0,86.1,66,56
STU1762,Fall 2025,2.62,2.54,0,0,100.0,100.0,73.1,61.6,10,14
STU1763,Fall 2025,3.57,3.83,1,0,69.4,76.8,65.3,63.0,52,61
STU1764,Fall 2025,1.02,1.37,1,0,70.9,81.7,85.0,80.4,63,55
STU1765,Fall 2025,3.88,3.66,0,0,95.2,94.3,62.8,72.2,59,46
STU1766,Fall 2025,2.38,2.54,0,0,87.3,85.1,92.0,84.1,84,73
STU1767,Fall 2025,2.11,2.19,0,0,60.8,59.7,57.0,68.5,72,61
STU1768,Fall 2025,2.83,2.9,0,0,74.4,75.9,70.5,75.9,52,53
STU1769,Fall 2025,3.55,3.61,0,0,79.5,82.7,33.9,46.7,48,46
STU1770,Fall 2025,2.76,2.82,0,0,83.0,82.3,77.9,82.9,37,33
STU1771,Fall 2025,2.31,1.87,2,0,80.9,71.8,80.8,82.6,69,79
STU1772,Fall 2025,2.06,2.2,0,2,72.1,73.2,54.4,67.0,52,59
STU1773,Fall 2025,2.28,2.89,3,2,54.0,61.9,34.3,58.2,20,40
STU1774,Fall 2025,2.55,2.77,3,1,78.8,95.3,33.6,52.3,62,71
STU1775,Fall 2025,3.4,3.51,0,0,84.2,81.5,76.1,62.1,44,49
STU1776,Fall 2025,2.76,2.5,1,0,84.2,74.0,77.8,68.8,47,48
STU1777,Fall 2025,1.76,2.09,0,0,87.7,100.0,41.9,54.5,42,35
STU1778,Fall 2025,3.16,3.34,2,0,60.0,60.6,91.4,79.1,65,68
STU1779,Fall 2025,3.8,3.95,0,0,77.2,75.9,100.0,98.4,36,46
STU1780,Fall 2025,3.47,3.53,0,0,72.3,72.5,59.2,73.6,27,41
STU1781,Fall 2025,3.25,3.03,0,0,65.4,63.8,69.1,83.1,57,61
STU1782,Fall 2025,3.31,3.19,0,0,45.8,69.8,80.1,100.0,9,15
STU1783,Fall 2025,1.0,1.0,0,0,76.6,75.6,100.0,99.2,27,24
STU1784,Fall 2025,3.48,3.19,0,0,81.0,76.5,90.6,88.3,62,52
STU1785,Fall 2025,3.38,3.52,0,0,78.6,83.0,54.3,57.8,12,15
STU1786,Fall 2025,2.41,2.99,1,1,62.5,70.3,57.1,71.0,49,61
STU1787,Fall 2025,2.34,1.71,0,0,93.9,76.6,75.8,69.1,10,11
STU1788,Fall 2025,2.7,,0,0,100.0,97.9,95.0,100.0,56,52
STU1789,Fall 2025,2.98,2.98,0,0,68.5,71.2,61.6,67.8,16,19
STU1790,Fall 2025,3.38,2.5,0,0,80.5,73.1,75.0,85.9,77,74
STU1791,Fall 2025,3.75,3.93,0,0,82.6,83.8,74.2,88.4,81,69
STU1792,Fall 2025,2.96,,0,0,63.6,69.0,100.0,100.0,64,55
STU1793,Fall 2025,2.78,2.64,0,0,94.9,97.7,84.5,97.7,46,42
STU1794,Fall 2025,2.38,2.13,1,0,75.2,70.6,97.5,100.0,38,41
STU1795,Fall 2025,3.64,3.38,2,0,78.8,81.8,77.9,65.2,30,26
STU1796,Fall 2025,1.95,1.68,0,1,100.0,88.6,75.9,64.2,66,56
STU1797,Fall 2025,3.49,3.43,0,0,75.4,72.2,63.0,58.7,29,37
STU1798,Fall 2025,2.05,2.38,0,0,50.0,60.0,95.5,98.2,53,39
STU1799,Fall 2025,2.76,2.32,1,0,89.8,74.3,64.8,73.2,40,55
STU1800,Fall 2025,2.93,2.98,0,0,87.0,83.8,89.7,79.8,51,54
STU1801,Fall 2025,1.53,3.32,0,0,39.1,65.7,74.8,91.0,0,1
STU1802,Fall 2025,2.68,2.87,0,0,76.0,74.2,92.9,100.0,42,28
STU1803,Fall 2025,3.21,3.08,0,0,60.2,58.3,86.8,73.0,44,48
STU1804,Fall 2025,2.23,2.02,0,0,100.0,99.1,69.7,74.2,31,45
STU1805,Fall 2025,3.94,3.93,1,0,73.2,77.8,47.1,49.4,33,46
STU1806,Fall 2025,2.06,2.19,0,0,90.5,93.1,100.0,89.1,19,25
STU1807,Fall 2025,3.4,3.44,0,0,90.1,91.3,55.0,62.2,23,37
STU1808,Fall 2025,2.8,2.08,1,2,100.0,97.2,63.4,67.1,12,15
STU1809,Fall 2025,2.74,3.07,0,0,75.2,83.3,67.3,69.0,10,0
STU1810,Fall 2025,3.45,,0,0,100.0,85.3,62.6,65.1,57,66
STU1811,Fall 2025,3.55,3.26,0,0,94.5,91.3,100.0,100.0,64,64
STU1812,Fall 2025,3.25,2.97,0,0,65.3,68.2,100.0,90.5,45,44
STU1813,Fall 2025,3.52,3.91,0,0,82.9,91.7,67.1,77.6,65,51
STU1814,Fall 2025,2.69,2.63,0,0,87.2,85.3,82.5,73.8,46,41
STU1815,Fall 2025,2.82,2.89,0,0,92.9,90.1,91.7,80.0,11,11
STU1816,Fall 2025,4.0,,1,1,58.1,90.8,53.3,62.5,37,44
STU1817,Fall 2025,3.2,3.33,0,0,100.0,100.0,65.0,66.8,40,54
STU1818,Fall 2025,2.59,,1,0,87.1,84.1,94.5,85.8,23,18
STU1819,Fall 2025,2.25,1.51,0,0,93.0,75.7,65.4,80.1,10,4
STU1820,Fall 2025,2.64,2.83,0,0,62.8,77.3,72.1,71.7,39,50
STU1821,Fall 2025,3.8,4.0,0,0,84.3,88.3,96.4,88.5,35,24
STU1822,Fall 2025,3.25,3.29,1,1,74.6,74.4,63.0,66.6,49,35
STU1823,Fall 2025,2.16,2.29,2,0,95.4,100.0,86.3,87.1,48,55
STU1824,Fall 2025,2.6,2.6,0,0,78.9,77.2,87.2,90.0,61,60
STU1825,Fall 2025,3.7,3.73,1,0,90.2,87.3,93.8,87.0,43,35
STU1826,Fall 2025,2.49,2.19,0,0,100.0,99.8,95.0,89.5,48,60
STU1827,Fall 2025,3.23,3.37,1,2,76.7,76.9,76.7,88.5,67,67
STU1828,Fall 2025,2.63,3.73,3,1,63.7,74.8,63.0,76.0,62,72
STU1829,Fall 2025,3.74,3.52,0,0,96.5,97.2,25.1,37.6,43,43
STU1830,Fall 2025,3.92,,0,0,73.3,72.0,58.8,67.0,15,23
STU1831,Fall 2025,1.61,3.6,1,0,39.0,79.0,65.4,92.7,60,78
STU1832,Fall 2025,2.01,1.4,0,1,100.0,91.4,87.0,80.1,38,38
STU1833,Fall 2025,3.92,3.86,1,0,69.9,71.8,62.7,74.6,17,27
STU1834,Fall 2025,2.22,1.95,1,0,70.9,69.6,68.7,56.4,71,86
STU1835,Fall 2025,2.89,2.06,0,0,85.0,75.5,53.9,66.8,37,23
STU1836,Fall 2025,3.07,3.05,0,0,76.8,81.6,83.1,76.5,61,74
STU1837,Fall 2025,2.76,2.72,0,0,75.6,79.3,90.8,76.3,32,47
STU1838,Fall 2025,3.11,3.16,0,0,79.7,79.9,56.2,71.1,42,40
STU1839,Fall 2025,2.06,3.29,0,0,42.3,61.6,46.3,70.5,31,37
STU1840,Fall 2025,2.96,2.89,0,0,87.6,87.1,64.0,76.8,52,54
STU1841,Fall 2025,2.46,,0,0,71.3,71.1,79.4,66.9,21,12
STU1842,Fall 2025,3.53,3.42,0,0,95.8,96.9,98.9,94.0,16,29
STU1843,Fall 2025,3.63,3.52,2,0,88.7,88.9,68.0,70.2,46,39
STU1844,Fall 2025,3.35,3.22,1,0,90.0,94.3,96.8,85.2,47,47
STU1845,Fall 2025,1.83,2.15,2,2,77.9,86.4,59.3,79.8,21,42
STU1846,Fall 2025,2.21,2.69,0,0,69.2,76.7,71.6,84.6,10,0
STU1847,Fall 2025,2.06,2.05,1,0,78.4,73.4,48.6,60.6,66,55
STU1848,Fall 2025,2.66,2.55,0,0,82.4,79.7,100.0,96.1,50,41
STU1849,Fall 2025,3.7,,1,2,58.1,70.2,48.6,69.0,44,57
STU1850,Fall 2025,3.24,2.95,0,0,67.0,71.5,46.2,58.7,64,58
STU1851,Fall 2025,4.0,4.0,1,0,81.7,78.4,91.5,79.4,32,36
STU1852,Fall 2025,2.36,1.75,0,0,100.0,100.0,61.5,73.8,33,39
STU1853,Fall 2025,3.37,4.0,2,0,92.5,99.5,50.5,79.5,54,76
STU1854,Fall 2025,2.99,2.32,0,0,100.0,91.5,80.4,72.9,64,52
STU1855,Fall 2025,2.91,3.34,3,1,54.3,76.5,80.8,92.6,45,51
STU1856,Fall 2025,2.03,,0,0,50.0,51.9,70.7,73.3,63,68
STU1857,Fall 2025,2.75,3.13,0,0,66.7,78.1,97.6,96.7,43,53
STU1858,Fall 2025,2.97,3.14,0,0,81.3,85.2,50.1,60.5,66,52
STU1859,Fall 2025,3.58,4.0,0,0,76.5,83.8,70.2,70.6,22,24
STU1860,Fall 2025,3.11,3.29,0,0,73.6,79.6,67.7,64.1,13,23
STU1861,Fall 2025,1.32,1.5,1,0,79.4,74.7,54.8,59.6,41,36
STU1862,Fall 2025,3.08,2.86,0,0,94.9,90.3,85.0,85.7,46,32
STU1863,Fall 2025,3.41,3.35,0,0,100.0,100.0,81.0,81.0,83,91
STU1864,Fall 2025,2.37,2.13,0,0,74.2,74.0,67.7,73.9,55,49
STU1865,Fall 2025,1.87,2.61,3,1,57.3,69.5,64.4,84.7,11,24
STU1866,Fall 2025,3.87,3.96,1,2,60.0,100.0,36.6,61.9,0,10
STU1867,Fall 2025,1.94,2.13,0,0,74.5,80.1,68.8,81.1,47,55
STU1868,Fall 2025,2.96,2.74,0,0,100.0,100.0,45.4,60.0,45,54
STU1869,Fall 2025,3.11,3.13,0,0,65.0,63.2,68.2,80.4,12,21
STU1870,Fall 2025,3.35,3.53,1,0,92.3,87.7,48.7,58.6,67,62
STU1871,Fall 2025,3.91,3.75,0,0,68.9,73.7,71.7,62.2,53,46
STU1872,Fall 2025,3.0,,0,0,82.3,81.2,100.0,100.0,33,34
STU1873,Fall 2025,3.23,3.26,0,0,94.0,89.5,100.0,100.0,24,39
STU1874,Fall 2025,2.44,2.04,0,0,91.9,78.9,100.0,100.0,71,73
STU1875,Fall 2025,3.44,3.15,1,0,87.5,88.6,94.5,88.2,75,80
STU1876,Fall 2025,2.72,2.56,0,0,74.8,77.1,84.1,73.4,10,0
STU1877,Fall 2025,2.12,2.57,2,0,73.7,84.2,95.0,82.7,77,67
STU1878,Fall 2025,3.07,2.92,0,0,97.6,97.8,51.0,63.6,53,64
STU1879,Fall 2025,4.0,3.95,1,1,85.0,82.5,57.3,67.8,51,55
STU1880,Fall 2025,2.56,2.51,0,0,81.8,80.9,54.0,65.3,40,29
STU1881,Fall 2025,2.8,2.89,0,0,88.4,86.4,65.4,79.5,17,12
STU1882,Fall 2025,2.58,3.25,1,1,61.0,,55.8,80.8,29,36
STU1883,Fall 2025,4.0,3.87,0,0,94.1,,84.0,89.1,18,33
STU1884,Fall 2025,4.0,3.72,0,0,64.5,68.7,78.6,83.5,36,40
STU1885,Fall 2025,2.85,2.2,0,0,88.6,79.3,77.2,82.8,43,34
STU1886,Fall 2025,2.67,2.54,0,0,68.3,72.5,87.6,83.8,54,42
STU1887,Fall 2025,3.12,3.11,0,0,85.5,89.9,83.2,69.7,30,35
STU1888,Fall 2025,2.59,2.39,0,0,79.4,77.1,79.4,88.8,47,46
STU1889,Fall 2025,2.42,2.73,0,0,64.4,74.2,100.0,100.0,15,25
STU1890,Fall 2025,2.32,2.72,3,1,80.2,89.4,52.5,79.1,48,57
STU1891,Fall 2025,2.8,,0,0,95.5,96.9,80.4,75.5,19,32
STU1892,Fall 2025,2.65,2.76,0,0,97.2,100.0,68.1,74.4,16,5
STU1893,Fall 2025,2.72,2.97,0,1,58.5,72.6,73.0,62.0,28,42
STU1894,Fall 2025,2.69,2.68,0,0,79.7,84.1,90.5,81.9,70,58
STU1895,Fall 2025,3.44,3.29,0,0,92.9,94.7,60.7,73.7,55,43
STU1896,Fall 2025,3.33,3.46,1,0,78.6,78.5,93.7,94.2,49,49
STU1897,Fall 2025,2.42,2.61,0,0,76.0,76.2,69.4,80.5,44,54
STU1898,Fall 2025,1.63,1.63,0,1,100.0,100.0,53.3,63.9,47,56
STU1899,Fall 2025,3.36,3.54,0,0,90.5,86.0,76.0,66.8,40,46
STU1900,Fall 2025,1.86,2.34,0,0,71.6,81.0,46.1,45.2,14,11
STU1901,Fall 2025,3.09,2.2,1,0,96.3,87.1,68.3,57.0,10,23
STU1902,Fall 2025,2.23,2.13,1,1,91.7,87.3,87.8,88.8,36,40
STU1903,Fall 2025,3.75,,0,0,63.3,61.1,65.4,78.3,44,33
STU1904,Fall 2025,3.36,3.58,0,0,69.6,76.5,100.0,98.0,72,71
STU1905,Fall 2025,2.59,2.31,0,0,84.9,84.4,42.2,52.7,69,71
STU1906,Fall 2025,3.36,3.52,2,0,97.2,99.2,47.1,37.0,51,43
STU1907,Fall 2025,1.29,1.92,3,2,74.4,87.7,51.3,80.9,18,31
STU1908,Fall 2025,2.98,2.83,1,0,91.7,,62.4,71.1,58,49
STU1909,Fall 2025,3.66,3.69,0,0,65.6,70.2,75.7,84.3,11,11
STU1910,Fall 2025,1.63,1.8,0,0,82.3,82.2,64.8,72.2,39,40
STU1911,Fall 2025,2.46,2.2,0,0,60.0,50.5,72.5,85.2,53,64
STU1912,Fall 2025,2.21,3.35,0,1,22.1,47.7,34.8,49.6,0,14
STU1913,Fall 2025,2.81,2.8,0,1,52.9,78.5,39.2,63.6,30,40
STU1914,Fall 2025,3.56,3.57,0,0,82.9,83.3,80.6,86.6,69,73
STU1915,Fall 2025,2.97,2.89,0,0,96.2,95.1,79.9,68.9,43,34
STU1916,Fall 2025,2.56,2.36,0,0,79.4,78.7,83.0,79.6,42,44
STU1917,Fall 2025,1.84,2.32,2,2,59.9,71.9,76.7,99.3,63,69
STU1918,Fall 2025,3.16,3.01,0,0,90.4,92.1,84.4,98.3,36,45
STU1919,Fall 2025,3.63,3.58,0,0,60.6,64.3,70.2,72.6,61,65
STU1920,Fall 2025,2.94,3.1,0,0,93.7,100.0,78.6,84.5,44,55
STU1921,Fall 2025,2.44,2.35,1,0,88.7,89.8,56.7,61.4,46,52
STU1922,Fall 2025,3.45,3.54,0,0,82.7,81.1,56.4,61.3,71,67
STU1923,Fall 2025,1.88,1.99,0,0,80.8,83.3,86.9,100.0,43,37
STU1924,Fall 2025,4.0,4.0,2,0,92.4,88.6,83.0,92.3,14,12
STU1925,Fall 2025,2.51,2.82,0,0,86.7,100.0,84.4,70.8,51,51
STU1926,Fall 2025,2.73,2.49,0,0,100.0,89.1,95.3,85.7,71,58
STU1927,Fall 2025,3.19,2.37,0,1,100.0,91.0,90.1,75.3,53,45
STU1928,Fall 2025,3.64,3.55,0,0,92.7,95.2,100.0,100.0,22,21
STU1929,Fall 2025,2.41,2.52,0,0,92.7,94.9,58.0,57.3,81,73
STU1930,Fall 2025,3.9,4.0,0,0,85.2,85.1,62.5,68.3,36,24
STU1931,Fall 2025,2.99,2.88,0,0,85.2,81.0,79.7,81.1,20,17
STU1932,Fall 2025,3.41,3.65,0,0,53.5,64.8,79.6,88.2,17,25
STU1933,Fall 2025,2.03,1.76,0,0,60.0,57.7,65.1,71.0,59,64
STU1934,Fall 2025,2.94,2.5,0,0,100.0,94.8,87.1,91.8,60,48
STU1935,Fall 2025,3.88,3.93,0,0,81.8,81.9,67.3,66.2,55,58
STU1936,Fall 2025,3.71,3.82,0,0,99.8,100.0,64.8,68.2,10,12
STU1937,Fall 2025,4.0,3.8,0,0,95.3,93.5,100.0,100.0,45,56
STU1938,Fall 2025,3.25,3.29,0,0,61.1,60.0,75.4,61.3,30,29
STU1939,Fall 2025,2.83,3.05,0,0,85.1,92.8,63.8,75.3,21,19
STU1940,Fall 2025,3.34,2.5,0,0,79.7,70.6,84.3,80.4,12,27
STU1941,Fall 2025,3.21,2.42,0,0,89.6,80.3,93.4,87.8,71,70
STU1942,Fall 2025,2.99,3.12,0,0,77.8,80.7,71.9,70.3,22,10
STU1943,Fall 2025,1.89,1.82,0,1,95.4,92.6,76.5,74.6,52,60
STU1944,Fall 2025,2.53,,0,0,100.0,96.7,59.0,73.4,37,45
STU1945,Fall 2025,2.4,2.49,0,0,60.0,60.2,64.3,75.6,52,45
STU1946,Fall 2025,3.28,3.03,1,0,83.6,88.5,69.7,79.7,40,31
STU1947,Fall 2025,2.9,3.14,0,0,94.6,100.0,80.9,85.1,69,64
STU1948,Fall 2025,3.28,3.4,1,0,95.9,100.0,85.3,79.0,66,70
STU1949,Fall 2025,2.74,2.54,0,0,63.4,66.4,52.1,58.4,37,50
STU1950,Fall 2025,2.32,2.39,1,2,80.7,83.1,84.8,82.3,26,31
STU1951,Fall 2025,3.47,3.65,0,0,85.1,97.5,58.6,63.2,19,23
STU1952,Fall 2025,2.94,3.34,0,0,60.6,74.8,83.5,76.0,79,66
STU1953,Fall 2025,3.73,3.47,0,0,86.1,86.7,100.0,89.0,49,51
STU1954,Fall 2025,2.57,2.88,0,0,75.8,89.2,67.7,73.0,100,89
STU1955,Fall 2025,2.83,3.34,3,1,44.3,69.2,67.4,86.4,0,13
STU1956,Fall 2025,1.86,2.44,1,1,63.7,82.5,36.1,60.9,49,55
STU1957,Fall 2025,1.87,1.78,1,0,87.9,92.0,75.0,77.3,24,30
STU1958,Fall 2025,3.12,2.99,0,0,67.4,71.7,100.0,100.0,28,18
STU1959,Fall 2025,3.51,3.24,0,0,81.8,80.0,64.3,78.5,35,48
STU1960,Fall 2025,2.89,2.96,1,0,90.2,85.5,75.3,63.7,50,56
STU1961,Fall 2025,3.1,2.26,0,0,82.3,75.8,74.9,70.6,19,13
STU1962,Fall 2025,2.66,2.69,0,1,70.1,71.0,69.3,72.9,65,64
STU1963,Fall 2025,3.5,3.21,0,1,91.1,91.7,74.3,73.6,36,31
STU1964,Fall 2025,2.03,1.94,2,0,87.2,84.8,70.3,80.6,67,57
STU1965,Fall 2025,3.56,3.5,0,0,83.1,87.0,75.6,66.7,81,80
STU1966,Fall 2025,2.06,1.78,0,0,100.0,84.7,60.3,72.1,45,56
STU1967,Fall 2025,2.57,2.71,1,2,78.6,79.5,95.4,92.7,13,20
STU1968,Fall 2025,2.74,3.1,0,0,69.5,74.9,71.8,86.3,11,21
STU1969,Fall 2025,2.3,2.02,0,1,72.5,76.1,85.1,91.4,10,14
STU1970,Fall 2025,2.6,2.35,0,0,79.5,80.4,64.7,64.3,77,72
STU1971,Fall 2025,3.7,3.59,1,0,78.6,74.7,69.0,73.9,75,84
STU1972,Fall 2025,2.35,2.27,2,0,82.5,79.5,59.2,64.6,66,60
STU1973,Fall 2025,3.91,4.0,0,0,73.8,,86.5,89.5,53,50
STU1974,Fall 2025,2.83,2.91,0,0,89.7,87.1,31.7,44.1,75,85
STU1975,Fall 2025,3.51,3.75,0,0,50.0,57.3,88.5,76.8,10,1
STU1976,Fall 2025,2.35,3.06,2,0,91.3,98.7,54.7,77.8,53,67
STU1977,Fall 2025,2.52,1.59,0,0,83.2,66.4,67.1,61.9,20,27
STU1978,Fall 2025,2.27,1.83,0,0,94.8,83.2,70.3,74.5,30,22
STU1979,Fall 2025,2.91,2.88,2,2,36.7,74.5,30.2,59.3,0,9
STU1980,Fall 2025,2.82,2.73,0,0,60.6,61.8,91.4,79.5,17,31
STU1981,Fall 2025,2.53,2.48,0,0,91.2,87.2,58.3,71.6,42,33
STU1982,Fall 2025,3.77,3.65,0,0,92.0,89.3,56.3,64.2,52,55
STU1983,Fall 2025,3.98,4.0,0,1,99.1,94.7,90.0,94.7,27,24
STU1984,Fall 2025,3.93,3.67,0,0,60.0,58.1,66.5,64.7,19,8
STU1985,Fall 2025,2.44,2.56,0,0,79.3,76.6,85.7,78.2,58,48
STU1986,Fall 2025,2.54,2.46,0,0,89.7,88.3,84.9,89.8,54,46
STU1987,Fall 2025,3.24,3.67,0,0,67.6,82.0,81.5,70.3,27,20
STU1988,Fall 2025,3.08,3.04,0,0,96.6,100.0,82.4,76.6,33,31
STU1989,Fall 2025,3.1,3.42,0,0,85.3,96.3,56.0,60.6,32,47
STU1990,Fall 2025,2.72,2.24,0,0,97.4,87.9,55.0,63.9,51,42
STU1991,Fall 2025,2.0,1.47,0,0,97.2,81.7,43.0,56.7,13,17
STU1992,Fall 2025,2.48,2.55,0,0,63.1,66.4,79.0,92.3,50,47
STU1993,Fall 2025,1.84,1.6,1,0,100.0,,93.0,78.6,31,44
STU1994,Fall 2025,3.15,2.99,0,0,67.9,68.0,77.4,78.6,19,29
STU1995,Fall 2025,2.58,2.51,1,0,88.9,89.7,61.1,55.9,57,60
STU1996,Fall 2025,3.71,3.63,0,0,81.9,83.4,81.1,79.9,74,70
STU1997,Fall 2025,1.94,2.58,2,2,78.4,85.9,75.6,85.4,4,21
STU1998,Fall 2025,2.43,2.64,0,0,58.1,63.4,86.7,80.5,37,27
STU1999,Fall 2025,3.02,3.16,0,0,85.0,83.0,87.9,91.7,35,41
STU2000,Fall 2025,1.77,1.96,0,0,92.5,89.5,71.3,67.7,55,65
STU2001,Fall 2025,3.72,3.84,0,0,90.8,100.0,94.9,92.1,25,23
STU2002,Fall 2025,3.03,3.06,0,0,77.0,73.8,53.7,62.9,54,53
STU2003,Fall 2025,2.5,2.26,0,0,60.0,94.4,63.9,86.3,35,59
STU2004,Fall 2025,2.68,2.19,0,0,100.0,97.1,100.0,94.1,10,21
STU2005,Fall 2025,3.22,3.09,1,0,94.6,92.8,70.0,70.2,71,66
STU2006,Fall 2025,2.51,2.63,1,0,72.7,81.3,80.1,86.1,10,10
STU2007,Fall 2025,3.15,3.12,0,0,79.5,80.2,82.8,90.0,39,46
STU2008,Fall 2025,3.7,3.7,0,0,67.4,65.1,91.5,100.0,21,31
STU2009,Fall 2025,1.72,1.66,1,1,83.7,87.4,68.6,79.8,28,42
STU2010,Fall 2025,2.84,2.7,0,0,79.1,79.1,86.6,73.1,12,25
STU2011,Fall 2025,2.98,2.18,0,0,100.0,99.6,72.8,65.1,56,48
STU2012,Fall 2025,2.74,2.39,0,0,95.2,88.8,96.5,94.2,45,33
STU2013,Fall 2025,2.12,2.43,1,1,85.8,95.7,54.7,78.3,47,56
STU2014,Fall 2025,3.22,3.27,0,0,85.2,86.4,75.9,88.1,14,13
STU2015,Fall 2025,2.1,2.56,0,0,84.0,94.5,90.3,91.9,28,43
STU2016,Fall 2025,3.96,3.76,0,0,86.5,83.7,79.1,87.8,49,42
STU2017,Fall 2025,3.36,3.19,0,1,95.7,91.2,78.0,78.0,69,74
STU2018,Fall 2025,2.26,3.02,1,2,64.4,77.7,40.8,60.0,21,44
STU2019,Fall 2025,2.2,2.27,0,1,77.5,72.8,95.5,95.4,55,45
STU2020,Fall 2025,2.44,2.24,1,0,92.4,88.9,73.6,86.3,50,38
STU2021,Fall 2025,2.5,1.54,3,2,55.6,87.7,53.9,70.9,47,71
STU2022,Fall 2025,3.2,3.12,0,0,85.3,84.1,73.6,76.1,67,53
STU2023,Fall 2025,2.03,3.44,0,1,79.7,100.0,46.3,62.5,18,28
STU2024,Fall 2025,2.97,2.85,2,0,73.9,78.9,85.4,72.7,27,18
STU2025,Fall 2025,2.46,2.41,0,1,88.8,87.8,73.8,72.0,40,52
STU2026,Fall 2025,3.07,3.15,0,0,93.9,94.0,70.6,63.7,46,48
STU2027,Fall 2025,3.21,3.3,0,0,69.8,74.0,78.9,77.0,10,19
STU2028,Fall 2025,1.99,3.65,3,2,21.0,57.2,69.9,77.2,49,60
STU2029,Fall 2025,2.62,2.52,0,0,95.5,92.1,72.3,75.7,43,31
STU2030,Fall 2025,3.02,2.77,0,0,75.7,71.2,99.2,92.1,49,43
STU2031,Fall 2025,2.72,2.85,0,0,88.2,85.2,97.1,98.5,75,66
STU2032,Fall 2025,3.49,,0,0,85.8,88.4,63.6,67.2,10,7
STU2033,Fall 2025,3.75,3.88,1,0,66.0,77.4,50.8,60.5,25,15
STU2034,Fall 2025,2.14,2.52,0,2,63.0,75.4,73.4,88.6,16,36
STU2035,Fall 2025,2.56,2.51,0,0,79.2,81.9,83.5,72.2,21,31
STU2036,Fall 2025,2.79,2.95,0,0,67.1,64.5,79.4,76.9,75,65
STU2037,Fall 2025,4.0,4.0,0,0,79.5,77.7,63.6,68.1,76,65
STU2038,Fall 2025,3.54,3.3,0,0,60.0,45.3,69.8,73.8,25,35
STU2039,Fall 2025,3.61,3.48,0,0,72.1,72.2,66.0,75.7,25,37
STU2040,Fall 2025,2.48,1.65,0,0,100.0,94.2,89.3,93.1,17,5
STU2041,Fall 2025,2.77,3.77,2,0,36.0,64.9,46.1,61.4,37,53
STU2042,Fall 2025,3.11,3.07,0,0,73.4,73.8,74.2,68.5,33,48
STU2043,Fall 2025,3.97,4.0,0,0,83.5,87.8,91.7,82.6,14,5
STU2044,Fall 2025,2.37,2.56,0,0,78.4,77.6,76.3,86.8,10,16
STU2045,Fall 2025,3.17,3.42,0,2,59.1,69.2,80.3,87.1,27,38
STU2046,Fall 2025,3.65,3.37,0,0,87.3,87.7,98.1,89.6,39,43
STU2047,Fall 2025,3.04,2.44,1,0,100.0,81.5,56.8,69.3,10,10
STU2048,Fall 2025,3.34,,1,0,86.6,83.9,53.4,50.1,63,72
STU2049,Fall 2025,2.77,2.94,0,0,50.1,63.7,58.3,70.7,47,35
STU2050,Fall 2025,3.01,2.79,0,0,65.6,68.8,73.7,80.3,18,28
STU2051,Fall 2025,3.44,3.35,1,0,75.0,70.0,70.3,80.1,32,40
STU2052,Fall 2025,2.96,2.29,0,0,90.6,77.9,100.0,89.6,27,36
STU2053,Fall 2025,2.85,3.12,2,1,58.2,69.2,65.1,65.6,60,49
STU2054,Fall 2025,2.99,3.22,1,2,62.1,74.3,60.4,80.1,16,28
STU2055,Fall 2025,3.22,3.14,0,0,73.4,73.3,68.9,82.2,64,57
STU2056,Fall 2025,3.6,3.71,1,0,97.6,96.0,97.1,94.2,47,57
STU2057,Fall 2025,2.15,2.63,0,0,69.1,77.9,86.0,95.1,44,51
STU2058,Fall 2025,3.3,3.19,1,0,95.6,92.7,100.0,88.4,16,17
STU2059,Fall 2025,2.76,2.61,0,0,64.8,64.1,77.7,79.1,18,28
STU2060,Fall 2025,2.25,1.92,0,0,86.2,75.7,56.5,62.2,38,49
STU2061,Fall 2025,3.54,3.67,1,0,80.2,79.3,59.4,56.8,70,59
STU2062,Fall 2025,3.88,4.0,0,0,90.0,89.9,85.1,75.0,38,47
STU2063,Fall 2025,3.03,3.15,0,0,94.0,91.4,89.2,74.8,65,57
STU2064,Fall 2025,1.95,2.43,0,0,51.0,60.2,93.7,92.3,37,35
STU2065,Fall 2025,2.29,2.71,2,0,85.4,90.6,92.4,96.4,35,43
STU2066,Fall 2025,3.5,3.43,0,0,69.6,71.7,40.3,47.2,48,49
STU2067,Fall 2025,2.38,2.01,2,1,96.2,85.5,79.5,68.9,44,33
STU2068,Fall 2025,2.41,2.19,0,0,73.6,73.1,100.0,100.0,52,47
STU2069,Fall 2025,2.37,2.64,2,2,73.8,87.8,98.9,88.1,20,32
STU2070,Fall 2025,2.95,2.32,0,0,100.0,97.9,97.4,85.5,48,48
STU2071,Fall 2025,1.33,1.33,0,0,94.5,93.6,75.5,72.2,12,20
STU2072,Fall 2025,2.05,1.58,1,0,100.0,97.2,75.8,74.5,17,24
STU2073,Fall 2025,2.92,3.1,0,1,77.9,73.7,71.5,84.8,55,49
STU2074,Fall 2025,2.12,3.3,3,1,63.8,98.9,77.2,85.1,35,52
STU2075,Fall 2025,1.48,1.87,3,1,68.3,78.8,80.2,91.2,9,27
STU2076,Fall 2025,3.16,3.14,1,2,60.0,99.3,46.9,70.7,35,56
STU2077,Fall 2025,3.02,3.08,0,0,81.6,84.5,59.1,62.2,14,29
STU2078,Fall 2025,2.85,2.46,0,1,85.0,79.6,54.6,66.3,92,94
STU2079,Fall 2025,1.61,2.31,2,2,91.9,100.0,64.9,72.3,0,9
STU2080,Fall 2025,2.22,1.4,0,0,96.8,84.4,72.0,68.6,16,29
STU2081,Fall 2025,4.0,4.0,0,1,94.1,91.6,97.8,100.0,30,45
STU2082,Fall 2025,3.04,3.45,0,0,61.2,75.0,85.3,100.0,21,31
STU2083,Fall 2025,2.88,2.77,1,0,90.0,86.9,72.3,80.9,29,40
STU2084,Fall 2025,3.05,2.85,2,2,52.6,76.6,36.9,61.5,23,29
STU2085,Fall 2025,3.14,3.02,0,0,82.0,82.0,84.0,84.9,40,31
STU2086,Fall 2025,2.49,2.02,0,0,90.2,80.2,84.7,98.0,11,0
STU2087,Fall 2025,4.0,4.0,0,0,100.0,99.2,36.0,50.9,10,9
STU2088,Fall 2025,2.94,2.93,1,0,77.4,78.0,100.0,100.0,29,37
STU2089,Fall 2025,2.71,1.95,0,0,92.2,84.1,66.6,53.3,27,42
STU2090,Fall 2025,1.75,1.0,0,0,98.0,78.4,69.0,83.1,57,63
STU2091,Fall 2025,3.51,3.46,0,0,88.7,85.0,97.0,100.0,28,43
STU2092,Fall 2025,2.56,3.85,2,1,59.2,73.3,49.1,58.3,0,21
STU2093,Fall 2025,2.73,2.59,2,0,78.8,80.1,78.8,91.6,73,66
STU2094,Fall 2025,2.84,2.5,0,0,76.4,70.9,74.7,75.0,67,53
STU2095,Fall 2025,2.51,2.05,0,0,98.1,79.6,99.5,100.0,91,87
STU2096,Fall 2025,3.2,2.98,0,0,83.6,79.9,89.8,94.1,53,57
STU2097,Fall 2025,4.0,3.97,0,0,74.8,79.8,70.1,63.8,30,32
STU2098,Fall 2025,3.44,3.33,0,0,72.7,71.3,87.9,87.7,45,31
STU2099,Fall 2025,2.73,2.71,0,0,72.3,70.1,93.7,82.6,31,23
STU2100,Fall 2025,1.84,2.26,0,0,62.4,76.0,71.5,58.8,35,31
STU2101,Fall 2025,2.73,3.29,2,0,73.8,85.8,39.7,68.8,29,37
STU2102,Fall 2025,3.22,2.98,0,0,75.0,78.6,86.9,84.3,10,13
STU2103,Fall 2025,1.38,1.0,0,0,82.3,69.9,67.0,71.1,40,48
STU2104,Fall 2025,2.06,1.98,0,2,77.2,79.5,69.9,74.6,10,16
STU2105,Fall 2025,2.5,2.29,0,0,100.0,98.8,70.3,59.1,70,69
STU2106,Fall 2025,3.23,3.4,0,0,73.1,77.4,97.6,100.0,56,66
STU2107,Fall 2025,2.55,2.86,1,1,60.9,83.6,75.8,97.1,19,40
STU2108,Fall 2025,2.6,3.07,2,0,69.9,92.9,92.6,99.3,29,53
STU2109,Fall 2025,3.02,3.19,1,0,71.2,71.2,62.7,67.7,63,59
STU2110,Fall 2025,1.71,3.71,1,2,52.3,65.0,49.3,74.6,0,4
STU2111,Fall 2025,4.0,3.86,0,0,89.6,88.1,92.9,100.0,42,51
STU2112,Fall 2025,2.97,2.76,0,0,90.6,86.4,53.8,61.8,77,75
STU2113,Fall 2025,4.0,4.0,2,0,75.6,79.7,90.7,100.0,29,36
STU2114,Fall 2025,3.13,3.91,2,1,79.1,100.0,63.1,78.1,52,65
STU2115,Fall 2025,3.21,3.25,0,0,94.5,93.9,85.5,100.0,50,52
STU2116,Fall 2025,3.92,3.93,0,0,64.8,68.2,94.3,84.3,56,56
STU2117,Fall 2025,3.93,3.65,0,0,98.5,96.6,100.0,99.5,29,35
STU2118,Fall 2025,2.84,2.76,1,1,93.1,97.4,87.2,100.0,11,10
STU2119,Fall 2025,2.84,3.02,0,0,96.6,95.5,68.1,82.0,31,24
STU2120,Fall 2025,2.73,3.37,1,1,67.5,82.6,63.4,91.6,25,35
STU2121,Fall 2025,2.07,1.57,0,0,99.7,,53.0,67.5,10,20
STU2122,Fall 2025,2.91,2.29,0,2,76.0,62.8,73.5,82.6,61,57
STU2123,Fall 2025,2.13,2.29,1,0,76.2,93.4,60.6,70.5,22,41
STU2124,Fall 2025,2.25,1.99,0,0,89.2,89.8,87.2,77.0,35,36
STU2125,Fall 2025,2.92,3.17,3,2,62.0,85.5,71.7,89.6,44,59
STU2126,Fall 2025,4.0,3.84,0,0,93.6,94.4,58.0,72.9,36,37
STU2127,Fall 2025,3.57,3.31,0,0,65.9,70.5,98.2,89.1,44,55
STU2128,Fall 2025,2.56,,0,0,77.3,78.1,39.4,40.9,51,48
STU2129,Fall 2025,3.38,3.29,0,1,50.7,83.6,47.0,64.5,0,20
STU2130,Fall 2025,3.41,3.31,1,0,69.9,65.7,82.3,68.8,65,55
STU2131,Fall 2025,3.04,2.95,0,0,92.6,90.7,56.1,64.9,51,45
STU2132,Fall 2025,3.2,3.25,0,0,70.3,71.9,70.6,70.9,84,70
STU2133,Fall 2025,4.0,4.0,1,0,99.1,100.0,77.1,88.9,48,58
STU2134,Fall 2025,2.41,2.47,1,0,86.0,85.0,83.5,75.9,22,29
STU2135,Fall 2025,2.93,3.19,0,0,67.4,76.9,69.4,81.0,100,97
STU2136,Fall 2025,1.08,1.65,0,0,72.1,87.2,40.9,66.4,31,47
STU2137,Fall 2025,1.29,1.0,0,0,100.0,99.6,83.7,76.9,24,17
STU2138,Fall 2025,3.15,3.24,0,0,77.7,79.2,100.0,96.0,28,34
STU2139,Fall 2025,2.56,2.55,0,0,80.0,75.4,85.9,87.5,43,31
STU2140,Fall 2025,3.64,3.59,2,2,35.2,55.3,35.6,55.4,34,55
STU2141,Fall 2025,2.48,2.89,0,0,83.3,88.6,67.5,80.5,55,55
STU2142,Fall 2025,2.87,2.98,0,0,80.7,83.1,52.7,41.9,49,40
STU2143,Fall 2025,3.88,4.0,0,0,77.2,78.3,59.5,65.5,42,40
STU2144,Fall 2025,3.78,3.5,0,0,81.0,82.3,76.2,82.1,23,33
STU2145,Fall 2025,2.96,2.7,1,0,95.2,91.5,64.9,70.6,22,30
STU2146,Fall 2025,3.72,3.46,1,0,79.4,84.2,72.6,75.7,53,45
STU2147,Fall 2025,2.71,1.94,0,0,81.9,65.2,69.5,64.6,30,27
STU2148,Fall 2025,1.8,1.73,1,0,99.6,99.8,62.1,55.6,40,41
STU2149,Fall 2025,2.71,2.78,0,0,80.7,80.3,65.5,78.1,60,60
STU2150,Fall 2025,2.06,1.26,0,0,97.2,89.4,88.7,94.7,82,87
STU2151,Fall 2025,3.44,3.27,0,0,74.8,76.3,46.6,47.7,42,56
STU2152,Fall 2025,1.66,1.85,2,0,63.5,62.3,100.0,93.8,91,83
STU2153,Fall 2025,3.4,3.13,1,0,61.3,63.9,43.1,54.2,18,30
STU2154,Fall 2025,2.49,2.8,0,0,69.9,76.8,76.0,65.2,57,63
STU2155,Fall 2025,2.06,1.39,1,0,100.0,88.2,82.1,72.7,38,43
STU2156,Fall 2025,2.77,2.54,0,0,97.8,100.0,93.5,93.4,37,46
STU2157,Fall 2025,3.61,3.42,0,0,100.0,100.0,63.0,61.8,30,34
STU2158,Fall 2025,3.77,3.62,0,1,100.0,97.9,76.8,62.9,22,30
STU2159,Fall 2025,3.87,3.59,1,0,87.9,92.6,57.4,63.6,39,52
STU2160,Fall 2025,2.75,2.56,1,0,64.5,68.9,84.0,79.6,10,0
STU2161,Fall 2025,2.69,2.84,0,0,91.3,90.6,46.2,54.6,67,64
STU2162,Fall 2025,3.48,3.23,0,0,94.1,95.4,90.7,80.1,63,64
STU2163,Fall 2025,3.25,3.33,1,0,67.6,72.5,85.7,79.9,43,41
STU2164,Fall 2025,3.01,3.17,0,0,80.5,79.5,71.8,86.0,55,55
STU2165,Fall 2025,3.45,3.93,1,0,54.4,68.2,73.5,58.7,46,50
STU2166,Fall 2025,3.02,3.08,0,2,53.5,90.0,43.0,67.8,0,19
STU2167,Fall 2025,3.66,3.36,0,0,79.8,78.8,100.0,88.3,18,26
STU2168,Fall 2025,1.6,1.53,0,0,81.3,80.0,100.0,100.0,26,40
STU2169,Fall 2025,3.89,3.98,0,0,85.9,86.0,47.2,62.2,70,60
STU2170,Fall 2025,2.62,2.51,0,0,89.1,85.9,75.0,79.1,33,36
STU2171,Fall 2025,3.19,3.37,0,0,71.0,71.0,93.2,80.4,17,32
STU2172,Fall 2025,2.49,,0,0,76.0,72.7,79.1,72.1,40,47
STU2173,Fall 2025,2.65,2.76,0,0,75.1,72.9,70.1,83.2,12,23
STU2174,Fall 2025,3.11,3.47,2,2,79.9,87.8,74.8,83.6,39,52
STU2175,Fall 2025,2.85,3.03,0,0,76.8,81.4,93.8,80.5,49,40
STU2176,Fall 2025,3.45,3.16,1,2,72.3,72.6,93.9,96.4,55,43
STU2177,Fall 2025,4.0,3.96,1,0,62.4,57.9,73.0,87.8,20,26
STU2178,Fall 2025,3.59,3.46,0,1,85.3,86.6,91.3,83.0,16,4
STU2179,Fall 2025,2.46,2.51,2,0,89.6,92.9,93.5,82.4,36,39
STU2180,Fall 2025,3.0,2.74,0,0,81.0,83.7,66.9,61.3,45,45
STU2181,Fall 2025,3.11,3.08,0,0,64.0,61.6,91.1,79.4,10,6
STU2182,Fall 2025,3.4,3.13,0,0,100.0,100.0,81.8,77.6,42,34
STU2183,Fall 2025,4.0,3.98,0,0,77.2,80.6,86.2,83.8,63,60
STU2184,Fall 2025,2.76,1.99,0,0,81.7,72.7,48.4,60.5,10,11
STU2185,Fall 2025,3.01,3.01,2,0,85.0,82.7,71.5,77.2,48,47
STU2186,Fall 2025,2.46,3.09,2,1,86.7,100.0,40.7,68.5,43,61
STU2187,Fall 2025,2.33,3.09,0,2,67.2,78.6,85.0,93.8,47,72
STU2188,Fall 2025,2.97,3.41,0,1,72.4,80.4,75.4,63.7,41,55
STU2189,Fall 2025,2.87,2.77,0,0,88.8,93.5,67.5,70.1,42,33
STU2190,Fall 2025,2.72,2.66,0,2,85.9,88.6,73.4,72.9,10,0
STU2191,Fall 2025,2.52,2.47,2,0,86.8,87.8,88.4,97.0,46,50
STU2192,Fall 2025,2.55,4.0,3,2,37.4,63.1,64.9,87.3,0,16
STU2193,Fall 2025,3.1,3.24,0,0,75.6,71.2,93.2,79.9,30,38
STU2194,Fall 2025,3.86,3.66,0,1,61.1,63.1,74.7,65.2,15,13
STU2195,Fall 2025,2.54,2.46,0,0,80.2,77.4,64.1,64.5,37,42
STU2196,Fall 2025,2.87,2.64,0,0,88.7,84.0,76.8,89.3,45,37
STU2197,Fall 2025,3.15,2.93,2,0,85.3,83.8,73.6,78.2,51,37
STU2198,Fall 2025,2.05,2.82,3,0,66.9,89.4,81.1,88.8,24,31
STU2199,Fall 2025,2.29,2.73,0,0,50.0,63.5,82.0,91.4,25,15
STU2200,Fall 2025,2.96,3.19,0,0,77.1,90.2,86.1,77.5,30,24
STU2201,Fall 2025,3.85,3.84,1,1,42.8,64.3,65.9,86.5,28,49
STU2202,Fall 2025,1.47,1.0,0,0,87.9,76.1,85.2,81.3,39,36
STU2203,Fall 2025,3.75,3.57,0,0,90.5,87.7,76.1,71.5,25,26
STU2204,Fall 2025,3.18,3.12,0,1,89.0,86.5,81.2,95.3,10,18
STU2205,Fall 2025,3.35,3.23,0,0,89.3,89.8,73.9,71.7,37,23
STU2206,Fall 2025,2.25,2.96,0,0,70.0,81.3,80.1,100.0,28,47
STU2207,Fall 2025,3.92,3.9,0,0,60.0,61.5,70.2,78.2,10,15
STU2208,Fall 2025,1.76,1.9,3,2,72.7,,77.9,87.7,41,55
STU2209,Fall 2025,3.91,3.91,0,0,91.2,89.2,84.7,76.9,27,42
STU2210,Fall 2025,3.07,3.5,3,2,67.9,77.6,70.0,79.2,42,57
STU2211,Fall 2025,1.9,1.66,1,0,99.8,80.6,80.9,81.3,10,20
STU2212,Fall 2025,2.36,2.42,1,0,83.1,81.1,53.2,68.1,10,22
STU2213,Fall 2025,2.93,2.24,2,0,100.0,87.9,78.5,69.8,41,37
STU2214,Fall 2025,3.14,3.11,3,2,59.6,80.6,69.5,98.2,21,28
STU2215,Fall 2025,1.97,2.43,0,0,73.8,84.9,76.4,71.6,55,54
STU2216,Fall 2025,2.96,3.11,0,0,91.4,93.2,90.3,78.9,77,71
STU2217,Fall 2025,2.37,2.31,1,0,66.9,69.3,84.6,82.0,53,66
STU2218,Fall 2025,3.17,3.31,0,0,92.7,94.5,99.5,89.6,31,45
STU2219,Fall 2025,1.78,2.4,1,2,80.6,94.8,23.1,48.4,13,32
STU2220,Fall 2025,3.06,3.16,0,1,84.0,82.0,81.7,76.9,10,5
STU2221,Fall 2025,2.58,,1,0,59.5,69.6,67.3,69.6,64,53
STU2222,Fall 2025,3.39,2.5,0,0,100.0,87.3,87.0,73.8,28,43
STU2223,Fall 2025,3.04,3.04,0,0,81.0,80.7,62.4,68.3,48,48
STU2224,Fall 2025,2.77,3.26,0,0,90.6,95.7,74.9,74.0,36,41
STU2225,Fall 2025,2.19,1.9,0,0,100.0,100.0,75.5,72.2,86,81
STU2226,Fall 2025,3.4,3.4,0,0,77.5,77.2,69.9,59.1,23,37
STU2227,Fall 2025,3.37,3.09,0,0,94.3,89.9,77.9,65.5,11,0
STU2228,Fall 2025,2.69,2.59,1,0,85.6,85.2,86.5,84.3,81,75
STU2229,Fall 2025,2.56,2.86,0,0,84.3,90.5,100.0,96.9,20,32
STU2230,Fall 2025,4.0,,0,0,60.9,57.0,87.1,86.0,59,53
STU2231,Fall 2025,2.85,2.7,0,0,68.9,70.7,100.0,93.7,59,58
STU2232,Fall 2025,2.74,2.5,0,0,83.0,77.8,76.9,88.5,45,34
STU2233,Fall 2025,3.57,3.95,1,1,61.7,67.1,62.4,71.7,33,43
STU2234,Fall 2025,2.46,3.22,3,0,77.2,99.6,61.7,68.4,5,14
STU2235,Fall 2025,3.8,4.0,0,1,74.7,79.1,73.6,80.7,100,100
STU2236,Fall 2025,1.69,1.98,0,0,65.3,72.1,56.7,66.9,40,45
STU2237,Fall 2025,3.91,3.96,1,0,60.0,91.1,62.4,69.2,64,74
STU2238,Fall 2025,2.89,2.75,0,0,85.1,85.0,48.9,59.2,29,26
STU2239,Fall 2025,3.49,3.58,0,1,80.2,79.4,80.3,90.0,40,51
STU2240,Fall 2025,2.37,1.85,0,0,100.0,86.8,99.8,85.1,31,24
STU2241,Fall 2025,3.81,3.87,0,0,91.8,95.0,100.0,95.0,63,57
STU2242,Fall 2025,2.6,1.9,0,0,100.0,87.7,78.1,71.9,48,43
STU2243,Fall 2025,4.0,3.79,0,0,74.1,78.3,66.7,76.9,70,59
STU2244,Fall 2025,2.05,3.45,0,0,46.7,77.4,54.5,60.5,40,63
STU2245,Fall 2025,2.16,2.74,1,1,62.6,71.6,55.5,79.4,46,70
STU2246,Fall 2025,3.56,3.4,1,0,76.8,75.2,43.6,56.4,41,37
STU2247,Fall 2025,3.26,3.07,0,1,100.0,100.0,77.3,69.2,35,22
STU2248,Fall 2025,3.23,3.42,2,0,89.2,89.0,76.6,82.1,38,52
STU2249,Fall 2025,2.79,2.76,0,0,63.5,64.7,58.5,68.5,44,46
STU2250,Fall 2025,2.05,2.19,0,0,80.8,80.4,83.1,70.6,60,48
STU2251,Fall 2025,2.37,2.83,0,1,51.9,63.2,70.7,78.0,91,83
STU2252,Fall 2025,1.32,1.9,0,1,61.4,82.1,56.9,76.7,30,41
STU2253,Fall 2025,2.71,2.52,0,0,83.5,79.9,68.7,61.4,35,34
STU2254,Fall 2025,3.03,2.37,0,0,82.5,77.3,99.9,99.3,22,28
STU2255,Fall 2025,2.22,2.4,3,0,67.6,74.3,34.3,62.1,10,34
STU2256,Fall 2025,2.96,3.46,0,0,59.0,71.1,61.2,69.2,48,47
STU2257,Fall 2025,2.32,2.41,0,0,94.5,94.9,87.9,84.8,55,46
STU2258,Fall 2025,3.37,3.47,0,0,70.2,71.1,92.3,91.9,20,25
STU2259,Fall 2025,2.82,3.08,0,0,91.9,100.0,71.0,69.2,79,79
STU2260,Fall 2025,3.13,3.57,0,0,79.1,84.6,63.3,74.5,47,46
STU2261,Fall 2025,3.51,3.38,1,0,70.2,69.4,93.6,80.2,14,16
STU2262,Fall 2025,2.94,2.85,0,0,90.8,87.9,47.1,45.4,57,64
STU2263,Fall 2025,2.73,,3,0,70.1,85.3,41.4,66.3,0,10
STU2264,Fall 2025,3.78,3.71,0,0,95.8,100.0,70.4,61.4,86,74
STU2265,Fall 2025,3.24,2.4,0,0,95.6,85.4,71.4,70.9,58,47
STU2266,Fall 2025,2.18,2.31,0,0,82.1,80.7,81.8,69.5,55,67
STU2267,Fall 2025,2.15,1.6,0,0,100.0,99.5,100.0,93.0,47,33
STU2268,Fall 2025,3.07,2.88,1,0,69.8,73.5,80.9,83.4,33,43
STU2269,Fall 2025,2.47,2.62,0,1,81.1,80.9,75.3,73.4,100,90
STU2270,Fall 2025,2.23,2.12,0,0,80.5,80.8,86.9,81.2,91,86
STU2271,Fall 2025,3.05,2.99,0,2,76.1,73.2,61.7,68.6,35,39
STU2272,Fall 2025,3.13,3.03,1,0,91.9,93.0,76.7,83.3,90,84
STU2273,Fall 2025,2.43,2.67,0,0,87.4,100.0,86.2,91.7,24,15
STU2274,Fall 2025,4.0,3.95,0,0,68.3,65.9,85.6,98.7,54,53
STU2275,Fall 2025,3.25,3.6,3,2,71.2,85.3,40.3,55.8,27,46
STU2276,Fall 2025,3.15,3.34,0,0,94.8,100.0,74.8,75.1,10,19
STU2277,Fall 2025,4.0,4.0,1,0,83.6,84.1,79.7,93.2,51,55
STU2278,Fall 2025,3.4,3.15,0,0,100.0,100.0,78.7,82.2,66,54
STU2279,Fall 2025,2.78,2.9,0,0,61.1,56.7,79.4,84.4,53,65
STU2280,Fall 2025,1.69,2.14,0,0,75.1,87.9,72.3,82.6,42,43
STU2281,Fall 2025,3.21,2.95,1,0,74.0,76.5,69.6,67.6,41,42
STU2282,Fall 2025,2.91,2.91,0,0,77.2,80.2,63.1,69.1,40,46
STU2283,Fall 2025,3.01,3.3,2,0,73.9,85.7,80.3,74.1,10,0
STU2284,Fall 2025,3.1,2.87,0,0,80.5,80.4,81.5,71.4,61,60
STU2285,Fall 2025,2.81,2.75,0,0,84.3,81.3,71.9,57.7,83,83
STU2286,Fall 2025,2.8,3.12,0,0,77.9,83.0,45.0,45.8,40,55
STU2287,Fall 2025,1.72,2.4,1,1,76.7,83.1,72.2,83.3,16,37
STU2288,Fall 2025,2.23,1.44,0,0,100.0,91.9,65.8,64.0,44,48
STU2289,Fall 2025,3.34,3.68,0,0,59.8,72.8,100.0,91.5,67,57
STU2290,Fall 2025,2.35,2.31,0,0,94.9,96.8,62.2,77.1,54,47
STU2291,Fall 2025,2.82,3.09,1,0,69.2,81.1,100.0,88.5,43,51
STU2292,Fall 2025,2.61,2.59,0,1,63.3,,73.7,69.6,44,42
STU2293,Fall 2025,2.93,2.99,1,0,69.4,66.1,70.6,70.4,74,77
STU2294,Fall 2025,3.49,3.21,0,0,66.2,63.2,90.5,95.2,28,39
STU2295,Fall 2025,3.3,3.05,1,0,65.7,68.8,83.0,73.8,10,0
STU2296,Fall 2025,3.17,3.11,0,0,63.9,63.2,82.0,83.5,14,16
STU2297,Fall 2025,3.52,3.51,0,0,81.6,78.6,67.7,72.9,55,53
STU2298,Fall 2025,2.71,2.23,0,0,100.0,93.6,100.0,87.3,63,51
STU2299,Fall 2025,2.75,2.76,2,0,94.9,91.8,77.9,84.1,36,24
STU2300,Fall 2025,3.01,3.01,0,0,86.8,85.6,100.0,96.0,56,49
STU2301,Fall 2025,3.16,,0,0,100.0,100.0,88.2,83.1,49,36
STU2302,Fall 2025,1.44,1.0,0,0,100.0,87.4,60.3,67.9,10,1
STU2303,Fall 2025,2.84,3.24,0,0,70.9,80.2,65.6,71.6,55,67
STU2304,Fall 2025,1.83,1.5,0,0,82.7,68.6,75.9,89.3,22,21
STU2305,Fall 2025,2.65,2.81,1,1,55.4,72.4,71.2,93.4,24,35
STU2306,Fall 2025,2.9,2.61,0,0,94.3,96.3,53.8,60.4,60,46
STU2307,Fall 2025,3.65,3.64,0,0,95.4,94.2,43.5,53.2,24,30
STU2308,Fall 2025,3.42,3.19,0,0,90.1,86.7,85.9,79.4,53,53
STU2309,Fall 2025,3.56,3.34,0,0,91.5,87.6,65.2,71.7,33,28
STU2310,Fall 2025,4.0,3.95,0,0,79.3,81.0,87.9,73.3,70,59
STU2311,Fall 2025,2.71,3.05,0,0,50.0,63.2,55.2,69.4,59,50
STU2312,Fall 2025,1.83,3.48,3,2,49.8,78.0,29.0,40.6,37,54
STU2313,Fall 2025,2.75,2.46,0,0,95.2,100.0,86.3,89.9,49,59
STU2314,Fall 2025,2.44,,0,0,79.3,88.6,74.8,83.2,31,34
STU2315,Fall 2025,1.98,2.74,2,2,84.4,99.8,68.6,77.9,35,46
STU2316,Fall 2025,2.01,1.81,1,0,80.5,82.3,62.6,70.9,63,49
STU2317,Fall 2025,3.12,2.95,0,0,67.6,71.5,94.4,81.1,49,48
STU2318,Fall 2025,2.51,2.7,0,0,68.6,82.9,93.1,86.0,43,58
STU2319,Fall 2025,2.48,1.78,0,1,100.0,100.0,97.8,88.4,46,55
STU2320,Fall 2025,3.26,2.5,0,0,89.0,76.6,91.2,88.4,68,58
STU2321,Fall 2025,3.0,3.25,0,1,57.0,81.0,51.9,57.0,0,0
STU2322,Fall 2025,2.84,2.64,0,2,84.9,80.7,46.1,58.7,36,42
STU2323,Fall 2025,2.62,2.36,0,0,93.7,94.2,89.5,80.4,70,78
STU2324,Fall 2025,2.7,2.67,0,0,79.5,81.0,69.8,71.5,19,21
STU2325,Fall 2025,2.97,3.1,0,0,65.8,79.1,81.5,81.8,12,27
STU2326,Fall 2025,3.37,4.0,1,2,48.6,69.5,49.7,56.8,20,40
STU2327,Fall 2025,3.4,3.41,0,0,78.0,77.2,75.6,68.6,45,42
STU2328,Fall 2025,2.69,2.75,0,0,81.2,76.4,63.7,68.3,10,0
STU2329,Fall 2025,3.17,3.02,0,0,66.4,,63.9,75.1,73,76
STU2330,Fall 2025,2.67,2.6,0,1,100.0,100.0,71.6,84.5,73,76
STU2331,Fall 2025,3.5,3.68,0,0,80.0,75.2,73.0,63.3,43,39
STU2332,Fall 2025,2.93,2.5,1,0,74.4,60.7,91.9,83.6,70,71
STU2333,Fall 2025,2.13,2.31,0,0,67.3,,91.3,81.5,43,31
STU2334,Fall 2025,2.69,2.84,1,0,88.8,93.6,93.3,95.4,75,76
STU2335,Fall 2025,2.78,2.82,0,0,60.0,60.7,65.3,73.7,49,41
STU2336,Fall 2025,3.0,3.08,0,0,92.5,88.2,92.3,90.1,88,90
STU2337,Fall 2025,3.53,3.44,0,0,79.8,80.0,76.7,71.7,19,18
STU2338,Fall 2025,2.1,1.9,1,1,93.6,76.8,87.0,75.6,15,25
STU2339,Fall 2025,3.44,3.56,1,0,100.0,99.1,61.0,75.9,87,85
STU2340,Fall 2025,2.05,1.96,0,0,90.3,93.0,38.0,51.8,47,57
STU2341,Fall 2025,2.26,1.55,0,0,82.1,75.5,91.2,79.5,56,44
STU2342,Fall 2025,3.39,3.42,1,0,84.7,81.9,95.2,86.7,51,45
STU2343,Fall 2025,2.61,2.61,0,0,96.5,100.0,30.2,42.0,40,28
STU2344,Fall 2025,2.21,2.01,0,0,80.0,77.4,51.9,63.8,45,40
STU2345,Fall 2025,1.57,1.95,3,1,59.4,79.7,43.8,60.6,63,74
STU2346,Fall 2025,3.04,2.9,0,0,96.8,93.9,95.8,98.9,10,13
STU2347,Fall 2025,2.87,2.84,1,0,62.6,61.3,53.3,60.7,27,36
STU2348,Fall 2025,2.28,2.74,1,0,72.5,85.8,70.2,83.9,25,16
STU2349,Fall 2025,3.18,3.63,0,0,50.0,53.3,79.0,79.5,10,13
STU2350,Fall 2025,2.87,2.8,0,0,60.0,62.6,65.2,77.3,67,57
STU2351,Fall 2025,2.14,2.08,0,0,79.9,82.6,71.3,66.5,31,45
STU2352,Fall 2025,2.86,3.61,1,2,62.6,79.7,60.6,84.2,23,47
STU2353,Fall 2025,4.0,4.0,0,0,96.4,93.5,68.3,60.9,45,41
STU2354,Fall 2025,3.3,3.61,2,0,74.8,88.8,59.8,71.4,28,40
STU2355,Fall 2025,2.57,2.01,0,0,85.3,74.2,45.0,55.6,57,68
STU2356,Fall 2025,2.51,2.31,0,0,72.5,60.8,96.9,85.8,43,48
STU2357,Fall 2025,2.27,4.0,2,2,65.2,75.5,75.4,83.0,16,33
STU2358,Fall 2025,2.77,3.24,0,0,75.6,81.7,99.8,91.4,34,32
STU2359,Fall 2025,1.99,2.12,0,1,85.2,84.0,43.4,55.2,34,32
STU2360,Fall 2025,2.68,1.76,0,1,100.0,99.9,67.7,55.0,16,27
STU2361,Fall 2025,2.44,2.09,0,2,81.5,68.4,60.1,61.6,25,13
STU2362,Fall 2025,3.17,3.04,1,0,100.0,100.0,68.3,72.4,51,64
STU2363,Fall 2025,2.92,2.77,0,0,89.2,86.0,83.8,94.0,80,67
STU2364,Fall 2025,1.94,1.96,0,0,60.0,60.2,81.4,89.4,42,52
STU2365,Fall 2025,2.11,2.16,0,1,82.6,81.9,100.0,93.4,70,60
STU2366,Fall 2025,2.6,2.9,0,1,74.0,83.1,86.8,74.1,80,66
STU2367,Fall 2025,2.59,2.36,0,0,86.1,79.1,81.8,68.7,47,60
STU2368,Fall 2025,3.13,2.5,1,0,100.0,97.6,64.0,53.3,51,52
STU2369,Fall 2025,2.52,1.87,0,0,98.2,79.9,59.1,58.7,10,0
STU2370,Fall 2025,2.92,2.93,0,0,76.5,73.8,82.0,72.1,50,45
STU2371,Fall 2025,2.28,2.74,0,1,78.4,,99.2,88.1,46,40
STU2372,Fall 2025,2.47,2.8,0,0,80.5,87.9,60.1,66.4,58,44
STU2373,Fall 2025,2.42,2.44,0,0,82.7,82.0,67.6,80.4,43,30
STU2374,Fall 2025,3.07,2.81,0,0,65.1,67.1,73.4,64.6,52,63
STU2375,Fall 2025,3.02,3.19,1,0,81.9,79.5,78.9,79.8,39,33
STU2376,Fall 2025,1.78,1.97,0,0,78.6,80.7,62.4,77.0,51,55
STU2377,Fall 2025,3.58,3.39,0,0,80.9,85.3,100.0,95.4,49,38
STU2378,Fall 2025,2.05,2.01,0,0,88.7,87.2,50.8,65.4,87,84
STU2379,Fall 2025,3.16,3.3,2,0,76.5,81.1,68.6,74.7,76,63
STU2380,Fall 2025,2.58,2.44,0,0,79.8,77.3,100.0,100.0,67,67
STU2381,Fall 2025,2.63,2.34,0,0,90.2,91.0,84.2,71.4,29,40
STU2382,Fall 2025,3.28,3.78,3,2,54.3,65.8,74.8,97.4,19,38
STU2383,Fall 2025,2.68,3.45,0,2,47.1,64.3,55.3,81.0,57,73
STU2384,Fall 2025,3.35,3.29,0,0,85.4,84.7,62.7,71.9,45,54
STU2385,Fall 2025,3.41,3.48,0,0,78.9,76.9,95.4,82.6,56,47
STU2386,Fall 2025,3.66,3.53,0,2,89.4,89.7,100.0,89.9,70,67
STU2387,Fall 2025,3.09,2.84,0,0,77.0,76.2,46.6,58.5,60,66
STU2388,Fall 2025,3.27,3.16,0,0,77.4,79.1,68.5,68.1,59,47
STU2389,Fall 2025,2.81,2.67,0,0,90.4,93.6,68.8,82.4,24,15
STU2390,Fall 2025,3.16,3.3,0,0,85.2,89.6,81.4,86.8,37,50
STU2391,Fall 2025,2.2,2.23,0,0,84.2,79.3,100.0,99.8,23,23
STU2392,Fall 2025,2.49,2.23,0,0,96.0,98.9,65.4,76.1,42,39
STU2393,Fall 2025,2.52,2.24,0,0,60.0,52.3,61.5,67.7,48,58
STU2394,Fall 2025,3.23,2.94,1,1,83.4,81.6,96.7,89.4,48,58
STU2395,Fall 2025,3.29,3.46,0,1,60.6,69.0,58.8,65.3,49,66
STU2396,Fall 2025,2.46,2.0,0,0,97.5,92.1,85.4,77.2,65,65
STU2397,Fall 2025,2.83,2.79,0,0,76.5,81.1,73.5,77.9,59,53
STU2398,Fall 2025,3.48,3.26,2,0,97.2,100.0,89.2,87.1,62,67
STU2399,Fall 2025,3.71,3.46,0,0,84.1,81.2,100.0,100.0,66,69
STU2400,Fall 2025,1.58,,0,0,93.9,93.3,73.6,73.2,26,35
STU2401,Fall 2025,3.09,3.24,0,0,91.6,90.8,87.8,78.7,22,30
STU2402,Fall 2025,1.49,1.49,0,0,83.8,84.2,86.9,76.3,36,47
STU2403,Fall 2025,3.07,2.81,0,0,99.0,100.0,48.6,50.1,39,30
STU2404,Fall 2025,2.34,2.39,0,0,100.0,100.0,75.0,63.6,48,62
STU2405,Fall 2025,3.83,3.8,0,0,71.0,67.7,71.9,80.5,50,53
STU2406,Fall 2025,3.31,3.03,2,0,79.7,79.3,83.2,84.8,36,34
STU2407,Fall 2025,2.25,2.23,0,0,88.7,87.3,77.9,70.7,42,54
STU2408,Fall 2025,2.83,1.9,0,0,93.9,87.7,91.8,91.5,76,70
STU2409,Fall 2025,3.55,3.81,2,1,54.1,77.5,20.7,33.7,0,0
STU2410,Fall 2025,2.81,2.77,0,0,60.0,40.0,41.3,54.9,56,63
STU2411,Fall 2025,3.52,3.76,0,0,64.4,71.5,80.0,66.1,18,33
STU2412,Fall 2025,1.13,1.47,0,0,72.7,83.3,41.3,50.6,34,48
STU2413,Fall 2025,2.88,2.95,1,0,69.2,74.1,84.9,86.3,62,66
STU2414,Fall 2025,1.97,1.0,0,0,100.0,97.9,86.9,77.7,57,70
STU2415,Fall 2025,2.79,2.52,1,0,99.8,100.0,97.1,99.1,21,20
STU2416,Fall 2025,2.0,2.49,3,2,67.5,86.4,29.8,59.7,16,30
STU2417,Fall 2025,3.16,2.99,0,0,80.8,82.4,61.3,71.9,33,26
STU2418,Fall 2025,2.19,2.07,0,0,90.5,86.8,100.0,98.4,90,86
STU2419,Fall 2025,3.1,2.92,0,0,71.1,76.0,68.4,63.1,30,31
STU2420,Fall 2025,4.0,4.0,0,0,78.9,76.0,67.3,63.1,11,21
STU2421,Fall 2025,1.94,1.78,1,0,86.5,83.7,66.7,65.8,10,12
STU2422,Fall 2025,2.54,2.97,0,0,54.3,60.5,93.8,82.5,40,35
STU2423,Fall 2025,2.85,2.85,0,0,95.8,95.1,96.0,82.6,49,46
STU2424,Fall 2025,1.0,1.0,1,2,70.6,77.4,89.7,92.9,72,65
STU2425,Fall 2025,2.58,2.63,0,0,100.0,97.9,72.9,78.7,40,49
STU2426,Fall 2025,2.9,2.96,3,2,60.0,90.0,49.1,77.4,24,31
STU2427,Fall 2025,3.71,3.79,0,1,69.8,71.8,62.5,74.4,10,0
STU2428,Fall 2025,1.47,3.4,2,1,81.5,92.7,72.2,92.3,40,58
STU2429,Fall 2025,2.95,2.95,0,0,65.2,64.0,73.5,86.1,47,40
STU2430,Fall 2025,2.66,3.06,3,2,83.1,88.6,61.9,85.1,24,49
STU2431,Fall 2025,3.02,3.15,0,0,60.0,56.7,50.2,62.4,49,47
STU2432,Fall 2025,2.33,2.51,1,0,80.1,80.6,84.4,83.5,13,20
STU2433,Fall 2025,2.05,2.6,1,1,52.7,76.2,66.3,92.5,18,25
STU2434,Fall 2025,1.96,1.77,0,0,71.1,74.1,79.8,83.4,58,47
STU2435,Fall 2025,3.14,3.89,3,2,64.3,82.5,35.8,59.0,26,47
STU2436,Fall 2025,2.18,1.75,0,0,100.0,96.5,71.9,73.1,44,37
STU2437,Fall 2025,2.96,2.38,0,0,100.0,90.1,87.8,100.0,16,25
STU2438,Fall 2025,3.17,3.12,0,0,72.1,72.2,100.0,100.0,65,64
STU2439,Fall 2025,2.84,1.97,2,0,100.0,94.3,39.9,53.3,68,69
STU2440,Fall 2025,1.61,1.25,2,0,99.6,83.8,67.7,67.6,46,34
STU2441,Fall 2025,3.64,3.92,0,0,83.3,88.3,71.9,61.8,32,30
STU2442,Fall 2025,2.97,2.5,0,0,92.4,79.7,69.0,75.2,39,53
STU2443,Fall 2025,2.38,2.55,0,0,76.1,75.8,74.7,87.5,15,6
STU2444,Fall 2025,1.81,1.44,0,0,80.7,67.2,79.2,88.2,20,27
STU2445,Fall 2025,3.95,4.0,0,0,87.1,84.6,70.9,67.1,41,51
STU2446,Fall 2025,2.29,2.16,0,0,74.5,74.6,100.0,92.7,66,76
STU2447,Fall 2025,2.81,2.24,0,0,82.9,77.4,76.3,84.3,61,76
STU2448,Fall 2025,2.57,2.57,0,0,78.8,82.1,84.8,97.6,33,32
STU2449,Fall 2025,3.35,3.49,0,0,94.7,100.0,89.2,74.9,66,53
STU2450,Fall 2025,2.89,2.46,0,0,69.7,64.1,91.1,90.9,17,18
STU2451,Fall 2025,3.15,2.43,0,0,65.6,57.4,37.9,48.0,34,38
STU2452,Fall 2025,2.66,3.03,1,0,71.9,86.8,44.0,64.0,27,44
STU2453,Fall 2025,3.07,2.89,0,0,81.9,78.1,85.7,80.7,51,48
STU2454,Fall 2025,2.2,1.89,1,0,100.0,97.1,94.2,88.0,42,33
STU2455,Fall 2025,3.7,3.72,2,0,80.8,81.0,95.9,100.0,71,76
STU2456,Fall 2025,3.0,2.06,0,0,75.0,66.5,88.9,90.2,44,48
STU2457,Fall 2025,3.28,3.07,0,0,100.0,100.0,71.1,56.9,23,14
STU2458,Fall 2025,2.36,2.43,0,0,100.0,96.2,95.5,91.7,10,14
STU2459,Fall 2025,3.15,2.88,0,0,90.8,91.0,85.6,100.0,69,74
STU2460,Fall 2025,3.92,3.96,0,0,78.2,78.6,71.4,79.0,35,50
STU2461,Fall 2025,2.96,3.58,0,2,69.3,76.8,82.6,88.3,1,18
STU2462,Fall 2025,2.44,3.01,1,1,40.3,61.2,50.0,70.2,24,45
STU2463,Fall 2025,3.59,3.32,0,0,95.6,95.4,75.7,71.3,73,83
STU2464,Fall 2025,3.09,3.27,0,0,82.6,81.3,49.6,52.0,61,47
STU2465,Fall 2025,3.78,3.75,2,0,81.7,86.4,44.7,58.5,91,87
STU2466,Fall 2025,2.93,2.16,0,0,87.9,73.8,90.7,77.3,34,43
STU2467,Fall 2025,2.3,2.05,0,0,81.1,85.9,92.0,88.0,32,29
STU2468,Fall 2025,3.06,3.25,0,0,89.6,93.1,77.7,72.7,49,50
STU2469,Fall 2025,3.12,3.5,0,0,64.0,78.6,72.1,86.4,75,63
STU2470,Fall 2025,3.3,3.29,0,0,75.6,77.3,84.1,83.6,49,45
STU2471,Fall 2025,2.74,2.03,0,0,100.0,91.5,66.8,66.2,16,2
STU2472,Fall 2025,2.52,3.01,3,2,74.4,86.5,65.6,76.6,41,64
STU2473,Fall 2025,2.93,3.68,3,0,64.3,86.0,52.9,75.5,45,57
STU2474,Fall 2025,2.83,2.53,0,0,77.8,74.1,90.4,89.7,39,33
STU2475,Fall 2025,2.23,2.6,1,0,62.6,76.6,97.1,86.8,90,88
STU2476,Fall 2025,2.22,2.61,0,0,73.6,97.5,40.7,69.7,20,36
STU2477,Fall 2025,2.02,1.62,0,0,95.5,78.0,100.0,100.0,49,57
STU2478,Fall 2025,3.22,3.42,0,1,70.2,76.4,63.1,76.3,40,48
STU2479,Fall 2025,2.61,2.59,0,0,63.3,66.3,71.5,64.5,51,66
STU2480,Fall 2025,3.99,4.0,0,0,80.9,76.6,100.0,100.0,27,25
STU2481,Fall 2025,3.23,2.96,0,1,62.7,65.8,91.7,86.9,38,26
STU2482,Fall 2025,3.11,3.27,0,1,72.6,80.7,50.7,71.5,40,54
STU2483,Fall 2025,3.12,3.07,1,0,56.1,81.5,82.5,87.8,35,51
STU2484,Fall 2025,2.02,2.09,0,0,82.0,82.0,76.9,85.7,77,66
STU2485,Fall 2025,2.44,2.53,0,1,80.0,76.6,83.5,74.8,61,65
STU2486,Fall 2025,2.9,3.65,1,2,52.2,73.2,88.5,100.0,27,41
STU2487,Fall 2025,3.25,3.0,0,0,78.6,77.4,56.3,57.6,44,55
STU2488,Fall 2025,3.73,3.97,1,2,27.8,49.9,36.1,45.9,33,47
STU2489,Fall 2025,2.96,2.73,0,1,96.2,100.0,80.0,71.2,10,0
STU2490,Fall 2025,2.34,2.67,0,0,57.3,70.9,100.0,100.0,17,19
STU2491,Fall 2025,3.28,2.5,0,0,98.0,85.0,90.9,90.2,38,50
STU2492,Fall 2025,2.67,1.75,0,0,100.0,100.0,65.8,75.5,60,53
STU2493,Fall 2025,1.65,1.32,0,0,87.4,77.5,79.4,72.1,29,33
STU2494,Fall 2025,4.0,3.94,0,0,79.5,79.7,92.9,82.8,10,7
STU2495,Fall 2025,2.99,2.69,1,0,86.9,89.4,48.2,37.0,62,50
STU2496,Fall 2025,3.58,3.65,0,0,87.8,87.0,79.8,91.6,71,66
STU2497,Fall 2025,3.62,3.4,0,1,97.9,100.0,87.0,94.8,68,76
STU2498,Fall 2025,2.68,,1,1,40.9,60.6,32.0,62.0,21,46
STU2499,Fall 2025,2.99,3.69,1,1,71.2,78.1,44.2,63.4,9,27
STU2500,Fall 2025,3.03,3.1,0,0,88.8,93.0,55.7,68.3,61,70
