student_id,name,college,department,degree,year,semester,enrollment_year,target_withdrawal,measurement_period,current_gpa,previous_gpa,failed_subjects,backlogs,current_attendance,previous_attendance,assignment_completion,previous_assignment_completion,lms_activity,previous_lms_activity,gpa_change,attendance_change,assignment_change,lms_change,gpa_trend,attendance_trend,engagement_trend
STU0001,Student 1,Engineering College A,Civil,B.Tech,1,1,2023,0,Fall 2025,2.43,2.29,0,0,96.6,100.0,60.2,74.9,38,31,0.14000000000000012,-3.4000000000000057,-14.700000000000003,7,IMPROVING,DETERIORATING,DETERIORATING
STU0002,Student 2,Engineering College A,Civil,B.Tech,3,2,2023,1,Fall 2025,3.32,4.0,2,2,66.2,82.6,74.1,93.7,14,24,-0.6800000000000002,-16.39999999999999,-19.60000000000001,-10,DETERIORATING,DETERIORATING,DETERIORATING
STU0003,Student 3,Engineering College A,Electrical,B.Tech,2,1,2023,0,Fall 2025,3.83,4.0,0,1,68.4,73.7,64.7,78.5,54,52,-0.16999999999999993,-5.299999999999997,-13.799999999999997,2,DETERIORATING,DETERIORATING,DETERIORATING
STU0004,Student 4,Engineering College A,Civil,B.Tech,1,1,2023,0,Fall 2025,2.86,2.91,0,1,70.3,72.5,61.7,70.2,48,56,0.0,-2.200000000000003,-8.5,-8,UNKNOWN,DETERIORATING,DETERIORATING
STU0005,Student 5,Engineering College A,Business,B.Tech,4,1,2023,0,Fall 2025,2.52,2.68,0,0,83.2,91.7,76.4,69.5,14,1,-0.16000000000000014,-8.5,6.900000000000006,13,DETERIORATING,DETERIORATING,IMPROVING
STU0006,Student 6,Engineering College A,Civil,B.Tech,2,2,2023,1,Fall 2025,3.89,3.98,0,0,91.9,94.0,76.2,67.6,37,48,-0.08999999999999986,-2.0999999999999943,8.600000000000009,-11,STABLE,DETERIORATING,IMPROVING
STU0007,Student 7,Engineering College A,Business,B.Tech,4,1,2023,0,Fall 2025,2.49,2.22,0,0,60.0,55.5,67.2,62.9,63,70,0.27,4.5,4.300000000000004,-7,IMPROVING,IMPROVING,STABLE
STU0008,Student 8,Engineering College A,Civil,B.Tech,1,2,2023,1,Fall 2025,1.68,2.09,0,2,66.1,88.0,79.7,97.0,52,64,-0.4099999999999999,-21.900000000000006,-17.299999999999997,-12,DETERIORATING,DETERIORATING,DETERIORATING
STU0009,Student 9,Engineering College A,Business,B.Tech,3,2,2023,0,Fall 2025,2.08,1.76,0,0,95.5,76.2,59.2,62.0,67,72,0.32000000000000006,19.299999999999997,-2.799999999999997,-5,IMPROVING,IMPROVING,STABLE
STU0010,Student 10,Engineering College A,Civil,B.Tech,2,1,2023,0,Fall 2025,3.09,2.91,0,0,85.1,73.5,67.8,76.0,10,0,0.0,11.599999999999994,-8.200000000000003,10,UNKNOWN,IMPROVING,DETERIORATING
STU0011,Student 11,Engineering College A,Civil,B.Tech,2,2,2023,1,Fall 2025,3.01,3.03,0,0,96.0,92.7,53.7,68.1,51,59,-0.020000000000000018,3.299999999999997,-14.399999999999991,-8,STABLE,IMPROVING,DETERIORATING
STU0012,Student 12,Engineering College A,Mechanical,B.Tech,4,1,2023,1,Fall 2025,2.02,3.19,2,0,34.6,72.3,69.2,84.8,33,44,-1.17,-37.699999999999996,-15.599999999999994,-11,DETERIORATING,DETERIORATING,DETERIORATING
STU0013,Student 13,Engineering College A,Business,B.Tech,1,1,2023,0,Fall 2025,3.49,3.61,0,0,65.1,73.9,89.3,99.5,69,64,-0.11999999999999966,-8.800000000000011,-10.200000000000003,5,DETERIORATING,DETERIORATING,DETERIORATING
STU0014,Student 14,Engineering College A,Business,B.Tech,4,1,2023,0,Fall 2025,2.03,1.98,0,0,69.4,71.2,57.4,68.4,33,37,0.04999999999999982,-1.7999999999999972,-11.000000000000007,-4,STABLE,STABLE,DETERIORATING
STU0015,Student 15,Engineering College A,Business,B.Tech,1,1,2023,0,Fall 2025,2.9,2.97,1,0,97.2,100.0,91.1,90.5,33,32,-0.07000000000000028,-2.799999999999997,0.5999999999999943,1,STABLE,DETERIORATING,STABLE
STU0016,Student 16,Engineering College A,Computer Science,B.Tech,2,1,2023,0,Fall 2025,2.28,2.46,0,0,93.3,95.2,92.7,85.4,10,12,-0.18000000000000016,-1.9000000000000057,7.299999999999997,-2,DETERIORATING,STABLE,IMPROVING
STU0017,Student 17,Engineering College A,Civil,B.Tech,1,2,2023,1,Fall 2025,3.24,3.24,0,0,80.0,79.2,100.0,100.0,14,27,0.0,0.7999999999999972,0.0,-13,STABLE,STABLE,STABLE
STU0018,Student 18,Engineering College A,Business,B.Tech,2,2,2023,0,Fall 2025,3.95,3.93,1,1,74.5,76.7,72.1,78.1,59,63,0.020000000000000018,-2.200000000000003,-6.0,-4,STABLE,DETERIORATING,DETERIORATING
STU0019,Student 19,Engineering College A,Computer Science,B.Tech,1,2,2023,0,Fall 2025,2.58,2.67,0,0,60.0,57.4,61.2,60.3,49,40,-0.08999999999999986,2.6000000000000014,0.9000000000000057,9,STABLE,IMPROVING,STABLE
STU0020,Student 20,Engineering College A,Mechanical,B.Tech,3,2,2023,0,Fall 2025,3.71,3.69,1,0,91.2,92.7,89.3,87.6,14,24,0.020000000000000018,-1.5,1.7000000000000028,-10,STABLE,STABLE,STABLE
STU0021,Student 21,Engineering College A,Business,B.Tech,1,1,2023,0,Fall 2025,2.59,2.71,0,0,82.9,80.7,62.9,54.8,13,15,-0.1200000000000001,2.200000000000003,8.100000000000001,-2,DETERIORATING,IMPROVING,IMPROVING
STU0022,Student 22,Engineering College A,Business,B.Tech,3,1,2023,1,Fall 2025,3.17,3.0,0,0,75.7,76.0,94.6,86.1,47,40,0.16999999999999993,-0.29999999999999716,8.5,7,IMPROVING,STABLE,IMPROVING
STU0023,Student 23,Engineering College A,Computer Science,B.Tech,1,2,2023,0,Fall 2025,2.7,2.88,0,0,72.8,68.4,86.7,91.3,53,65,-0.17999999999999972,4.3999999999999915,-4.599999999999994,-12,DETERIORATING,IMPROVING,STABLE
STU0024,Student 24,Engineering College A,Civil,B.Tech,1,1,2023,0,Fall 2025,3.23,3.39,0,0,58.6,73.3,78.3,64.8,62,51,-0.16000000000000014,-14.699999999999996,13.5,11,DETERIORATING,DETERIORATING,IMPROVING
STU0025,Student 25,Engineering College A,Mechanical,B.Tech,4,2,2023,0,Fall 2025,2.4,2.2,0,0,88.2,88.6,69.2,68.1,38,24,0.19999999999999973,-0.3999999999999915,1.1000000000000085,14,IMPROVING,STABLE,STABLE
STU0026,Student 26,Engineering College A,Business,B.Tech,4,2,2023,0,Fall 2025,2.88,2.7,0,0,62.5,66.6,45.1,53.8,52,52,0.17999999999999972,-4.099999999999994,-8.699999999999996,0,IMPROVING,DETERIORATING,DETERIORATING
STU0027,Student 27,Engineering College A,Civil,B.Tech,2,2,2023,0,Fall 2025,3.36,3.1,0,0,79.3,77.9,75.6,78.2,59,47,0.2599999999999998,1.3999999999999915,-2.6000000000000085,12,IMPROVING,STABLE,STABLE
STU0028,Student 28,Engineering College A,Mechanical,B.Tech,4,2,2023,0,Fall 2025,2.85,2.15,1,0,100.0,86.6,66.9,65.9,61,73,0.7000000000000002,13.400000000000006,1.0,-12,IMPROVING,IMPROVING,STABLE
STU0029,Student 29,Engineering College A,Electrical,B.Tech,1,1,2023,1,Fall 2025,3.6,3.48,0,0,100.0,100.0,51.0,45.6,22,32,0.1200000000000001,0.0,5.399999999999999,-10,IMPROVING,STABLE,IMPROVING
STU0030,Student 30,Engineering College A,Electrical,B.Tech,4,1,2023,0,Fall 2025,4.0,4.0,0,0,60.0,61.3,100.0,88.4,56,68,0.0,-1.2999999999999972,11.599999999999994,-12,STABLE,STABLE,IMPROVING
STU0031,Student 31,Engineering College A,Mechanical,B.Tech,1,2,2023,0,Fall 2025,3.27,3.49,1,0,59.0,71.1,71.6,83.1,47,50,-0.2200000000000002,-12.099999999999994,-11.5,-3,DETERIORATING,DETERIORATING,DETERIORATING
STU0032,Student 32,Engineering College A,Computer Science,B.Tech,3,2,2023,0,Fall 2025,3.15,3.06,0,0,100.0,100.0,80.3,80.9,33,46,0.08999999999999986,0.0,-0.6000000000000085,-13,STABLE,STABLE,STABLE
STU0033,Student 33,Engineering College A,Mechanical,B.Tech,1,2,2023,0,Fall 2025,2.26,1.33,0,0,87.3,79.7,82.9,89.3,45,45,0.9299999999999997,7.599999999999994,-6.3999999999999915,0,IMPROVING,IMPROVING,DETERIORATING
STU0034,Student 34,Engineering College A,Mechanical,B.Tech,2,2,2023,0,Fall 2025,2.87,2.81,0,2,44.0,72.4,61.7,80.9,28,41,0.06000000000000005,-28.400000000000006,-19.200000000000003,-13,STABLE,DETERIORATING,DETERIORATING
STU0035,Student 35,Engineering College A,Computer Science,B.Tech,3,2,2023,1,Fall 2025,2.06,2.67,3,0,84.0,90.7,57.5,82.8,14,34,-0.6099999999999999,-6.700000000000003,-25.299999999999997,-20,DETERIORATING,DETERIORATING,DETERIORATING
STU0036,Student 36,Engineering College A,Computer Science,B.Tech,2,1,2023,0,Fall 2025,3.38,3.3,0,0,97.7,93.6,92.2,95.5,53,43,0.08000000000000007,4.1000000000000085,-3.299999999999997,10,STABLE,IMPROVING,STABLE
STU0037,Student 37,Engineering College A,Civil,B.Tech,2,2,2023,0,Fall 2025,2.53,2.87,0,2,58.9,70.0,100.0,100.0,10,11,-0.3400000000000003,-11.100000000000001,0.0,-1,DETERIORATING,DETERIORATING,STABLE
STU0038,Student 38,Engineering College A,Civil,B.Tech,2,2,2023,1,Fall 2025,2.3,2.7,0,0,59.8,74.2,59.7,73.1,70,85,-0.40000000000000036,-14.400000000000006,-13.399999999999991,-15,DETERIORATING,DETERIORATING,DETERIORATING
STU0039,Student 39,Engineering College A,Computer Science,B.Tech,4,1,2023,0,Fall 2025,2.87,2.82,0,0,74.0,72.3,56.9,60.3,38,46,0.050000000000000266,1.7000000000000028,-3.3999999999999986,-8,STABLE,STABLE,STABLE
STU0040,Student 40,Engineering College A,Electrical,B.Tech,2,1,2023,0,Fall 2025,2.03,1.95,0,0,92.2,92.3,91.7,90.2,20,21,0.07999999999999985,-0.09999999999999432,1.5,-1,STABLE,STABLE,STABLE
STU0041,Student 41,Engineering College A,Electrical,B.Tech,3,1,2023,0,Fall 2025,3.48,3.44,0,0,88.9,85.6,84.5,71.0,47,43,0.040000000000000036,3.3000000000000114,13.5,4,STABLE,IMPROVING,IMPROVING
STU0042,Student 42,Engineering College A,Mechanical,B.Tech,1,1,2023,0,Fall 2025,2.53,2.59,0,0,84.3,89.0,83.5,74.0,46,48,-0.06000000000000005,-4.700000000000003,9.5,-2,STABLE,DETERIORATING,IMPROVING
STU0043,Student 43,Engineering College A,Business,B.Tech,2,1,2023,0,Fall 2025,3.62,3.64,0,0,78.1,79.7,70.7,80.4,45,42,-0.020000000000000018,-1.6000000000000085,-9.700000000000003,3,STABLE,STABLE,DETERIORATING
STU0044,Student 44,Engineering College A,Mechanical,B.Tech,3,1,2023,1,Fall 2025,2.01,3.73,2,1,45.2,83.0,60.5,73.8,44,60,-1.7200000000000002,-37.8,-13.299999999999997,-16,DETERIORATING,DETERIORATING,DETERIORATING
STU0045,Student 45,Engineering College A,Mechanical,B.Tech,2,1,2023,1,Fall 2025,2.28,2.07,0,0,100.0,100.0,85.5,79.4,46,53,0.20999999999999996,0.0,6.099999999999994,-7,IMPROVING,STABLE,IMPROVING
STU0046,Student 46,Engineering College A,Business,B.Tech,1,1,2023,0,Fall 2025,2.91,3.4,1,0,75.3,82.4,45.9,51.6,54,46,-0.48999999999999977,-7.1000000000000085,-5.700000000000003,8,DETERIORATING,DETERIORATING,DETERIORATING
STU0047,Student 47,Engineering College A,Computer Science,B.Tech,3,1,2023,1,Fall 2025,2.98,3.17,0,0,94.3,92.9,67.6,55.8,35,24,-0.18999999999999995,1.3999999999999915,11.799999999999997,11,DETERIORATING,STABLE,IMPROVING
STU0048,Student 48,Engineering College A,Electrical,B.Tech,3,2,2023,0,Fall 2025,2.66,1.73,0,0,81.5,68.4,85.4,78.6,11,23,0.9300000000000002,13.099999999999994,6.800000000000011,-12,IMPROVING,IMPROVING,IMPROVING
STU0049,Student 49,Engineering College A,Mechanical,B.Tech,1,1,2023,0,Fall 2025,1.62,2.05,0,0,63.6,78.5,74.1,83.3,43,56,-0.4299999999999997,-14.899999999999999,-9.200000000000003,-13,DETERIORATING,DETERIORATING,DETERIORATING
STU0050,Student 50,Engineering College A,Business,B.Tech,3,2,2023,1,Fall 2025,3.89,4.0,0,0,78.2,86.7,61.0,54.5,63,55,-0.10999999999999988,-8.5,6.5,8,DETERIORATING,DETERIORATING,IMPROVING
STU0051,Student 51,Engineering College A,Civil,B.Tech,1,2,2023,1,Fall 2025,2.29,2.91,2,1,69.2,84.0,53.0,82.5,4,29,0.0,-14.799999999999997,-29.5,-25,UNKNOWN,DETERIORATING,DETERIORATING
STU0052,Student 52,Engineering College A,Mechanical,B.Tech,3,2,2023,1,Fall 2025,2.5,2.46,0,0,68.2,69.2,73.0,81.6,10,10,0.040000000000000036,-1.0,-8.599999999999994,0,STABLE,STABLE,DETERIORATING
STU0053,Student 53,Engineering College A,Electrical,B.Tech,3,2,2023,1,Fall 2025,3.54,2.91,3,1,81.8,99.3,88.7,100.0,0,13,0.0,-17.5,-11.299999999999997,-13,UNKNOWN,DETERIORATING,DETERIORATING
STU0054,Student 54,Engineering College A,Computer Science,B.Tech,1,2,2023,1,Fall 2025,3.1,3.65,2,0,84.8,98.5,71.0,81.0,32,40,-0.5499999999999998,-13.700000000000003,-10.0,-8,DETERIORATING,DETERIORATING,DETERIORATING
STU0055,Student 55,Engineering College A,Mechanical,B.Tech,1,2,2023,1,Fall 2025,3.23,3.2,0,0,76.2,72.0,96.9,100.0,89,86,0.029999999999999805,4.200000000000003,-3.0999999999999943,3,STABLE,IMPROVING,STABLE
STU0056,Student 56,Engineering College A,Mechanical,B.Tech,3,2,2023,1,Fall 2025,3.4,3.69,3,1,76.7,82.7,66.5,91.4,26,40,-0.29000000000000004,-6.0,-24.900000000000006,-14,DETERIORATING,DETERIORATING,DETERIORATING
STU0057,Student 57,Engineering College A,Business,B.Tech,3,2,2023,0,Fall 2025,3.22,3.19,0,0,78.4,79.5,93.4,81.0,57,69,0.03000000000000025,-1.0999999999999943,12.400000000000006,-12,STABLE,STABLE,IMPROVING
STU0058,Student 58,Engineering College A,Civil,B.Tech,1,1,2023,0,Fall 2025,1.04,1.12,0,0,77.2,80.4,47.8,60.9,53,46,-0.08000000000000007,-3.200000000000003,-13.100000000000001,7,STABLE,DETERIORATING,DETERIORATING
STU0059,Student 59,Engineering College A,Civil,B.Tech,4,2,2023,1,Fall 2025,3.67,3.55,0,0,95.9,95.9,53.4,42.9,43,32,0.1200000000000001,0.0,10.5,11,IMPROVING,STABLE,IMPROVING
STU0060,Student 60,Engineering College A,Computer Science,B.Tech,1,2,2023,0,Fall 2025,2.05,2.13,0,0,93.6,93.4,82.5,92.3,54,60,-0.08000000000000007,0.19999999999998863,-9.799999999999997,-6,STABLE,STABLE,DETERIORATING
STU0061,Student 61,Engineering College A,Electrical,B.Tech,3,2,2023,0,Fall 2025,3.23,3.37,0,0,75.2,74.5,93.6,81.4,54,46,-0.14000000000000012,0.7000000000000028,12.199999999999989,8,DETERIORATING,STABLE,IMPROVING
STU0062,Student 62,Engineering College A,Computer Science,B.Tech,3,2,2023,0,Fall 2025,2.27,2.47,0,0,77.9,83.1,96.8,95.5,69,63,-0.20000000000000018,-5.199999999999989,1.2999999999999972,6,DETERIORATING,DETERIORATING,STABLE
STU0063,Student 63,Engineering College A,Mechanical,B.Tech,3,1,2023,1,Fall 2025,3.25,3.05,1,0,62.2,61.4,99.1,90.9,30,36,0.20000000000000018,0.8000000000000043,8.199999999999989,-6,IMPROVING,STABLE,IMPROVING
STU0064,Student 64,Engineering College A,Mechanical,B.Tech,1,2,2023,1,Fall 2025,2.41,2.12,0,0,81.4,84.8,56.8,48.2,53,39,0.29000000000000004,-3.3999999999999915,8.599999999999994,14,IMPROVING,DETERIORATING,IMPROVING
STU0065,Student 65,Engineering College A,Civil,B.Tech,3,1,2023,0,Fall 2025,3.63,3.4,0,1,76.1,80.2,83.9,78.5,46,41,0.22999999999999998,-4.1000000000000085,5.400000000000006,5,IMPROVING,DETERIORATING,IMPROVING
STU0066,Student 66,Engineering College A,Electrical,B.Tech,4,1,2023,0,Fall 2025,1.58,1.56,0,0,78.6,73.9,58.5,70.8,19,7,0.020000000000000018,4.699999999999989,-12.299999999999997,12,STABLE,IMPROVING,DETERIORATING
STU0067,Student 67,Engineering College A,Business,B.Tech,2,2,2023,0,Fall 2025,2.99,2.73,0,0,98.0,94.8,37.4,49.1,10,15,0.26000000000000023,3.200000000000003,-11.700000000000003,-5,IMPROVING,IMPROVING,DETERIORATING
STU0068,Student 68,Engineering College A,Electrical,B.Tech,4,2,2023,0,Fall 2025,2.53,2.39,0,0,85.9,86.1,88.9,74.5,56,45,0.13999999999999968,-0.19999999999998863,14.400000000000006,11,IMPROVING,STABLE,IMPROVING
STU0069,Student 69,Engineering College A,Mechanical,B.Tech,1,1,2023,0,Fall 2025,3.13,2.88,2,0,82.2,84.1,99.3,85.0,43,50,0.25,-1.8999999999999915,14.299999999999997,-7,IMPROVING,STABLE,IMPROVING
STU0070,Student 70,Engineering College A,Business,B.Tech,3,2,2023,1,Fall 2025,3.13,3.17,0,1,60.0,100.0,43.7,55.0,17,42,-0.040000000000000036,-40.0,-11.299999999999997,-25,STABLE,DETERIORATING,DETERIORATING
STU0071,Student 71,Engineering College A,Electrical,B.Tech,1,2,2023,0,Fall 2025,2.86,2.62,0,0,75.3,73.2,58.7,56.3,22,35,0.23999999999999977,2.0999999999999943,2.4000000000000057,-13,IMPROVING,IMPROVING,STABLE
STU0072,Student 72,Engineering College A,Electrical,B.Tech,2,1,2023,0,Fall 2025,2.44,2.59,1,0,80.8,91.5,40.1,50.8,30,24,-0.1499999999999999,-10.700000000000003,-10.699999999999996,6,DETERIORATING,DETERIORATING,DETERIORATING
STU0073,Student 73,Engineering College A,Business,B.Tech,1,1,2023,0,Fall 2025,3.62,3.47,0,0,77.8,81.7,61.1,51.5,98,100,0.1499999999999999,-3.9000000000000057,9.600000000000001,-2,IMPROVING,DETERIORATING,IMPROVING
STU0074,Student 74,Engineering College A,Mechanical,B.Tech,3,2,2023,0,Fall 2025,2.03,2.52,1,0,65.3,79.0,76.2,91.1,47,51,-0.4900000000000002,-13.700000000000003,-14.899999999999991,-4,DETERIORATING,DETERIORATING,DETERIORATING
STU0075,Student 75,Engineering College A,Electrical,B.Tech,2,2,2023,0,Fall 2025,3.99,3.96,0,0,100.0,100.0,89.2,89.4,29,39,0.03000000000000025,0.0,-0.20000000000000284,-10,STABLE,STABLE,STABLE
STU0076,Student 76,Engineering College A,Business,B.Tech,2,2,2023,0,Fall 2025,2.95,3.41,1,0,82.9,89.9,51.7,62.8,76,62,-0.45999999999999996,-7.0,-11.099999999999994,14,DETERIORATING,DETERIORATING,DETERIORATING
STU0077,Student 77,Engineering College A,Mechanical,B.Tech,3,1,2023,0,Fall 2025,3.24,3.06,0,0,94.0,94.0,92.1,87.7,86,86,0.18000000000000016,0.0,4.3999999999999915,0,IMPROVING,STABLE,STABLE
STU0078,Student 78,Engineering College A,Business,B.Tech,3,2,2023,0,Fall 2025,2.65,2.54,0,0,72.6,76.1,79.7,70.9,38,30,0.10999999999999988,-3.5,8.799999999999997,8,IMPROVING,DETERIORATING,IMPROVING
STU0079,Student 79,Engineering College A,Business,B.Tech,3,1,2023,0,Fall 2025,2.72,2.7,1,0,85.9,84.9,94.8,100.0,12,4,0.020000000000000018,1.0,-5.200000000000003,8,STABLE,STABLE,DETERIORATING
STU0080,Student 80,Engineering College A,Electrical,B.Tech,1,1,2023,0,Fall 2025,3.1,2.85,0,0,83.6,85.0,75.1,81.4,31,31,0.25,-1.4000000000000057,-6.300000000000011,0,IMPROVING,STABLE,DETERIORATING
STU0081,Student 81,Engineering College A,Mechanical,B.Tech,4,2,2023,0,Fall 2025,3.06,3.63,2,2,76.9,91.5,61.9,91.7,5,25,-0.5699999999999998,-14.599999999999994,-29.800000000000004,-20,DETERIORATING,DETERIORATING,DETERIORATING
STU0082,Student 82,Engineering College A,Electrical,B.Tech,1,1,2023,0,Fall 2025,2.96,2.9,1,0,98.1,98.1,68.2,67.4,32,18,0.06000000000000005,0.0,0.7999999999999972,14,STABLE,STABLE,STABLE
STU0083,Student 83,Engineering College A,Computer Science,B.Tech,1,2,2023,0,Fall 2025,2.43,2.34,0,0,62.8,59.3,100.0,95.6,22,34,0.0900000000000003,3.5,4.400000000000006,-12,STABLE,IMPROVING,STABLE
STU0084,Student 84,Engineering College A,Computer Science,B.Tech,4,2,2023,0,Fall 2025,3.03,2.89,1,0,83.7,81.0,37.1,44.8,27,41,0.13999999999999968,2.700000000000003,-7.699999999999996,-14,IMPROVING,IMPROVING,DETERIORATING
STU0085,Student 85,Engineering College A,Mechanical,B.Tech,3,1,2023,0,Fall 2025,3.02,3.1,0,0,85.4,89.0,64.4,61.0,18,29,-0.08000000000000007,-3.5999999999999943,3.4000000000000057,-11,STABLE,DETERIORATING,STABLE
STU0086,Student 86,Engineering College A,Business,B.Tech,3,2,2023,0,Fall 2025,2.54,2.48,0,0,97.8,95.6,66.5,73.2,60,72,0.06000000000000005,2.200000000000003,-6.700000000000003,-12,STABLE,IMPROVING,DETERIORATING
STU0087,Student 87,Engineering College A,Electrical,B.Tech,4,1,2023,1,Fall 2025,4.0,4.0,1,0,74.7,72.6,100.0,100.0,47,42,0.0,2.1000000000000085,0.0,5,STABLE,IMPROVING,STABLE
STU0088,Student 88,Engineering College A,Electrical,B.Tech,4,1,2023,0,Fall 2025,3.76,3.87,0,0,63.8,76.2,74.9,67.2,60,47,-0.11000000000000032,-12.400000000000006,7.700000000000003,13,DETERIORATING,DETERIORATING,IMPROVING
STU0089,Student 89,Engineering College A,Mechanical,B.Tech,1,2,2023,1,Fall 2025,1.72,1.9,0,1,55.3,72.6,56.5,80.0,6,27,-0.17999999999999994,-17.299999999999997,-23.5,-21,DETERIORATING,DETERIORATING,DETERIORATING
STU0090,Student 90,Engineering College A,Mechanical,B.Tech,2,2,2023,0,Fall 2025,3.35,3.33,0,0,79.7,80.7,74.1,71.8,61,59,0.020000000000000018,-1.0,2.299999999999997,2,STABLE,STABLE,STABLE
STU0091,Student 91,Engineering College A,Computer Science,B.Tech,4,2,2023,0,Fall 2025,2.63,2.9,1,0,64.8,79.1,81.6,78.8,45,42,-0.27,-14.299999999999997,2.799999999999997,3,DETERIORATING,DETERIORATING,STABLE
STU0092,Student 92,Engineering College A,Civil,B.Tech,1,2,2023,0,Fall 2025,3.15,3.43,0,0,68.3,78.9,73.8,72.9,63,69,-0.28000000000000025,-10.600000000000009,0.8999999999999915,-6,DETERIORATING,DETERIORATING,STABLE
STU0093,Student 93,Engineering College A,Mechanical,B.Tech,2,1,2023,0,Fall 2025,2.7,2.77,0,0,89.4,85.8,92.8,86.8,71,70,-0.06999999999999984,3.6000000000000085,6.0,1,STABLE,IMPROVING,IMPROVING
STU0094,Student 94,Engineering College A,Civil,B.Tech,3,1,2023,0,Fall 2025,1.9,2.17,0,0,73.5,80.6,91.7,87.2,33,22,-0.27,-7.099999999999994,4.5,11,DETERIORATING,DETERIORATING,STABLE
STU0095,Student 95,Engineering College A,Mechanical,B.Tech,3,1,2023,1,Fall 2025,4.0,3.98,0,0,89.1,84.8,83.4,72.2,15,26,0.020000000000000018,4.299999999999997,11.200000000000003,-11,STABLE,IMPROVING,IMPROVING
STU0096,Student 96,Engineering College A,Business,B.Tech,1,2,2023,0,Fall 2025,3.4,3.5,0,0,64.2,63.9,94.5,92.9,61,54,-0.10000000000000009,0.30000000000000426,1.5999999999999943,7,DETERIORATING,STABLE,STABLE
STU0097,Student 97,Engineering College A,Business,B.Tech,1,1,2023,0,Fall 2025,3.16,2.25,0,0,92.7,80.6,100.0,100.0,29,38,0.9100000000000001,12.100000000000009,0.0,-9,IMPROVING,IMPROVING,STABLE
STU0098,Student 98,Engineering College A,Computer Science,B.Tech,4,1,2023,0,Fall 2025,2.02,2.03,0,0,91.7,87.3,78.7,80.7,52,51,-0.009999999999999787,4.400000000000006,-2.0,1,STABLE,IMPROVING,STABLE
STU0099,Student 99,Engineering College A,Computer Science,B.Tech,3,2,2023,0,Fall 2025,3.06,3.19,0,1,69.5,74.5,69.7,77.4,48,42,-0.1299999999999999,-5.0,-7.700000000000003,6,DETERIORATING,DETERIORATING,DETERIORATING
STU0100,Student 100,Engineering College A,Civil,B.Tech,1,2,2023,1,Fall 2025,3.5,3.6,0,0,72.2,74.3,68.0,68.7,66,53,-0.10000000000000009,-2.0999999999999943,-0.7000000000000028,13,DETERIORATING,DETERIORATING,STABLE
STU0101,Student 101,Engineering College A,Mechanical,B.Tech,3,2,2023,0,Fall 2025,2.36,1.96,0,0,76.5,60.6,57.1,70.0,42,29,0.3999999999999999,15.899999999999999,-12.899999999999999,13,IMPROVING,IMPROVING,DETERIORATING
STU0102,Student 102,Engineering College A,Electrical,B.Tech,3,1,2023,1,Fall 2025,3.88,4.0,0,0,84.8,79.9,48.7,60.8,37,35,-0.1200000000000001,4.8999999999999915,-12.099999999999994,2,DETERIORATING,IMPROVING,DETERIORATING
STU0103,Student 103,Engineering College A,Computer Science,B.Tech,4,2,2023,0,Fall 2025,2.12,2.53,0,0,71.3,86.0,37.8,51.7,47,54,-0.4099999999999997,-14.700000000000003,-13.900000000000006,-7,DETERIORATING,DETERIORATING,DETERIORATING
STU0104,Student 104,Engineering College A,Electrical,B.Tech,2,1,2023,0,Fall 2025,3.09,3.47,0,0,59.6,68.5,75.0,78.8,11,13,-0.38000000000000034,-8.899999999999999,-3.799999999999997,-2,DETERIORATING,DETERIORATING,STABLE
STU0105,Student 105,Engineering College A,Electrical,B.Tech,4,1,2023,0,Fall 2025,3.35,3.59,0,0,56.9,77.4,69.9,87.1,63,73,-0.23999999999999977,-20.500000000000007,-17.19999999999999,-10,DETERIORATING,DETERIORATING,DETERIORATING
STU0106,Student 106,Engineering College A,Mechanical,B.Tech,1,1,2023,0,Fall 2025,3.38,3.29,0,0,78.8,75.1,91.3,80.3,11,13,0.08999999999999986,3.700000000000003,11.0,-2,STABLE,IMPROVING,IMPROVING
STU0107,Student 107,Engineering College A,Civil,B.Tech,4,1,2023,1,Fall 2025,3.57,3.68,0,0,100.0,100.0,58.6,63.4,59,53,-0.11000000000000032,0.0,-4.799999999999997,6,DETERIORATING,STABLE,STABLE
STU0108,Student 108,Engineering College A,Mechanical,B.Tech,4,1,2023,0,Fall 2025,2.38,2.41,0,0,90.7,90.9,89.0,86.0,68,69,-0.03000000000000025,-0.20000000000000284,3.0,-1,STABLE,STABLE,STABLE
STU0109,Student 109,Engineering College A,Computer Science,B.Tech,3,2,2023,0,Fall 2025,2.92,2.64,0,0,74.5,74.4,100.0,89.7,64,58,0.2799999999999998,0.09999999999999432,10.299999999999997,6,IMPROVING,STABLE,IMPROVING
STU0110,Student 110,Engineering College A,Electrical,B.Tech,4,1,2023,1,Fall 2025,2.39,1.92,0,0,100.0,97.5,63.9,68.5,74,67,0.4700000000000002,2.5,-4.600000000000001,7,IMPROVING,IMPROVING,STABLE
STU0111,Student 111,Engineering College A,Mechanical,B.Tech,1,2,2023,0,Fall 2025,3.02,2.89,0,0,81.5,78.9,59.0,70.4,79,70,0.1299999999999999,2.5999999999999943,-11.400000000000006,9,IMPROVING,IMPROVING,DETERIORATING
STU0112,Student 112,Engineering College A,Mechanical,B.Tech,2,1,2023,1,Fall 2025,2.47,2.65,0,0,90.5,86.0,76.5,87.7,43,38,-0.17999999999999972,4.5,-11.200000000000003,5,DETERIORATING,IMPROVING,DETERIORATING
STU0113,Student 113,Engineering College A,Mechanical,B.Tech,4,1,2023,1,Fall 2025,1.73,2.18,0,2,39.0,63.4,60.7,80.1,15,38,-0.4500000000000002,-24.4,-19.39999999999999,-23,DETERIORATING,DETERIORATING,DETERIORATING
STU0114,Student 114,Engineering College A,Computer Science,B.Tech,4,2,2023,0,Fall 2025,2.34,2.47,1,0,99.5,96.0,79.4,76.8,77,66,-0.13000000000000034,3.5,2.6000000000000085,11,DETERIORATING,IMPROVING,STABLE
STU0115,Student 115,Engineering College A,Civil,B.Tech,2,1,2023,0,Fall 2025,3.03,2.95,0,1,60.0,53.7,67.3,78.3,78,69,0.07999999999999963,6.299999999999997,-11.0,9,STABLE,IMPROVING,DETERIORATING
STU0116,Student 116,Engineering College A,Mechanical,B.Tech,1,1,2023,0,Fall 2025,2.47,3.5,1,1,40.3,72.9,55.2,73.4,14,27,-1.0299999999999998,-32.60000000000001,-18.200000000000003,-13,DETERIORATING,DETERIORATING,DETERIORATING
STU0117,Student 117,Engineering College A,Computer Science,B.Tech,1,2,2023,0,Fall 2025,3.78,3.76,0,0,100.0,100.0,73.1,85.1,51,39,0.020000000000000018,0.0,-12.0,12,STABLE,STABLE,DETERIORATING
STU0118,Student 118,Engineering College A,Electrical,B.Tech,4,2,2023,0,Fall 2025,3.82,3.87,0,0,65.6,62.4,87.4,100.0,57,47,-0.050000000000000266,3.1999999999999957,-12.599999999999994,10,STABLE,IMPROVING,DETERIORATING
STU0119,Student 119,Engineering College A,Business,B.Tech,3,1,2023,1,Fall 2025,3.3,3.76,1,0,46.3,63.1,47.1,71.9,19,38,-0.45999999999999996,-16.800000000000004,-24.800000000000004,-19,DETERIORATING,DETERIORATING,DETERIORATING
STU0120,Student 120,Engineering College A,Computer Science,B.Tech,4,1,2023,0,Fall 2025,2.19,1.49,0,0,83.0,69.9,60.8,74.0,10,19,0.7,13.099999999999994,-13.200000000000003,-9,IMPROVING,IMPROVING,DETERIORATING
STU0121,Student 121,Engineering College A,Business,B.Tech,2,1,2023,0,Fall 2025,2.07,2.49,0,0,74.6,81.9,66.5,73.8,11,26,-0.4200000000000004,-7.300000000000011,-7.299999999999997,-15,DETERIORATING,DETERIORATING,DETERIORATING
STU0122,Student 122,Engineering College A,Mechanical,B.Tech,2,2,2023,1,Fall 2025,1.84,3.32,2,1,77.2,87.3,65.8,76.9,35,47,-1.4799999999999998,-10.099999999999994,-11.100000000000009,-12,DETERIORATING,DETERIORATING,DETERIORATING
STU0123,Student 123,Engineering College A,Mechanical,B.Tech,2,1,2023,0,Fall 2025,2.61,2.71,0,0,90.0,94.6,72.2,58.8,40,28,-0.10000000000000009,-4.599999999999994,13.400000000000006,12,DETERIORATING,DETERIORATING,IMPROVING
STU0124,Student 124,Engineering College A,Computer Science,B.Tech,4,2,2023,0,Fall 2025,2.82,3.29,0,0,85.2,93.9,90.1,99.9,44,32,-0.4700000000000002,-8.700000000000003,-9.800000000000011,12,DETERIORATING,DETERIORATING,DETERIORATING
STU0125,Student 125,Engineering College A,Business,B.Tech,4,2,2023,0,Fall 2025,2.71,2.81,0,0,55.8,69.8,72.3,60.8,33,39,-0.10000000000000009,-14.0,11.5,-6,DETERIORATING,DETERIORATING,IMPROVING
STU0126,Student 126,Engineering College A,Mechanical,B.Tech,1,1,2023,0,Fall 2025,3.47,3.22,1,0,96.3,100.0,68.1,66.0,10,12,0.25,-3.700000000000003,2.0999999999999943,-2,IMPROVING,DETERIORATING,STABLE
STU0127,Student 127,Engineering College A,Electrical,B.Tech,3,2,2023,1,Fall 2025,2.97,2.06,0,0,100.0,88.4,100.0,95.3,52,51,0.9100000000000001,11.599999999999994,4.700000000000003,1,IMPROVING,IMPROVING,STABLE
STU0128,Student 128,Engineering College A,Civil,B.Tech,4,1,2023,1,Fall 2025,2.65,3.74,2,1,51.3,68.5,53.2,80.1,39,52,-1.0900000000000003,-17.200000000000003,-26.89999999999999,-13,DETERIORATING,DETERIORATING,DETERIORATING
STU0129,Student 129,Engineering College A,Civil,B.Tech,1,1,2023,0,Fall 2025,3.29,3.04,0,0,91.2,95.7,84.6,79.6,30,43,0.25,-4.5,5.0,-13,IMPROVING,DETERIORATING,STABLE
STU0130,Student 130,Engineering College A,Mechanical,B.Tech,4,2,2023,0,Fall 2025,2.82,2.93,0,0,91.8,96.6,79.7,82.1,21,34,-0.11000000000000032,-4.799999999999997,-2.3999999999999915,-13,DETERIORATING,DETERIORATING,STABLE
STU0131,Student 131,Engineering College A,Business,B.Tech,1,2,2023,0,Fall 2025,3.58,3.31,0,0,99.6,100.0,67.5,73.2,54,55,0.27,-0.4000000000000057,-5.700000000000003,-1,IMPROVING,STABLE,DETERIORATING
STU0132,Student 132,Engineering College A,Mechanical,B.Tech,1,2,2023,0,Fall 2025,3.56,3.46,0,0,91.3,91.8,92.2,94.5,39,47,0.10000000000000009,-0.5,-2.299999999999997,-8,IMPROVING,STABLE,STABLE
STU0133,Student 133,Engineering College A,Business,B.Tech,3,2,2023,1,Fall 2025,2.44,2.49,2,1,68.1,70.9,61.8,60.2,52,57,-0.050000000000000266,-2.8000000000000114,1.5999999999999943,-5,STABLE,DETERIORATING,STABLE
STU0134,Student 134,Engineering College A,Electrical,B.Tech,4,2,2023,0,Fall 2025,2.51,1.9,0,0,89.5,78.8,76.6,78.4,38,39,0.6099999999999999,10.700000000000003,-1.8000000000000114,-1,IMPROVING,IMPROVING,STABLE
STU0135,Student 135,Engineering College A,Business,B.Tech,1,2,2023,1,Fall 2025,2.04,2.29,0,1,75.2,90.9,65.0,93.9,45,62,-0.25,-15.700000000000003,-28.900000000000006,-17,DETERIORATING,DETERIORATING,DETERIORATING
STU0136,Student 136,Engineering College A,Mechanical,B.Tech,2,1,2023,0,Fall 2025,3.35,3.54,1,1,88.9,84.9,77.4,76.8,27,28,-0.18999999999999995,4.0,0.6000000000000085,-1,DETERIORATING,IMPROVING,STABLE
STU0137,Student 137,Engineering College A,Electrical,B.Tech,2,1,2023,0,Fall 2025,1.5,1.98,0,0,61.1,67.3,87.4,73.7,33,37,-0.48,-6.199999999999996,13.700000000000003,-4,DETERIORATING,DETERIORATING,IMPROVING
STU0138,Student 138,Engineering College A,Computer Science,B.Tech,2,1,2023,0,Fall 2025,3.74,3.74,1,0,89.2,85.6,97.5,90.3,72,59,0.0,3.6000000000000085,7.200000000000003,13,STABLE,IMPROVING,IMPROVING
STU0139,Student 139,Engineering College A,Civil,B.Tech,3,2,2023,0,Fall 2025,2.8,2.5,0,0,69.2,62.5,63.8,72.7,10,20,0.2999999999999998,6.700000000000003,-8.900000000000006,-10,IMPROVING,IMPROVING,DETERIORATING
STU0140,Student 140,Engineering College A,Mechanical,B.Tech,1,2,2023,1,Fall 2025,3.1,3.37,1,0,71.3,88.7,76.1,85.5,9,30,-0.27,-17.400000000000006,-9.400000000000006,-21,DETERIORATING,DETERIORATING,DETERIORATING
STU0141,Student 141,Engineering College A,Mechanical,B.Tech,3,2,2023,1,Fall 2025,3.02,3.52,1,2,74.6,84.1,71.4,78.0,20,38,-0.5,-9.5,-6.599999999999994,-18,DETERIORATING,DETERIORATING,DETERIORATING
STU0142,Student 142,Engineering College A,Mechanical,B.Tech,4,1,2023,1,Fall 2025,2.23,2.25,0,0,86.2,88.4,82.3,89.1,10,6,-0.020000000000000018,-2.200000000000003,-6.799999999999997,4,STABLE,DETERIORATING,DETERIORATING
STU0143,Student 143,Engineering College A,Electrical,B.Tech,4,1,2023,0,Fall 2025,3.67,3.6,1,0,100.0,100.0,60.4,54.8,31,24,0.06999999999999984,0.0,5.600000000000001,7,STABLE,STABLE,IMPROVING
STU0144,Student 144,Engineering College A,Computer Science,B.Tech,1,2,2023,0,Fall 2025,2.26,1.65,2,0,89.1,74.8,91.9,82.4,25,18,0.6099999999999999,14.299999999999997,9.5,7,IMPROVING,IMPROVING,IMPROVING
STU0145,Student 145,Engineering College A,Business,B.Tech,2,2,2023,1,Fall 2025,3.42,3.6,0,0,62.0,62.7,84.8,71.8,27,34,-0.18000000000000016,-0.7000000000000028,13.0,-7,DETERIORATING,STABLE,IMPROVING
STU0146,Student 146,Engineering College A,Computer Science,B.Tech,1,2,2023,0,Fall 2025,1.68,1.48,0,0,100.0,100.0,73.9,77.1,19,26,0.19999999999999996,0.0,-3.1999999999999886,-7,IMPROVING,STABLE,STABLE
STU0147,Student 147,Engineering College A,Electrical,B.Tech,1,2,2023,0,Fall 2025,2.85,2.72,0,0,77.9,82.7,46.9,46.9,10,1,0.1299999999999999,-4.799999999999997,0.0,9,IMPROVING,DETERIORATING,STABLE
STU0148,Student 148,Engineering College A,Mechanical,B.Tech,1,1,2023,0,Fall 2025,2.66,2.56,0,1,73.8,69.0,91.0,76.5,53,51,0.10000000000000009,4.799999999999997,14.5,2,IMPROVING,IMPROVING,IMPROVING
STU0149,Student 149,Engineering College A,Civil,B.Tech,3,1,2023,0,Fall 2025,2.05,1.84,0,0,94.6,94.2,67.8,72.7,60,68,0.20999999999999974,0.3999999999999915,-4.900000000000006,-8,IMPROVING,STABLE,STABLE
STU0150,Student 150,Engineering College A,Mechanical,B.Tech,4,1,2023,0,Fall 2025,2.76,2.37,0,0,83.0,64.9,77.4,79.3,51,65,0.3899999999999997,18.099999999999994,-1.8999999999999915,-14,IMPROVING,IMPROVING,STABLE
STU0151,Student 151,Engineering College A,Business,B.Tech,1,2,2023,1,Fall 2025,3.17,3.7,0,0,83.9,89.8,62.5,82.8,9,19,-0.5300000000000002,-5.8999999999999915,-20.299999999999997,-10,DETERIORATING,DETERIORATING,DETERIORATING
STU0152,Student 152,Engineering College A,Civil,B.Tech,1,1,2023,0,Fall 2025,3.58,3.36,0,0,61.7,63.6,73.2,75.9,31,36,0.2200000000000002,-1.8999999999999986,-2.700000000000003,-5,IMPROVING,STABLE,STABLE
STU0153,Student 153,Engineering College A,Mechanical,B.Tech,1,2,2023,0,Fall 2025,2.89,3.38,0,0,82.6,92.3,100.0,97.9,32,25,-0.48999999999999977,-9.700000000000003,2.0999999999999943,7,DETERIORATING,DETERIORATING,STABLE
STU0154,Student 154,Engineering College A,Civil,B.Tech,3,2,2023,1,Fall 2025,2.49,2.91,0,0,86.8,84.1,86.1,75.3,47,62,0.0,2.700000000000003,10.799999999999997,-15,UNKNOWN,IMPROVING,IMPROVING
STU0155,Student 155,Engineering College A,Computer Science,B.Tech,3,2,2023,1,Fall 2025,3.06,3.74,0,0,82.8,93.0,76.8,99.0,29,53,-0.6800000000000002,-10.200000000000003,-22.200000000000003,-24,DETERIORATING,DETERIORATING,DETERIORATING
STU0156,Student 156,Engineering College A,Electrical,B.Tech,3,1,2023,0,Fall 2025,2.37,1.43,1,0,61.2,43.4,82.1,81.8,56,50,0.9400000000000002,17.800000000000004,0.29999999999999716,6,IMPROVING,IMPROVING,STABLE
STU0157,Student 157,Engineering College A,Mechanical,B.Tech,1,1,2023,0,Fall 2025,2.72,2.5,0,0,77.1,70.2,91.2,82.8,81,67,0.2200000000000002,6.8999999999999915,8.400000000000006,14,IMPROVING,IMPROVING,IMPROVING
STU0158,Student 158,Engineering College A,Business,B.Tech,2,2,2023,0,Fall 2025,2.27,2.36,0,0,90.1,89.3,53.9,66.9,10,12,-0.08999999999999986,0.7999999999999972,-13.000000000000007,-2,STABLE,STABLE,DETERIORATING
STU0159,Student 159,Engineering College A,Computer Science,B.Tech,2,1,2023,0,Fall 2025,3.18,3.23,0,0,83.1,84.3,61.2,75.6,65,59,-0.04999999999999982,-1.2000000000000028,-14.399999999999991,6,STABLE,STABLE,DETERIORATING
STU0160,Student 160,Engineering College A,Mechanical,B.Tech,2,2,2023,0,Fall 2025,2.96,3.24,0,0,54.9,66.2,88.8,100.0,19,13,-0.28000000000000025,-11.300000000000004,-11.200000000000003,6,DETERIORATING,DETERIORATING,DETERIORATING
STU0161,Student 161,Engineering College A,Computer Science,B.Tech,4,2,2023,0,Fall 2025,3.12,3.56,1,0,88.4,96.4,82.7,74.0,27,40,-0.43999999999999995,-8.0,8.700000000000003,-13,DETERIORATING,DETERIORATING,IMPROVING
STU0162,Student 162,Engineering College A,Business,B.Tech,1,2,2023,0,Fall 2025,3.93,4.0,0,0,87.8,85.1,61.9,69.2,78,80,-0.06999999999999984,2.700000000000003,-7.300000000000004,-2,STABLE,IMPROVING,DETERIORATING
STU0163,Student 163,Engineering College A,Mechanical,B.Tech,2,1,2023,0,Fall 2025,3.88,2.91,0,0,100.0,100.0,88.9,100.0,37,24,0.0,0.0,-11.099999999999994,13,UNKNOWN,STABLE,DETERIORATING
STU0164,Student 164,Engineering College A,Business,B.Tech,2,1,2023,0,Fall 2025,3.52,3.87,0,0,50.0,60.0,72.1,65.9,34,37,-0.3500000000000001,-10.0,6.199999999999989,-3,DETERIORATING,DETERIORATING,IMPROVING
STU0165,Student 165,Engineering College A,Civil,B.Tech,2,2,2023,0,Fall 2025,2.72,2.59,0,0,74.1,81.6,81.4,89.5,47,48,0.13000000000000034,-0.9000000000000057,-8.099999999999994,-1,IMPROVING,UNKNOWN,DETERIORATING
STU0166,Student 166,Engineering College A,Business,B.Tech,1,1,2023,0,Fall 2025,1.56,1.93,0,0,51.8,59.4,91.2,86.8,24,14,-0.3699999999999999,-7.600000000000001,4.400000000000006,10,DETERIORATING,DETERIORATING,STABLE
STU0167,Student 167,Engineering College A,Civil,B.Tech,2,1,2023,1,Fall 2025,2.85,2.56,0,0,88.7,85.9,75.1,72.8,10,14,0.29000000000000004,2.799999999999997,2.299999999999997,-4,IMPROVING,IMPROVING,STABLE
STU0168,Student 168,Engineering College A,Mechanical,B.Tech,2,1,2023,0,Fall 2025,3.22,3.13,2,0,87.3,82.9,73.2,66.5,56,51,0.0900000000000003,4.3999999999999915,6.700000000000003,5,STABLE,IMPROVING,IMPROVING
STU0169,Student 169,Engineering College A,Civil,B.Tech,1,1,2023,0,Fall 2025,3.46,3.43,0,0,79.4,77.5,79.4,64.5,38,44,0.029999999999999805,1.9000000000000057,14.900000000000006,-6,STABLE,STABLE,IMPROVING
STU0170,Student 170,Engineering College A,Mechanical,B.Tech,4,2,2023,0,Fall 2025,3.43,3.32,0,0,67.4,72.4,86.5,73.6,39,44,0.11000000000000032,-5.0,12.900000000000006,-5,IMPROVING,DETERIORATING,IMPROVING
STU0171,Student 171,Engineering College A,Mechanical,B.Tech,3,1,2023,0,Fall 2025,3.6,3.39,0,0,98.6,96.5,66.8,70.7,71,76,0.20999999999999996,2.0999999999999943,-3.9000000000000057,-5,IMPROVING,IMPROVING,STABLE
STU0172,Student 172,Engineering College A,Electrical,B.Tech,2,2,2023,0,Fall 2025,2.63,2.56,0,0,76.9,74.5,90.9,95.7,30,32,0.06999999999999984,2.4000000000000057,-4.799999999999997,-2,STABLE,IMPROVING,STABLE
STU0173,Student 173,Engineering College A,Mechanical,B.Tech,3,2,2023,0,Fall 2025,2.51,2.27,0,0,60.2,59.6,79.0,72.7,45,35,0.23999999999999977,0.6000000000000014,6.299999999999997,10,IMPROVING,STABLE,IMPROVING
STU0174,Student 174,Engineering College A,Civil,B.Tech,4,1,2023,0,Fall 2025,3.04,3.07,0,0,62.1,63.7,68.7,80.0,29,42,-0.029999999999999805,-1.6000000000000014,-11.299999999999997,-13,STABLE,STABLE,DETERIORATING
STU0175,Student 175,Engineering College A,Electrical,B.Tech,4,2,2023,0,Fall 2025,2.57,1.96,1,0,100.0,94.4,48.2,52.2,33,47,0.6099999999999999,5.599999999999994,-4.0,-14,IMPROVING,IMPROVING,STABLE
STU0176,Student 176,Engineering College A,Electrical,B.Tech,2,2,2023,0,Fall 2025,2.87,3.06,0,0,87.9,89.4,84.5,77.3,10,6,-0.18999999999999995,-1.5,7.200000000000003,4,DETERIORATING,STABLE,IMPROVING
STU0177,Student 177,Engineering College A,Mechanical,B.Tech,1,1,2023,0,Fall 2025,3.09,3.05,0,0,98.6,95.5,94.1,86.4,37,45,0.040000000000000036,3.0999999999999943,7.699999999999989,-8,STABLE,IMPROVING,IMPROVING
STU0178,Student 178,Engineering College A,Business,B.Tech,4,2,2023,1,Fall 2025,3.32,3.17,0,0,84.0,80.1,76.3,72.2,42,29,0.1499999999999999,3.9000000000000057,4.099999999999994,13,IMPROVING,IMPROVING,STABLE
STU0179,Student 179,Engineering College A,Business,B.Tech,3,2,2023,0,Fall 2025,2.87,3.12,3,2,60.7,84.3,72.1,84.8,42,55,-0.25,-23.599999999999994,-12.700000000000003,-13,DETERIORATING,DETERIORATING,DETERIORATING
STU0180,Student 180,Engineering College A,Electrical,B.Tech,3,1,2023,0,Fall 2025,3.47,3.53,0,0,74.8,75.2,97.1,98.6,85,83,-0.05999999999999961,-0.4000000000000057,-1.5,2,STABLE,STABLE,STABLE
STU0181,Student 181,Engineering College A,Mechanical,B.Tech,3,1,2023,0,Fall 2025,2.66,2.06,0,0,90.8,72.5,100.0,93.6,45,60,0.6000000000000001,18.299999999999997,6.400000000000006,-15,IMPROVING,IMPROVING,IMPROVING
STU0182,Student 182,Engineering College A,Business,B.Tech,3,1,2023,0,Fall 2025,3.2,2.92,0,0,70.5,67.9,90.6,92.7,17,31,0.28000000000000025,2.5999999999999943,-2.1000000000000085,-14,IMPROVING,IMPROVING,STABLE
STU0183,Student 183,Engineering College A,Mechanical,B.Tech,4,1,2023,0,Fall 2025,2.31,3.53,0,2,65.3,76.6,83.1,95.7,45,64,-1.2199999999999998,-11.299999999999997,-12.600000000000009,-19,DETERIORATING,DETERIORATING,DETERIORATING
STU0184,Student 184,Engineering College A,Mechanical,B.Tech,2,1,2023,1,Fall 2025,2.69,3.19,2,0,75.7,88.0,52.8,59.8,15,38,-0.5,-12.299999999999997,-7.0,-23,DETERIORATING,DETERIORATING,DETERIORATING
STU0185,Student 185,Engineering College A,Electrical,B.Tech,2,2,2023,0,Fall 2025,2.73,1.94,1,0,100.0,93.6,68.9,75.3,57,47,0.79,6.400000000000006,-6.3999999999999915,10,IMPROVING,IMPROVING,DETERIORATING
STU0186,Student 186,Engineering College A,Electrical,B.Tech,3,2,2023,1,Fall 2025,2.42,2.46,0,0,62.5,63.7,100.0,100.0,32,45,-0.040000000000000036,-1.2000000000000028,0.0,-13,STABLE,STABLE,STABLE
STU0187,Student 187,Engineering College A,Computer Science,B.Tech,2,1,2023,1,Fall 2025,3.31,3.19,0,0,78.7,82.3,73.4,72.9,12,4,0.1200000000000001,-3.5999999999999943,0.5,8,IMPROVING,DETERIORATING,STABLE
STU0188,Student 188,Engineering College A,Business,B.Tech,3,1,2023,0,Fall 2025,3.69,3.65,1,0,87.0,87.9,76.9,70.9,24,12,0.040000000000000036,-0.9000000000000057,6.0,12,STABLE,STABLE,IMPROVING
STU0189,Student 189,Engineering College A,Business,B.Tech,3,2,2023,0,Fall 2025,3.56,3.26,0,0,76.5,81.1,79.4,89.5,65,54,0.30000000000000027,-4.599999999999994,-10.099999999999994,11,IMPROVING,DETERIORATING,DETERIORATING
STU0190,Student 190,Engineering College A,Business,B.Tech,1,1,2023,0,Fall 2025,3.62,3.85,0,0,94.2,100.0,84.9,71.6,58,58,-0.22999999999999998,-5.799999999999997,13.300000000000011,0,DETERIORATING,DETERIORATING,IMPROVING
STU0191,Student 191,Engineering College A,Civil,B.Tech,4,1,2023,0,Fall 2025,2.59,1.68,2,0,100.0,86.1,92.1,91.7,92,84,0.9099999999999999,13.900000000000006,0.3999999999999915,8,IMPROVING,IMPROVING,STABLE
STU0192,Student 192,Engineering College A,Mechanical,B.Tech,4,2,2023,1,Fall 2025,2.72,3.81,1,0,37.0,68.9,44.0,67.4,5,24,-1.0899999999999999,-31.900000000000006,-23.400000000000006,-19,DETERIORATING,DETERIORATING,DETERIORATING
STU0193,Student 193,Engineering College A,Electrical,B.Tech,3,2,2023,0,Fall 2025,3.23,3.61,3,0,86.4,94.9,62.6,76.7,29,42,-0.3799999999999999,-8.5,-14.100000000000001,-13,DETERIORATING,DETERIORATING,DETERIORATING
STU0194,Student 194,Engineering College A,Business,B.Tech,4,2,2023,0,Fall 2025,1.99,2.08,0,0,79.2,76.6,66.2,71.9,58,46,-0.09000000000000008,2.6000000000000085,-5.700000000000003,12,STABLE,IMPROVING,DETERIORATING
STU0195,Student 195,Engineering College A,Computer Science,B.Tech,2,1,2023,0,Fall 2025,1.87,2.03,0,1,83.5,88.9,84.5,85.8,34,25,-0.1599999999999997,-5.400000000000006,-1.2999999999999972,9,DETERIORATING,DETERIORATING,STABLE
STU0196,Student 196,Engineering College A,Business,B.Tech,3,2,2023,0,Fall 2025,2.12,2.24,0,2,65.9,70.8,82.0,79.2,83,72,-0.1200000000000001,-4.8999999999999915,2.799999999999997,11,DETERIORATING,DETERIORATING,STABLE
STU0197,Student 197,Engineering College A,Mechanical,B.Tech,1,1,2023,0,Fall 2025,3.33,3.27,1,0,73.7,75.1,100.0,92.5,59,52,0.06000000000000005,-1.3999999999999915,7.5,7,STABLE,STABLE,IMPROVING
STU0198,Student 198,Engineering College A,Mechanical,B.Tech,2,2,2023,1,Fall 2025,2.53,3.92,3,2,57.3,77.3,62.0,82.6,51,73,-1.3900000000000001,-20.0,-20.599999999999994,-22,DETERIORATING,DETERIORATING,DETERIORATING
STU0199,Student 199,Engineering College A,Electrical,B.Tech,1,1,2023,1,Fall 2025,2.55,2.81,2,0,89.6,98.0,87.6,92.6,32,52,-0.26000000000000023,-8.400000000000006,-5.0,-20,DETERIORATING,DETERIORATING,STABLE
STU0200,Student 200,Engineering College A,Civil,B.Tech,1,1,2023,0,Fall 2025,2.34,2.91,0,0,65.9,69.7,47.0,47.0,64,69,0.0,-3.799999999999997,0.0,-5,UNKNOWN,DETERIORATING,STABLE
STU0201,Student 201,Engineering College A,Electrical,B.Tech,4,1,2023,0,Fall 2025,2.48,1.94,0,1,94.9,89.7,100.0,100.0,34,31,0.54,5.200000000000003,0.0,3,IMPROVING,IMPROVING,STABLE
STU0202,Student 202,Engineering College A,Business,B.Tech,4,2,2023,0,Fall 2025,4.0,3.91,0,0,87.6,89.6,82.0,70.9,19,34,0.08999999999999986,-2.0,11.099999999999994,-15,STABLE,STABLE,IMPROVING
STU0203,Student 203,Engineering College A,Computer Science,B.Tech,3,2,2023,1,Fall 2025,3.38,2.91,0,0,88.2,91.3,70.7,62.0,26,29,0.0,-3.0999999999999943,8.700000000000003,-3,UNKNOWN,DETERIORATING,IMPROVING
STU0204,Student 204,Engineering College A,Electrical,B.Tech,4,2,2023,0,Fall 2025,2.47,3.07,2,0,63.8,88.7,63.6,71.9,14,20,-0.5999999999999996,-24.900000000000006,-8.300000000000004,-6,DETERIORATING,DETERIORATING,DETERIORATING
STU0205,Student 205,Engineering College A,Civil,B.Tech,1,1,2023,0,Fall 2025,2.72,2.46,0,0,90.2,85.5,92.6,82.2,44,50,0.26000000000000023,4.700000000000003,10.399999999999991,-6,IMPROVING,IMPROVING,IMPROVING
STU0206,Student 206,Engineering College A,Electrical,B.Tech,1,2,2023,0,Fall 2025,2.05,1.78,0,0,100.0,94.4,72.7,76.1,42,39,0.2699999999999998,5.599999999999994,-3.3999999999999915,3,IMPROVING,IMPROVING,STABLE
STU0207,Student 207,Engineering College A,Mechanical,B.Tech,2,2,2023,1,Fall 2025,3.3,3.5,0,0,81.1,80.8,39.8,51.6,35,39,-0.20000000000000018,0.29999999999999716,-11.800000000000004,-4,DETERIORATING,STABLE,DETERIORATING
STU0208,Student 208,Engineering College A,Business,B.Tech,1,1,2023,0,Fall 2025,3.44,3.31,0,1,70.4,74.6,76.0,83.7,49,41,0.1299999999999999,-4.199999999999989,-7.700000000000003,8,IMPROVING,DETERIORATING,DETERIORATING
STU0209,Student 209,Engineering College A,Business,B.Tech,3,1,2023,1,Fall 2025,3.4,3.63,0,0,65.7,79.6,94.1,83.7,35,44,-0.22999999999999998,-13.899999999999991,10.399999999999991,-9,DETERIORATING,DETERIORATING,IMPROVING
STU0210,Student 210,Engineering College A,Business,B.Tech,3,2,2023,0,Fall 2025,3.01,2.79,0,0,91.2,86.4,73.8,75.6,17,31,0.21999999999999975,4.799999999999997,-1.7999999999999972,-14,IMPROVING,IMPROVING,STABLE
STU0211,Student 211,Engineering College A,Business,B.Tech,4,2,2023,0,Fall 2025,3.13,2.5,0,0,84.5,75.9,56.6,46.1,46,45,0.6299999999999999,8.599999999999994,10.5,1,IMPROVING,IMPROVING,IMPROVING
STU0212,Student 212,Engineering College A,Business,B.Tech,4,2,2023,0,Fall 2025,3.07,3.07,0,0,98.9,94.0,81.0,71.8,68,79,0.0,4.900000000000006,9.200000000000003,-11,STABLE,IMPROVING,IMPROVING
STU0213,Student 213,Engineering College A,Business,B.Tech,4,1,2023,0,Fall 2025,3.05,2.5,0,0,100.0,96.9,90.8,88.9,59,46,0.5499999999999998,3.0999999999999943,1.8999999999999915,13,IMPROVING,IMPROVING,STABLE
STU0214,Student 214,Engineering College A,Computer Science,B.Tech,3,2,2023,0,Fall 2025,2.9,3.35,0,1,76.2,84.4,49.2,50.3,26,29,-0.4500000000000002,-8.200000000000003,-1.0999999999999943,-3,DETERIORATING,DETERIORATING,STABLE
STU0215,Student 215,Engineering College A,Civil,B.Tech,1,1,2023,1,Fall 2025,3.77,3.59,0,0,79.8,79.0,84.9,81.1,10,18,0.18000000000000016,0.7999999999999972,3.8000000000000114,-8,IMPROVING,STABLE,STABLE
STU0216,Student 216,Engineering College A,Business,B.Tech,4,1,2023,0,Fall 2025,3.46,2.91,0,0,62.2,64.7,89.1,100.0,78,68,0.0,-2.5,-10.900000000000006,10,UNKNOWN,DETERIORATING,DETERIORATING
STU0217,Student 217,Engineering College A,Civil,B.Tech,2,2,2023,0,Fall 2025,3.04,3.11,1,0,85.0,80.2,99.1,90.1,63,69,-0.06999999999999984,4.799999999999997,9.0,-6,STABLE,IMPROVING,IMPROVING
STU0218,Student 218,Engineering College A,Business,B.Tech,4,2,2023,0,Fall 2025,3.39,2.39,0,0,67.5,61.3,76.9,77.7,53,44,1.0,6.200000000000003,-0.7999999999999972,9,IMPROVING,IMPROVING,STABLE
STU0219,Student 219,Engineering College A,Electrical,B.Tech,3,1,2023,0,Fall 2025,2.92,2.66,0,0,72.2,74.5,61.9,47.2,57,52,0.2599999999999998,-2.299999999999997,14.699999999999996,5,IMPROVING,DETERIORATING,IMPROVING
STU0220,Student 220,Engineering College A,Business,B.Tech,4,1,2023,1,Fall 2025,2.89,3.04,0,0,74.2,70.7,66.8,63.8,82,69,-0.1499999999999999,3.5,3.0,13,DETERIORATING,IMPROVING,STABLE
STU0221,Student 221,Engineering College A,Mechanical,B.Tech,1,2,2023,0,Fall 2025,2.62,2.58,0,0,96.4,100.0,77.5,72.3,39,37,0.040000000000000036,-3.5999999999999943,5.200000000000003,2,STABLE,DETERIORATING,IMPROVING
STU0222,Student 222,Engineering College A,Computer Science,B.Tech,4,2,2023,0,Fall 2025,2.74,2.91,1,0,77.1,79.8,62.6,67.2,40,37,0.0,-2.700000000000003,-4.600000000000001,3,UNKNOWN,DETERIORATING,STABLE
STU0223,Student 223,Engineering College A,Electrical,B.Tech,3,2,2023,0,Fall 2025,2.67,2.37,0,0,60.0,57.3,95.4,90.0,48,62,0.2999999999999998,2.700000000000003,5.400000000000006,-14,IMPROVING,IMPROVING,IMPROVING
STU0224,Student 224,Engineering College A,Electrical,B.Tech,3,1,2023,0,Fall 2025,2.65,2.81,0,0,80.4,78.3,75.8,69.7,50,47,-0.16000000000000014,2.1000000000000085,6.099999999999994,3,DETERIORATING,IMPROVING,IMPROVING
STU0225,Student 225,Engineering College A,Mechanical,B.Tech,2,1,2023,0,Fall 2025,3.61,3.58,0,0,67.9,64.9,75.3,85.5,40,47,0.029999999999999805,3.0,-10.200000000000003,-7,STABLE,IMPROVING,DETERIORATING
STU0226,Student 226,Engineering College A,Business,B.Tech,3,2,2023,0,Fall 2025,3.49,3.38,0,0,77.5,77.4,97.3,82.5,22,8,0.11000000000000032,0.09999999999999432,14.799999999999997,14,IMPROVING,STABLE,IMPROVING
STU0227,Student 227,Engineering College A,Computer Science,B.Tech,2,1,2023,0,Fall 2025,3.45,3.6,2,0,91.1,100.0,59.4,76.5,18,39,-0.1499999999999999,-8.900000000000006,-17.1,-21,DETERIORATING,DETERIORATING,DETERIORATING
STU0228,Student 228,Engineering College A,Electrical,B.Tech,1,1,2023,0,Fall 2025,2.55,2.58,0,0,85.6,89.9,57.2,71.2,23,20,-0.03000000000000025,-4.300000000000011,-14.0,3,STABLE,DETERIORATING,DETERIORATING
STU0229,Student 229,Engineering College A,Computer Science,B.Tech,3,2,2023,1,Fall 2025,2.07,2.6,0,2,66.9,72.1,59.5,83.9,26,45,-0.5300000000000002,-5.199999999999989,-24.400000000000006,-19,DETERIORATING,DETERIORATING,DETERIORATING
STU0230,Student 230,Engineering College A,Electrical,B.Tech,4,1,2023,0,Fall 2025,3.92,3.63,0,0,70.3,69.0,88.0,95.8,54,56,0.29000000000000004,1.2999999999999972,-7.799999999999997,-2,IMPROVING,STABLE,DETERIORATING
STU0231,Student 231,Engineering College A,Business,B.Tech,1,2,2023,0,Fall 2025,3.1,2.13,1,0,94.7,89.1,82.8,95.4,31,20,0.9700000000000002,5.6000000000000085,-12.600000000000009,11,IMPROVING,IMPROVING,DETERIORATING
STU0232,Student 232,Engineering College A,Electrical,B.Tech,4,2,2023,0,Fall 2025,3.39,3.1,0,0,85.0,87.8,91.5,88.6,35,27,0.29000000000000004,-2.799999999999997,2.9000000000000057,8,IMPROVING,DETERIORATING,STABLE
STU0233,Student 233,Engineering College A,Electrical,B.Tech,4,1,2023,1,Fall 2025,3.15,2.86,2,0,95.1,93.0,90.7,90.8,47,50,0.29000000000000004,2.0999999999999943,-0.09999999999999432,-3,IMPROVING,IMPROVING,STABLE
STU0234,Student 234,Engineering College A,Civil,B.Tech,4,1,2023,0,Fall 2025,1.87,2.33,0,0,60.5,68.8,71.6,73.9,13,8,-0.45999999999999996,-8.299999999999997,-2.3000000000000114,5,DETERIORATING,DETERIORATING,STABLE
STU0235,Student 235,Engineering College A,Business,B.Tech,1,2,2023,0,Fall 2025,2.85,2.6,0,0,60.0,55.4,91.6,77.6,53,42,0.25,4.600000000000001,14.0,11,IMPROVING,IMPROVING,IMPROVING
STU0236,Student 236,Engineering College A,Mechanical,B.Tech,1,1,2023,0,Fall 2025,2.74,2.91,0,0,74.7,78.7,88.9,100.0,45,58,-0.16999999999999993,-4.0,-11.099999999999994,-13,DETERIORATING,DETERIORATING,DETERIORATING
STU0237,Student 237,Engineering College A,Mechanical,B.Tech,3,2,2023,0,Fall 2025,2.56,2.8,0,0,82.7,96.2,76.7,63.3,67,57,-0.23999999999999977,-13.5,13.400000000000006,10,DETERIORATING,DETERIORATING,IMPROVING
STU0238,Student 238,Engineering College A,Business,B.Tech,4,1,2023,0,Fall 2025,2.91,2.91,0,0,84.4,84.5,95.6,86.9,45,46,0.0,-0.09999999999999432,8.699999999999989,-1,STABLE,STABLE,IMPROVING
STU0239,Student 239,Engineering College A,Mechanical,B.Tech,2,1,2023,0,Fall 2025,2.72,2.51,1,1,67.3,68.1,85.9,77.9,41,28,0.2100000000000004,-0.7999999999999972,8.0,13,IMPROVING,STABLE,IMPROVING
STU0240,Student 240,Engineering College A,Business,B.Tech,3,1,2023,1,Fall 2025,2.08,2.27,0,0,87.4,84.9,71.9,84.2,52,60,-0.18999999999999995,2.5,-12.299999999999997,-8,DETERIORATING,IMPROVING,DETERIORATING
STU0241,Student 241,Engineering College A,Mechanical,B.Tech,1,2,2023,1,Fall 2025,2.6,3.22,3,0,83.5,91.0,71.8,86.3,28,45,-0.6200000000000001,-7.5,-14.5,-17,DETERIORATING,DETERIORATING,DETERIORATING
STU0242,Student 242,Engineering College A,Civil,B.Tech,2,1,2023,1,Fall 2025,3.77,4.0,2,0,91.3,100.0,37.5,56.9,45,64,-0.22999999999999998,-8.700000000000003,-19.4,-19,DETERIORATING,DETERIORATING,DETERIORATING
STU0243,Student 243,Engineering College A,Mechanical,B.Tech,1,2,2023,1,Fall 2025,2.88,3.11,1,0,64.8,81.6,41.2,67.5,0,15,-0.22999999999999998,-0.9000000000000057,-26.299999999999997,-15,DETERIORATING,UNKNOWN,DETERIORATING
STU0244,Student 244,Engineering College A,Electrical,B.Tech,2,2,2023,1,Fall 2025,4.0,4.0,1,0,86.5,87.1,82.5,80.8,54,54,0.0,-0.5999999999999943,1.7000000000000028,0,STABLE,STABLE,STABLE
STU0245,Student 245,Engineering College A,Business,B.Tech,3,2,2023,0,Fall 2025,3.12,2.83,0,0,79.5,81.5,55.2,62.2,10,16,0.29000000000000004,-2.0,-7.0,-6,IMPROVING,STABLE,DETERIORATING
STU0246,Student 246,Engineering College A,Computer Science,B.Tech,2,1,2023,1,Fall 2025,1.97,2.36,3,0,72.1,86.3,71.7,96.5,35,50,-0.3899999999999999,-14.200000000000003,-24.799999999999997,-15,DETERIORATING,DETERIORATING,DETERIORATING
STU0247,Student 247,Engineering College A,Computer Science,B.Tech,3,2,2023,0,Fall 2025,3.05,2.5,0,0,100.0,99.0,63.1,67.6,34,40,0.5499999999999998,1.0,-4.499999999999993,-6,IMPROVING,STABLE,STABLE
STU0248,Student 248,Engineering College A,Business,B.Tech,1,2,2023,0,Fall 2025,2.99,3.37,2,1,60.9,74.5,62.5,69.0,38,53,-0.3799999999999999,-13.600000000000001,-6.5,-15,DETERIORATING,DETERIORATING,DETERIORATING
STU0249,Student 249,Engineering College A,Civil,B.Tech,2,1,2023,1,Fall 2025,3.01,3.51,1,2,48.5,63.6,29.9,55.9,27,44,-0.5,-15.100000000000001,-26.0,-17,DETERIORATING,DETERIORATING,DETERIORATING
STU0250,Student 250,Engineering College A,Mechanical,B.Tech,4,2,2023,1,Fall 2025,1.97,3.27,2,2,71.2,100.0,54.8,80.3,33,49,-1.3,-28.799999999999997,-25.5,-16,DETERIORATING,DETERIORATING,DETERIORATING
STU0251,Student 251,Engineering College A,Civil,B.Tech,4,2,2023,0,Fall 2025,2.14,2.33,0,0,59.2,68.9,89.0,96.5,52,65,-0.18999999999999995,-9.700000000000003,-7.5,-13,DETERIORATING,DETERIORATING,DETERIORATING
STU0252,Student 252,Engineering College A,Computer Science,B.Tech,1,1,2023,0,Fall 2025,2.21,2.44,1,0,59.8,69.4,94.8,82.9,56,63,-0.22999999999999998,-9.600000000000009,11.899999999999991,-7,DETERIORATING,DETERIORATING,IMPROVING
STU0253,Student 253,Engineering College A,Business,B.Tech,2,2,2023,1,Fall 2025,2.18,2.56,0,2,55.3,68.2,66.3,76.2,35,51,-0.3799999999999999,-12.900000000000006,-9.900000000000006,-16,DETERIORATING,DETERIORATING,DETERIORATING
STU0254,Student 254,Engineering College A,Business,B.Tech,4,1,2023,0,Fall 2025,3.86,3.66,0,0,98.1,100.0,55.2,56.1,48,63,0.19999999999999973,-1.9000000000000057,-0.8999999999999986,-15,IMPROVING,STABLE,STABLE
STU0255,Student 255,Engineering College A,Civil,B.Tech,3,2,2023,0,Fall 2025,3.01,2.5,0,0,94.0,82.8,99.8,94.6,89,81,0.5099999999999998,11.200000000000003,5.200000000000003,8,IMPROVING,IMPROVING,IMPROVING
STU0256,Student 256,Engineering College A,Civil,B.Tech,2,2,2023,0,Fall 2025,2.56,2.51,0,0,86.6,88.5,73.7,73.6,41,52,0.050000000000000266,-1.9000000000000057,0.10000000000000853,-11,STABLE,STABLE,STABLE
STU0257,Student 257,Engineering College A,Mechanical,B.Tech,2,1,2023,1,Fall 2025,2.32,3.39,0,2,42.5,71.5,58.2,80.3,50,66,-1.0700000000000003,-29.0,-22.099999999999994,-16,DETERIORATING,DETERIORATING,DETERIORATING
STU0258,Student 258,Engineering College A,Electrical,B.Tech,4,2,2023,0,Fall 2025,3.01,2.96,1,0,60.7,63.0,65.5,66.3,48,40,0.04999999999999982,-2.299999999999997,-0.7999999999999972,8,STABLE,DETERIORATING,STABLE
STU0259,Student 259,Engineering College A,Electrical,B.Tech,3,2,2023,0,Fall 2025,4.0,4.0,0,0,70.4,69.4,76.8,63.8,47,39,0.0,1.0,13.0,8,STABLE,STABLE,IMPROVING
STU0260,Student 260,Engineering College A,Mechanical,B.Tech,3,2,2023,1,Fall 2025,3.4,3.17,0,0,78.7,76.5,100.0,97.5,47,46,0.22999999999999998,2.200000000000003,2.5,1,IMPROVING,IMPROVING,STABLE
STU0261,Student 261,Engineering College A,Electrical,B.Tech,3,1,2023,1,Fall 2025,4.0,4.0,0,0,73.5,75.7,62.6,74.7,25,36,0.0,-2.200000000000003,-12.100000000000001,-11,STABLE,DETERIORATING,DETERIORATING
STU0262,Student 262,Engineering College A,Computer Science,B.Tech,2,1,2023,0,Fall 2025,3.39,3.6,1,1,64.0,70.0,72.7,83.7,27,46,-0.20999999999999996,-6.0,-11.0,-19,DETERIORATING,DETERIORATING,DETERIORATING
STU0263,Student 263,Engineering College A,Electrical,B.Tech,1,1,2023,0,Fall 2025,3.19,3.36,1,0,81.3,76.9,77.8,67.3,57,47,-0.16999999999999993,4.3999999999999915,10.5,10,DETERIORATING,IMPROVING,IMPROVING
STU0264,Student 264,Engineering College A,Mechanical,B.Tech,2,1,2023,0,Fall 2025,2.73,2.66,0,0,68.8,64.5,75.9,87.7,62,52,0.06999999999999984,4.299999999999997,-11.799999999999997,10,STABLE,IMPROVING,DETERIORATING
STU0265,Student 265,Engineering College A,Electrical,B.Tech,2,1,2023,0,Fall 2025,2.73,3.88,2,2,29.4,65.9,37.8,47.0,55,65,-1.15,-36.50000000000001,-9.200000000000003,-10,DETERIORATING,DETERIORATING,DETERIORATING
STU0266,Student 266,Engineering College A,Business,B.Tech,4,2,2023,0,Fall 2025,3.43,3.55,0,0,68.0,66.2,68.8,71.0,63,61,-0.11999999999999966,1.7999999999999972,-2.200000000000003,2,DETERIORATING,STABLE,STABLE
STU0267,Student 267,Engineering College A,Civil,B.Tech,1,1,2023,0,Fall 2025,3.12,2.17,0,0,96.2,89.1,90.2,90.5,15,23,0.9500000000000002,7.1000000000000085,-0.29999999999999716,-8,IMPROVING,IMPROVING,STABLE
STU0268,Student 268,Engineering College A,Computer Science,B.Tech,3,1,2023,0,Fall 2025,3.19,3.3,0,0,77.1,75.5,49.9,48.3,23,35,-0.10999999999999988,1.5999999999999943,1.6000000000000014,-12,DETERIORATING,STABLE,STABLE
STU0269,Student 269,Engineering College A,Business,B.Tech,4,1,2023,0,Fall 2025,3.77,3.52,1,0,98.0,94.0,85.3,79.4,43,31,0.25,4.0,5.8999999999999915,12,IMPROVING,IMPROVING,IMPROVING
STU0270,Student 270,Engineering College A,Business,B.Tech,2,2,2023,0,Fall 2025,1.82,1.94,0,1,87.2,89.6,67.0,67.9,14,23,-0.11999999999999988,-2.3999999999999915,-0.9000000000000057,-9,DETERIORATING,DETERIORATING,STABLE
STU0271,Student 271,Engineering College A,Mechanical,B.Tech,1,2,2023,1,Fall 2025,3.73,3.48,0,0,93.8,96.3,60.0,72.2,100,97,0.25,-2.5,-12.200000000000003,3,IMPROVING,DETERIORATING,DETERIORATING
STU0272,Student 272,Engineering College A,Civil,B.Tech,3,1,2023,0,Fall 2025,3.56,3.59,0,0,84.0,87.5,95.4,91.8,35,38,-0.029999999999999805,-3.5,3.6000000000000085,-3,STABLE,DETERIORATING,STABLE
STU0273,Student 273,Engineering College A,Civil,B.Tech,3,2,2023,1,Fall 2025,3.4,4.0,2,0,74.0,91.2,66.0,75.4,39,52,-0.6000000000000001,-17.200000000000003,-9.400000000000006,-13,DETERIORATING,DETERIORATING,DETERIORATING
STU0274,Student 274,Engineering College A,Computer Science,B.Tech,2,2,2023,1,Fall 2025,1.68,2.25,0,0,55.3,78.3,70.3,78.7,35,46,-0.5700000000000001,-23.0,-8.400000000000006,-11,DETERIORATING,DETERIORATING,DETERIORATING
STU0275,Student 275,Engineering College A,Mechanical,B.Tech,3,2,2023,0,Fall 2025,3.18,2.98,1,0,90.6,86.0,54.8,57.4,39,26,0.20000000000000018,4.599999999999994,-2.6000000000000014,13,IMPROVING,IMPROVING,STABLE
STU0276,Student 276,Engineering College A,Computer Science,B.Tech,3,2,2023,0,Fall 2025,2.41,2.58,0,0,100.0,100.0,77.7,67.9,38,46,-0.16999999999999993,0.0,9.799999999999997,-8,DETERIORATING,STABLE,IMPROVING
STU0277,Student 277,Engineering College A,Electrical,B.Tech,1,1,2023,1,Fall 2025,1.85,2.05,0,0,86.7,90.7,62.2,53.4,72,59,-0.19999999999999973,-4.0,8.800000000000004,13,DETERIORATING,DETERIORATING,IMPROVING
STU0278,Student 278,Engineering College A,Business,B.Tech,4,1,2023,0,Fall 2025,2.92,2.91,0,0,55.6,68.2,68.6,82.9,20,24,0.0,-12.600000000000001,-14.300000000000011,-4,UNKNOWN,DETERIORATING,DETERIORATING
STU0279,Student 279,Engineering College A,Computer Science,B.Tech,1,2,2023,0,Fall 2025,3.0,2.74,1,0,67.7,68.6,43.4,52.6,23,30,0.2599999999999998,-0.8999999999999915,-9.200000000000003,-7,IMPROVING,STABLE,DETERIORATING
STU0280,Student 280,Engineering College A,Business,B.Tech,4,2,2023,0,Fall 2025,1.84,2.3,0,0,74.4,80.2,52.5,52.0,28,37,-0.45999999999999974,-5.799999999999997,0.5,-9,DETERIORATING,DETERIORATING,STABLE
STU0281,Student 281,Engineering College A,Mechanical,B.Tech,4,2,2023,0,Fall 2025,1.34,1.76,0,1,76.8,86.1,73.7,87.0,8,33,-0.41999999999999993,-9.299999999999997,-13.299999999999997,-25,DETERIORATING,DETERIORATING,DETERIORATING
STU0282,Student 282,Engineering College A,Electrical,B.Tech,4,2,2023,0,Fall 2025,3.41,3.32,0,0,60.0,52.4,74.5,68.1,79,68,0.0900000000000003,7.600000000000001,6.400000000000006,11,STABLE,IMPROVING,IMPROVING
STU0283,Student 283,Engineering College A,Mechanical,B.Tech,3,1,2023,0,Fall 2025,2.86,2.95,0,0,91.1,88.6,100.0,100.0,68,67,-0.0900000000000003,2.5,0.0,1,STABLE,IMPROVING,STABLE
STU0284,Student 284,Engineering College A,Electrical,B.Tech,1,2,2023,0,Fall 2025,2.45,2.12,0,0,94.1,74.4,77.9,81.6,30,42,0.33000000000000007,19.69999999999999,-3.6999999999999886,-12,IMPROVING,IMPROVING,STABLE
STU0285,Student 285,Engineering College A,Electrical,B.Tech,3,1,2023,0,Fall 2025,4.0,4.0,2,2,80.8,78.0,98.2,86.5,51,50,0.0,2.799999999999997,11.700000000000003,1,STABLE,IMPROVING,IMPROVING
STU0286,Student 286,Engineering College A,Business,B.Tech,2,2,2023,0,Fall 2025,3.85,3.62,0,0,60.0,52.7,75.7,77.9,46,33,0.22999999999999998,7.299999999999997,-2.200000000000003,13,IMPROVING,IMPROVING,STABLE
STU0287,Student 287,Engineering College A,Mechanical,B.Tech,1,1,2023,0,Fall 2025,3.3,3.09,0,0,93.1,92.8,32.0,36.9,72,68,0.20999999999999996,0.29999999999999716,-4.899999999999999,4,IMPROVING,STABLE,STABLE
STU0288,Student 288,Engineering College A,Mechanical,B.Tech,4,2,2023,0,Fall 2025,3.38,3.31,0,0,67.2,70.0,74.7,63.2,15,28,0.06999999999999984,-2.799999999999997,11.5,-13,STABLE,DETERIORATING,IMPROVING
STU0289,Student 289,Engineering College A,Computer Science,B.Tech,3,1,2023,0,Fall 2025,3.08,3.53,0,0,55.5,63.9,100.0,90.6,63,78,-0.44999999999999973,-8.399999999999999,9.400000000000006,-15,DETERIORATING,DETERIORATING,IMPROVING
STU0290,Student 290,Engineering College A,Mechanical,B.Tech,3,1,2023,0,Fall 2025,2.66,2.61,2,0,81.2,76.9,65.0,55.5,54,60,0.050000000000000266,4.299999999999997,9.5,-6,STABLE,IMPROVING,IMPROVING
STU0291,Student 291,Engineering College A,Computer Science,B.Tech,1,1,2023,0,Fall 2025,4.0,3.85,0,0,86.8,88.3,78.7,66.5,58,45,0.1499999999999999,-1.5,12.200000000000003,13,IMPROVING,STABLE,IMPROVING
STU0292,Student 292,Engineering College A,Civil,B.Tech,1,2,2023,0,Fall 2025,1.81,2.19,2,0,58.7,72.4,74.5,78.5,25,39,-0.3799999999999999,-13.700000000000003,-4.0,-14,DETERIORATING,DETERIORATING,STABLE
STU0293,Student 293,Engineering College A,Civil,B.Tech,4,1,2023,0,Fall 2025,2.6,2.48,0,0,82.6,80.2,76.0,85.6,50,37,0.1200000000000001,2.3999999999999915,-9.599999999999994,13,IMPROVING,IMPROVING,DETERIORATING
STU0294,Student 294,Engineering College A,Civil,B.Tech,4,2,2023,0,Fall 2025,2.28,2.77,0,0,50.0,53.9,95.9,94.4,31,46,-0.4900000000000002,-3.8999999999999986,1.5,-15,DETERIORATING,DETERIORATING,STABLE
STU0295,Student 295,Engineering College A,Mechanical,B.Tech,2,1,2023,0,Fall 2025,3.06,3.21,0,0,70.4,75.0,72.0,66.7,26,25,-0.1499999999999999,-4.599999999999994,5.299999999999997,1,DETERIORATING,DETERIORATING,IMPROVING
STU0296,Student 296,Engineering College A,Mechanical,B.Tech,4,1,2023,0,Fall 2025,2.61,2.07,2,0,93.4,78.7,86.8,96.5,54,53,0.54,14.700000000000003,-9.700000000000003,1,IMPROVING,IMPROVING,DETERIORATING
STU0297,Student 297,Engineering College A,Computer Science,B.Tech,3,2,2023,1,Fall 2025,2.72,2.91,0,0,93.8,90.6,72.8,79.5,42,34,-0.18999999999999995,3.200000000000003,-6.700000000000003,8,DETERIORATING,IMPROVING,DETERIORATING
STU0298,Student 298,Engineering College A,Electrical,B.Tech,2,1,2023,0,Fall 2025,3.22,2.96,0,0,86.3,84.6,97.1,100.0,84,74,0.26000000000000023,1.7000000000000028,-2.9000000000000057,10,IMPROVING,STABLE,STABLE
STU0299,Student 299,Engineering College A,Computer Science,B.Tech,2,2,2023,0,Fall 2025,2.32,1.98,0,0,100.0,88.0,91.8,85.7,57,66,0.33999999999999986,12.0,6.099999999999994,-9,IMPROVING,IMPROVING,IMPROVING
STU0300,Student 300,Engineering College A,Civil,B.Tech,2,2,2023,0,Fall 2025,3.3,3.04,0,0,71.9,66.9,61.9,71.9,10,23,0.2599999999999998,5.0,-10.000000000000007,-13,IMPROVING,IMPROVING,DETERIORATING
STU0301,Student 301,Engineering College A,Computer Science,B.Tech,1,2,2023,0,Fall 2025,2.37,1.66,0,0,85.0,74.2,75.7,63.5,71,57,0.7100000000000002,10.799999999999997,12.200000000000003,14,IMPROVING,IMPROVING,IMPROVING
STU0302,Student 302,Engineering College A,Electrical,B.Tech,4,2,2023,0,Fall 2025,2.43,2.47,0,0,83.1,82.7,100.0,100.0,10,14,-0.040000000000000036,0.3999999999999915,0.0,-4,STABLE,STABLE,STABLE
STU0303,Student 303,Engineering College A,Mechanical,B.Tech,2,1,2023,0,Fall 2025,2.65,2.3,2,1,87.4,73.2,79.0,81.7,24,20,0.3500000000000001,14.200000000000003,-2.700000000000003,4,IMPROVING,IMPROVING,STABLE
STU0304,Student 304,Engineering College A,Computer Science,B.Tech,1,1,2023,0,Fall 2025,2.51,2.36,0,0,75.1,72.4,48.8,55.9,32,46,0.1499999999999999,2.6999999999999886,-7.100000000000001,-14,IMPROVING,IMPROVING,DETERIORATING
STU0305,Student 305,Engineering College A,Civil,B.Tech,1,2,2023,0,Fall 2025,2.88,3.03,0,0,78.1,79.9,62.3,75.8,87,91,-0.1499999999999999,-1.8000000000000114,-13.5,-4,DETERIORATING,STABLE,DETERIORATING
STU0306,Student 306,Engineering College A,Civil,B.Tech,2,1,2023,1,Fall 2025,3.54,3.57,0,0,51.1,85.8,76.1,100.0,0,4,-0.029999999999999805,-34.699999999999996,-23.900000000000006,-4,STABLE,DETERIORATING,DETERIORATING
STU0307,Student 307,Engineering College A,Mechanical,B.Tech,2,1,2023,0,Fall 2025,1.7,1.32,1,0,90.2,71.2,90.7,77.0,58,45,0.3799999999999999,19.0,13.700000000000003,13,IMPROVING,IMPROVING,IMPROVING
STU0308,Student 308,Engineering College A,Computer Science,B.Tech,3,2,2023,0,Fall 2025,2.77,3.07,0,0,64.5,73.0,85.9,95.3,33,48,-0.2999999999999998,-8.5,-9.399999999999991,-15,DETERIORATING,DETERIORATING,DETERIORATING
STU0309,Student 309,Engineering College A,Electrical,B.Tech,2,1,2023,0,Fall 2025,2.75,2.01,0,0,100.0,97.8,72.0,81.3,71,59,0.7400000000000002,2.200000000000003,-9.299999999999997,12,IMPROVING,IMPROVING,DETERIORATING
STU0310,Student 310,Engineering College A,Mechanical,B.Tech,3,2,2023,0,Fall 2025,3.28,2.99,0,0,98.1,95.3,71.2,59.2,34,36,0.2899999999999996,2.799999999999997,12.0,-2,IMPROVING,IMPROVING,IMPROVING
STU0311,Student 311,Engineering College A,Computer Science,B.Tech,2,1,2023,0,Fall 2025,3.75,3.62,2,1,79.3,74.9,75.0,82.9,74,69,0.1299999999999999,4.3999999999999915,-7.900000000000006,5,IMPROVING,IMPROVING,DETERIORATING
STU0312,Student 312,Engineering College A,Business,B.Tech,2,1,2023,0,Fall 2025,2.34,1.6,0,0,88.0,77.9,64.7,74.6,56,54,0.7399999999999998,10.099999999999994,-9.899999999999991,2,IMPROVING,IMPROVING,DETERIORATING
STU0313,Student 313,Engineering College A,Civil,B.Tech,4,2,2023,0,Fall 2025,1.68,1.83,0,0,72.0,73.5,49.8,63.7,21,31,-0.15000000000000013,-1.5,-13.900000000000006,-10,DETERIORATING,STABLE,DETERIORATING
STU0314,Student 314,Engineering College A,Electrical,B.Tech,2,1,2023,1,Fall 2025,3.12,3.73,3,0,69.2,93.4,59.3,85.9,37,46,-0.6099999999999999,-24.200000000000003,-26.60000000000001,-9,DETERIORATING,DETERIORATING,DETERIORATING
STU0315,Student 315,Engineering College A,Electrical,B.Tech,2,1,2023,0,Fall 2025,2.69,2.86,0,0,60.7,69.2,58.5,62.2,48,50,-0.16999999999999993,-8.5,-3.700000000000003,-2,DETERIORATING,DETERIORATING,STABLE
STU0316,Student 316,Engineering College A,Electrical,B.Tech,3,2,2023,0,Fall 2025,2.44,1.72,0,0,100.0,87.0,84.2,87.8,53,43,0.72,13.0,-3.5999999999999943,10,IMPROVING,IMPROVING,STABLE
STU0317,Student 317,Engineering College A,Civil,B.Tech,3,1,2023,0,Fall 2025,3.26,3.11,0,0,94.9,98.2,93.8,94.8,23,38,0.1499999999999999,-3.299999999999997,-1.0,-15,IMPROVING,DETERIORATING,STABLE
STU0318,Student 318,Engineering College A,Computer Science,B.Tech,4,2,2023,1,Fall 2025,3.13,3.26,0,0,75.3,76.0,89.8,82.8,44,39,-0.1299999999999999,-0.7000000000000028,7.0,5,DETERIORATING,STABLE,IMPROVING
STU0319,Student 319,Engineering College A,Mechanical,B.Tech,2,1,2023,1,Fall 2025,3.01,2.88,0,0,82.8,79.5,85.6,86.8,65,60,0.1299999999999999,3.299999999999997,-1.2000000000000028,5,IMPROVING,IMPROVING,STABLE
STU0320,Student 320,Engineering College A,Computer Science,B.Tech,2,2,2023,0,Fall 2025,2.1,1.9,0,0,84.1,79.2,95.2,85.5,33,32,0.20000000000000018,4.8999999999999915,9.700000000000003,1,IMPROVING,IMPROVING,IMPROVING
STU0321,Student 321,Engineering College A,Mechanical,B.Tech,3,2,2023,0,Fall 2025,2.02,2.16,0,0,92.8,99.1,65.9,60.6,50,59,-0.14000000000000012,-6.299999999999997,5.300000000000004,-9,DETERIORATING,DETERIORATING,IMPROVING
STU0322,Student 322,Engineering College A,Electrical,B.Tech,1,2,2023,0,Fall 2025,3.19,2.95,0,0,82.0,80.5,61.7,54.6,49,64,0.23999999999999977,1.5,7.100000000000001,-15,IMPROVING,STABLE,IMPROVING
STU0323,Student 323,Engineering College A,Computer Science,B.Tech,1,2,2023,0,Fall 2025,3.05,2.85,0,0,96.5,99.7,90.3,80.9,80,67,0.19999999999999973,-3.200000000000003,9.399999999999991,13,IMPROVING,DETERIORATING,IMPROVING
STU0324,Student 324,Engineering College A,Electrical,B.Tech,1,2,2023,0,Fall 2025,2.65,3.11,0,0,62.7,74.7,86.1,81.5,10,0,-0.45999999999999996,-12.0,4.599999999999994,10,DETERIORATING,DETERIORATING,STABLE
STU0325,Student 325,Engineering College A,Business,B.Tech,3,1,2023,1,Fall 2025,2.95,2.94,3,2,55.8,90.4,64.0,79.3,41,52,0.010000000000000231,-34.60000000000001,-15.299999999999997,-11,STABLE,DETERIORATING,DETERIORATING
STU0326,Student 326,Engineering College A,Electrical,B.Tech,3,1,2023,0,Fall 2025,3.76,4.0,0,0,85.5,100.0,60.5,56.4,73,65,-0.2400000000000002,-14.5,4.100000000000001,8,DETERIORATING,DETERIORATING,STABLE
STU0327,Student 327,Engineering College A,Electrical,B.Tech,1,2,2023,0,Fall 2025,3.41,2.91,0,0,81.8,84.0,80.2,73.3,75,82,0.0,-2.200000000000003,6.900000000000006,-7,UNKNOWN,DETERIORATING,IMPROVING
STU0328,Student 328,Engineering College A,Mechanical,B.Tech,1,1,2023,1,Fall 2025,2.96,3.06,0,0,79.7,75.7,77.3,84.0,54,57,-0.10000000000000009,4.0,-6.700000000000003,-3,DETERIORATING,IMPROVING,DETERIORATING
STU0329,Student 329,Engineering College A,Business,B.Tech,2,2,2023,0,Fall 2025,2.87,2.5,0,0,70.0,59.4,62.1,76.8,41,34,0.3700000000000001,10.600000000000001,-14.699999999999996,7,IMPROVING,IMPROVING,DETERIORATING
STU0330,Student 330,Engineering College A,Electrical,B.Tech,3,1,2023,1,Fall 2025,3.67,3.84,0,0,81.6,79.5,78.7,77.4,11,11,-0.16999999999999993,2.0999999999999943,1.2999999999999972,0,DETERIORATING,IMPROVING,STABLE
STU0331,Student 331,Engineering College A,Electrical,B.Tech,3,1,2023,0,Fall 2025,2.3,2.47,2,0,93.9,95.9,61.6,60.8,30,32,-0.17000000000000037,-2.0,0.8000000000000043,-2,DETERIORATING,STABLE,STABLE
STU0332,Student 332,Engineering College A,Business,B.Tech,1,2,2023,0,Fall 2025,2.94,3.05,1,0,60.0,52.8,67.7,81.7,54,40,-0.10999999999999988,7.200000000000003,-14.0,14,DETERIORATING,IMPROVING,DETERIORATING
STU0333,Student 333,Engineering College A,Business,B.Tech,1,2,2023,1,Fall 2025,3.14,2.86,1,0,77.7,78.3,68.7,63.8,33,28,0.28000000000000025,-0.5999999999999943,4.900000000000006,5,IMPROVING,STABLE,STABLE
STU0334,Student 334,Engineering College A,Computer Science,B.Tech,4,1,2023,0,Fall 2025,3.63,3.81,1,0,78.0,76.5,64.3,62.6,66,61,-0.18000000000000016,1.5,1.6999999999999957,5,DETERIORATING,STABLE,STABLE
STU0335,Student 335,Engineering College A,Mechanical,B.Tech,3,1,2023,0,Fall 2025,2.29,2.39,2,1,74.8,74.7,61.7,73.0,65,52,-0.10000000000000009,0.09999999999999432,-11.299999999999997,13,DETERIORATING,STABLE,DETERIORATING
STU0336,Student 336,Engineering College A,Business,B.Tech,4,2,2023,0,Fall 2025,3.46,3.73,0,0,88.1,94.4,89.6,75.5,50,36,-0.27,-6.300000000000011,14.099999999999994,14,DETERIORATING,DETERIORATING,IMPROVING
STU0337,Student 337,Engineering College A,Business,B.Tech,2,1,2023,1,Fall 2025,1.36,3.3,3,1,27.7,64.7,67.6,81.3,48,56,-1.9399999999999997,-37.0,-13.700000000000003,-8,DETERIORATING,DETERIORATING,DETERIORATING
STU0338,Student 338,Engineering College A,Civil,B.Tech,4,1,2023,1,Fall 2025,3.24,3.24,0,0,89.0,88.2,89.6,82.4,72,78,0.0,0.7999999999999972,7.199999999999989,-6,STABLE,STABLE,IMPROVING
STU0339,Student 339,Engineering College A,Business,B.Tech,1,2,2023,0,Fall 2025,3.96,3.83,0,0,100.0,100.0,55.0,67.0,28,14,0.1299999999999999,0.0,-12.0,14,IMPROVING,STABLE,DETERIORATING
STU0340,Student 340,Engineering College A,Mechanical,B.Tech,3,1,2023,0,Fall 2025,3.31,3.47,2,0,74.4,79.7,100.0,92.4,30,21,-0.16000000000000014,-5.299999999999997,7.599999999999994,9,DETERIORATING,DETERIORATING,IMPROVING
STU0341,Student 341,Engineering College A,Electrical,B.Tech,3,2,2023,0,Fall 2025,2.05,1.97,0,0,89.3,93.1,100.0,100.0,24,34,0.07999999999999985,-3.799999999999997,0.0,-10,STABLE,DETERIORATING,STABLE
STU0342,Student 342,Engineering College A,Electrical,B.Tech,4,2,2023,0,Fall 2025,3.07,2.9,1,2,68.7,63.8,100.0,85.2,59,58,0.16999999999999993,4.900000000000006,14.799999999999997,1,IMPROVING,IMPROVING,IMPROVING
STU0343,Student 343,Engineering College A,Electrical,B.Tech,4,2,2023,0,Fall 2025,2.38,2.79,1,0,53.8,65.6,70.9,67.6,36,50,-0.41000000000000014,-11.799999999999997,3.3000000000000114,-14,DETERIORATING,DETERIORATING,STABLE
STU0344,Student 344,Engineering College A,Electrical,B.Tech,2,1,2023,0,Fall 2025,2.91,2.5,0,0,85.7,77.4,83.9,78.7,78,90,0.41000000000000014,8.299999999999997,5.200000000000003,-12,IMPROVING,IMPROVING,IMPROVING
STU0345,Student 345,Engineering College A,Civil,B.Tech,2,1,2023,0,Fall 2025,2.43,2.29,0,0,81.4,76.7,46.9,57.6,31,20,0.14000000000000012,4.700000000000003,-10.700000000000003,11,IMPROVING,IMPROVING,DETERIORATING
STU0346,Student 346,Engineering College A,Business,B.Tech,1,2,2023,0,Fall 2025,4.0,4.0,0,0,97.2,100.0,56.8,66.4,59,74,0.0,-2.799999999999997,-9.600000000000009,-15,STABLE,DETERIORATING,DETERIORATING
STU0347,Student 347,Engineering College A,Electrical,B.Tech,1,2,2023,0,Fall 2025,2.22,1.52,0,0,90.9,85.1,91.4,79.8,39,40,0.7000000000000002,5.800000000000011,11.600000000000009,-1,IMPROVING,IMPROVING,IMPROVING
STU0348,Student 348,Engineering College A,Computer Science,B.Tech,1,1,2023,0,Fall 2025,3.21,3.18,0,2,60.0,81.6,93.7,82.9,27,29,0.029999999999999805,-0.9000000000000057,10.799999999999997,-2,STABLE,UNKNOWN,IMPROVING
STU0349,Student 349,Engineering College A,Electrical,B.Tech,4,1,2023,0,Fall 2025,2.08,2.09,0,0,72.7,70.2,87.2,100.0,82,72,-0.009999999999999787,2.5,-12.799999999999997,10,STABLE,IMPROVING,DETERIORATING
STU0350,Student 350,Engineering College A,Business,B.Tech,4,1,2023,0,Fall 2025,3.24,2.99,0,0,70.4,72.3,85.7,91.4,50,59,0.25,-1.8999999999999915,-5.700000000000003,-9,IMPROVING,STABLE,DETERIORATING
STU0351,Student 351,Engineering College A,Electrical,B.Tech,3,2,2023,0,Fall 2025,2.9,2.99,1,0,80.8,78.6,97.4,93.4,32,45,-0.0900000000000003,2.200000000000003,4.0,-13,STABLE,IMPROVING,STABLE
STU0352,Student 352,Engineering College A,Civil,B.Tech,1,2,2023,1,Fall 2025,1.84,2.23,2,0,64.7,72.7,46.7,68.1,19,40,-0.3899999999999999,-8.0,-21.39999999999999,-21,DETERIORATING,DETERIORATING,DETERIORATING
STU0353,Student 353,Engineering College A,Mechanical,B.Tech,4,1,2023,0,Fall 2025,2.59,2.36,0,0,83.4,87.1,75.4,80.6,19,17,0.22999999999999998,-3.6999999999999886,-5.199999999999989,2,IMPROVING,DETERIORATING,DETERIORATING
STU0354,Student 354,Engineering College A,Mechanical,B.Tech,3,1,2023,0,Fall 2025,2.36,1.54,0,0,90.9,71.8,60.7,71.5,40,44,0.8199999999999998,19.10000000000001,-10.799999999999997,-4,IMPROVING,IMPROVING,DETERIORATING
STU0355,Student 355,Engineering College A,Business,B.Tech,1,1,2023,1,Fall 2025,2.97,2.72,0,0,79.4,81.9,57.9,65.7,67,75,0.25,-2.5,-7.800000000000004,-8,IMPROVING,DETERIORATING,DETERIORATING
STU0356,Student 356,Engineering College A,Mechanical,B.Tech,2,2,2023,0,Fall 2025,3.33,2.5,1,1,100.0,89.9,72.8,65.1,10,24,0.8300000000000001,10.099999999999994,7.700000000000003,-14,IMPROVING,IMPROVING,IMPROVING
STU0357,Student 357,Engineering College A,Mechanical,B.Tech,2,2,2023,0,Fall 2025,2.49,2.83,0,0,53.6,67.1,70.3,85.0,48,62,-0.33999999999999986,-13.499999999999993,-14.700000000000003,-14,DETERIORATING,DETERIORATING,DETERIORATING
STU0358,Student 358,Engineering College A,Computer Science,B.Tech,4,1,2023,1,Fall 2025,2.74,2.49,0,0,77.7,78.0,85.5,87.8,76,66,0.25,-0.29999999999999716,-2.299999999999997,10,IMPROVING,STABLE,STABLE
STU0359,Student 359,Engineering College A,Business,B.Tech,3,1,2023,0,Fall 2025,1.9,3.12,2,1,68.4,80.2,56.9,75.3,68,76,-1.2200000000000002,-11.799999999999997,-18.4,-8,DETERIORATING,DETERIORATING,DETERIORATING
STU0360,Student 360,Engineering College A,Business,B.Tech,2,2,2023,0,Fall 2025,2.9,3.04,0,1,94.2,81.6,100.0,100.0,49,58,-0.14000000000000012,-0.9000000000000057,0.0,-9,DETERIORATING,UNKNOWN,STABLE
STU0361,Student 361,Engineering College A,Mechanical,B.Tech,3,2,2023,0,Fall 2025,2.56,2.97,0,0,77.2,81.6,78.6,81.3,43,40,-0.41000000000000014,-0.9000000000000057,-2.700000000000003,3,DETERIORATING,UNKNOWN,STABLE
STU0362,Student 362,Engineering College A,Mechanical,B.Tech,3,1,2023,0,Fall 2025,2.19,1.59,0,0,65.3,60.1,100.0,98.4,31,45,0.5999999999999999,5.199999999999996,1.5999999999999943,-14,IMPROVING,IMPROVING,STABLE
STU0363,Student 363,Engineering College A,Mechanical,B.Tech,2,1,2023,0,Fall 2025,2.54,2.29,0,0,97.6,100.0,75.1,81.7,10,13,0.25,-2.4000000000000057,-6.6000000000000085,-3,IMPROVING,DETERIORATING,DETERIORATING
STU0364,Student 364,Engineering College A,Civil,B.Tech,3,1,2023,0,Fall 2025,2.91,3.09,0,0,90.6,95.4,85.9,87.7,21,29,-0.17999999999999972,-4.800000000000011,-1.7999999999999972,-8,DETERIORATING,DETERIORATING,STABLE
STU0365,Student 365,Engineering College A,Electrical,B.Tech,2,2,2023,1,Fall 2025,2.9,3.27,3,0,76.9,85.1,76.4,83.8,26,42,-0.3700000000000001,-8.199999999999989,-7.3999999999999915,-16,DETERIORATING,DETERIORATING,DETERIORATING
STU0366,Student 366,Engineering College A,Civil,B.Tech,4,1,2023,0,Fall 2025,2.54,2.71,0,0,78.8,81.6,100.0,100.0,75,85,-0.16999999999999993,-0.9000000000000057,0.0,-10,DETERIORATING,UNKNOWN,STABLE
STU0367,Student 367,Engineering College A,Business,B.Tech,1,2,2023,1,Fall 2025,1.83,3.04,0,1,86.9,100.0,66.7,80.3,2,22,-1.21,-13.099999999999994,-13.599999999999994,-20,DETERIORATING,DETERIORATING,DETERIORATING
STU0368,Student 368,Engineering College A,Computer Science,B.Tech,1,2,2023,1,Fall 2025,3.19,3.28,0,2,48.0,81.0,65.7,76.0,27,46,-0.08999999999999986,-33.0,-10.299999999999997,-19,STABLE,DETERIORATING,DETERIORATING
STU0369,Student 369,Engineering College A,Electrical,B.Tech,4,1,2023,0,Fall 2025,2.37,2.78,0,0,84.5,92.0,69.4,55.9,56,61,-0.4099999999999997,-7.5,13.500000000000007,-5,DETERIORATING,DETERIORATING,IMPROVING
STU0370,Student 370,Engineering College A,Computer Science,B.Tech,2,1,2023,0,Fall 2025,2.21,2.35,0,0,77.7,75.5,72.1,84.9,72,60,-0.14000000000000012,2.200000000000003,-12.800000000000011,12,DETERIORATING,IMPROVING,DETERIORATING
STU0371,Student 371,Engineering College A,Business,B.Tech,2,2,2023,0,Fall 2025,2.73,3.06,0,0,50.0,54.7,87.9,96.3,37,33,-0.33000000000000007,-4.700000000000003,-8.399999999999991,4,DETERIORATING,DETERIORATING,DETERIORATING
STU0372,Student 372,Engineering College A,Business,B.Tech,2,1,2023,0,Fall 2025,3.84,3.73,0,0,67.7,72.3,96.6,88.7,56,69,0.10999999999999988,-4.599999999999994,7.8999999999999915,-13,IMPROVING,DETERIORATING,IMPROVING
STU0373,Student 373,Engineering College A,Computer Science,B.Tech,2,2,2023,0,Fall 2025,2.85,2.19,0,0,100.0,96.7,85.6,94.6,61,68,0.6600000000000001,3.299999999999997,-9.0,-7,IMPROVING,IMPROVING,DETERIORATING
STU0374,Student 374,Engineering College A,Computer Science,B.Tech,4,1,2023,0,Fall 2025,2.18,2.48,0,0,74.9,82.6,74.3,71.4,22,31,-0.2999999999999998,-7.699999999999989,2.8999999999999915,-9,DETERIORATING,DETERIORATING,STABLE
STU0375,Student 375,Engineering College A,Computer Science,B.Tech,1,1,2023,0,Fall 2025,2.53,2.44,0,0,84.2,83.4,94.8,81.3,21,23,0.08999999999999986,0.7999999999999972,13.5,-2,STABLE,STABLE,IMPROVING
STU0376,Student 376,Engineering College A,Business,B.Tech,3,1,2023,0,Fall 2025,3.64,3.76,0,0,85.8,86.1,63.0,59.8,34,35,-0.11999999999999966,-0.29999999999999716,3.200000000000003,-1,DETERIORATING,STABLE,STABLE
STU0377,Student 377,Engineering College A,Mechanical,B.Tech,3,1,2023,0,Fall 2025,3.84,4.0,0,0,69.9,75.0,61.4,63.0,77,80,-0.16000000000000014,-5.099999999999994,-1.6000000000000014,-3,DETERIORATING,DETERIORATING,STABLE
STU0378,Student 378,Engineering College A,Computer Science,B.Tech,1,2,2023,0,Fall 2025,2.15,2.08,0,0,96.2,99.2,80.4,94.8,22,21,0.06999999999999984,-3.0,-14.399999999999991,1,STABLE,DETERIORATING,DETERIORATING
STU0379,Student 379,Engineering College A,Electrical,B.Tech,4,2,2023,0,Fall 2025,3.31,3.53,0,0,77.4,84.2,73.5,75.1,76,84,-0.21999999999999975,-6.799999999999997,-1.5999999999999943,-8,DETERIORATING,DETERIORATING,STABLE
STU0380,Student 380,Engineering College A,Business,B.Tech,3,2,2023,0,Fall 2025,1.92,1.81,2,0,85.0,85.6,96.9,93.1,10,20,0.10999999999999988,-0.5999999999999943,3.8000000000000114,-10,IMPROVING,STABLE,STABLE
STU0381,Student 381,Engineering College A,Civil,B.Tech,1,1,2023,0,Fall 2025,2.13,2.31,0,0,95.2,92.1,65.5,63.9,20,26,-0.18000000000000016,3.1000000000000085,1.6000000000000014,-6,DETERIORATING,IMPROVING,STABLE
STU0382,Student 382,Engineering College A,Civil,B.Tech,4,2,2023,0,Fall 2025,3.09,3.11,0,0,100.0,100.0,71.2,81.5,38,43,-0.020000000000000018,0.0,-10.299999999999997,-5,STABLE,STABLE,DETERIORATING
STU0383,Student 383,Engineering College A,Electrical,B.Tech,3,2,2023,0,Fall 2025,3.28,3.27,0,0,89.1,93.0,70.6,57.5,19,33,0.009999999999999787,-3.9000000000000057,13.099999999999994,-14,STABLE,DETERIORATING,IMPROVING
STU0384,Student 384,Engineering College A,Mechanical,B.Tech,2,2,2023,0,Fall 2025,1.66,2.91,0,1,56.2,66.4,59.6,76.0,53,63,0.0,-10.200000000000003,-16.4,-10,UNKNOWN,DETERIORATING,DETERIORATING
STU0385,Student 385,Engineering College A,Computer Science,B.Tech,2,1,2023,1,Fall 2025,1.45,1.0,0,0,90.8,81.1,58.7,71.9,25,20,0.44999999999999996,9.700000000000003,-13.200000000000003,5,IMPROVING,IMPROVING,DETERIORATING
STU0386,Student 386,Engineering College A,Business,B.Tech,4,2,2023,0,Fall 2025,3.33,3.2,0,0,97.9,81.6,84.3,95.1,10,0,0.1299999999999999,-0.9000000000000057,-10.799999999999997,10,IMPROVING,UNKNOWN,DETERIORATING
STU0387,Student 387,Engineering College A,Computer Science,B.Tech,2,1,2023,0,Fall 2025,1.95,2.29,0,0,64.5,78.1,73.4,87.9,43,55,-0.3400000000000001,-13.599999999999994,-14.5,-12,DETERIORATING,DETERIORATING,DETERIORATING
STU0388,Student 388,Engineering College A,Business,B.Tech,4,1,2023,0,Fall 2025,2.83,3.0,0,0,64.2,72.7,57.1,48.9,24,39,-0.16999999999999993,-8.5,8.200000000000003,-15,DETERIORATING,DETERIORATING,IMPROVING
STU0389,Student 389,Engineering College A,Civil,B.Tech,1,2,2023,0,Fall 2025,3.45,3.5,0,0,65.0,61.3,71.0,75.6,40,39,-0.04999999999999982,3.700000000000003,-4.599999999999994,1,STABLE,IMPROVING,STABLE
STU0390,Student 390,Engineering College A,Computer Science,B.Tech,1,1,2023,0,Fall 2025,3.0,2.23,0,0,100.0,100.0,76.8,77.7,41,30,0.77,0.0,-0.9000000000000057,11,IMPROVING,STABLE,STABLE
STU0391,Student 391,Engineering College A,Electrical,B.Tech,3,2,2023,1,Fall 2025,2.44,3.46,3,2,76.5,88.1,65.7,94.7,56,67,-1.02,-11.599999999999994,-29.0,-11,DETERIORATING,DETERIORATING,DETERIORATING
STU0392,Student 392,Engineering College A,Mechanical,B.Tech,4,2,2023,0,Fall 2025,2.6,1.98,0,0,91.6,78.8,78.0,76.9,11,11,0.6200000000000001,12.799999999999997,1.0999999999999943,0,IMPROVING,IMPROVING,STABLE
STU0393,Student 393,Engineering College A,Electrical,B.Tech,3,2,2023,0,Fall 2025,3.37,3.17,0,0,74.5,70.7,98.4,87.8,44,46,0.20000000000000018,3.799999999999997,10.600000000000009,-2,IMPROVING,IMPROVING,IMPROVING
STU0394,Student 394,Engineering College A,Mechanical,B.Tech,3,2,2023,0,Fall 2025,1.78,1.94,1,0,96.9,97.6,86.7,76.8,48,49,-0.15999999999999992,-0.6999999999999886,9.900000000000006,-1,DETERIORATING,STABLE,IMPROVING
STU0395,Student 395,Engineering College A,Computer Science,B.Tech,1,2,2023,0,Fall 2025,2.84,2.94,0,0,79.1,82.0,39.5,48.9,19,20,-0.10000000000000009,-2.9000000000000057,-9.399999999999999,-1,DETERIORATING,DETERIORATING,DETERIORATING
STU0396,Student 396,Engineering College A,Computer Science,B.Tech,3,1,2023,1,Fall 2025,2.24,2.83,3,2,79.0,85.4,63.6,90.1,45,66,-0.5899999999999999,-6.400000000000006,-26.499999999999993,-21,DETERIORATING,DETERIORATING,DETERIORATING
STU0397,Student 397,Engineering College A,Mechanical,B.Tech,2,2,2023,1,Fall 2025,3.19,3.74,0,2,83.8,90.5,80.1,89.6,67,82,-0.5500000000000003,-6.700000000000003,-9.5,-15,DETERIORATING,DETERIORATING,DETERIORATING
STU0398,Student 398,Engineering College A,Civil,B.Tech,3,1,2023,0,Fall 2025,3.13,2.91,0,0,75.1,75.7,77.9,69.6,35,29,0.0,-0.6000000000000085,8.300000000000011,6,UNKNOWN,STABLE,IMPROVING
STU0399,Student 399,Engineering College A,Business,B.Tech,4,2,2023,0,Fall 2025,2.44,2.91,0,0,92.5,96.1,89.0,100.0,10,9,0.0,-3.5999999999999943,-11.0,1,UNKNOWN,DETERIORATING,DETERIORATING
STU0400,Student 400,Engineering College A,Electrical,B.Tech,2,2,2023,1,Fall 2025,2.13,2.26,0,0,87.5,83.0,100.0,85.6,10,5,-0.1299999999999999,4.5,14.400000000000006,5,DETERIORATING,IMPROVING,IMPROVING
STU0401,Student 401,Engineering College A,Electrical,B.Tech,1,2,2023,1,Fall 2025,2.69,2.72,0,0,72.1,76.1,58.9,61.0,56,42,-0.03000000000000025,-4.0,-2.1000000000000014,14,STABLE,DETERIORATING,STABLE
STU0402,Student 402,Engineering College A,Electrical,B.Tech,4,1,2023,1,Fall 2025,2.54,2.91,3,0,53.8,89.4,68.0,94.9,30,50,0.0,-35.60000000000001,-26.900000000000006,-20,UNKNOWN,DETERIORATING,DETERIORATING
STU0403,Student 403,Engineering College A,Computer Science,B.Tech,2,1,2023,1,Fall 2025,2.94,2.99,0,0,87.0,91.7,91.7,78.7,53,51,-0.050000000000000266,-4.700000000000003,13.0,2,STABLE,DETERIORATING,IMPROVING
STU0404,Student 404,Engineering College A,Electrical,B.Tech,4,1,2023,0,Fall 2025,3.15,3.19,0,0,81.3,86.2,93.1,83.1,42,55,-0.040000000000000036,-4.900000000000006,10.0,-13,STABLE,DETERIORATING,IMPROVING
STU0405,Student 405,Engineering College A,Business,B.Tech,2,1,2023,0,Fall 2025,2.57,1.94,1,0,96.9,91.5,65.0,78.7,34,31,0.6299999999999999,5.400000000000006,-13.700000000000003,3,IMPROVING,IMPROVING,DETERIORATING
STU0406,Student 406,Engineering College A,Business,B.Tech,4,2,2023,0,Fall 2025,3.29,3.83,1,2,65.3,85.0,37.4,57.9,30,55,-0.54,-19.700000000000003,-20.5,-25,DETERIORATING,DETERIORATING,DETERIORATING
STU0407,Student 407,Engineering College A,Mechanical,B.Tech,4,2,2023,0,Fall 2025,3.22,3.03,0,2,91.6,89.5,54.0,67.8,51,50,0.1900000000000004,2.0999999999999943,-13.799999999999997,1,IMPROVING,IMPROVING,DETERIORATING
STU0408,Student 408,Engineering College A,Computer Science,B.Tech,2,1,2023,0,Fall 2025,3.76,3.8,0,0,70.6,71.4,89.4,100.0,39,30,-0.040000000000000036,-0.8000000000000114,-10.599999999999994,9,STABLE,STABLE,DETERIORATING
STU0409,Student 409,Engineering College A,Business,B.Tech,1,1,2023,1,Fall 2025,1.5,3.47,0,1,72.5,93.7,72.5,86.8,37,46,-1.9700000000000002,-21.200000000000003,-14.299999999999997,-9,DETERIORATING,DETERIORATING,DETERIORATING
STU0410,Student 410,Engineering College A,Civil,B.Tech,1,1,2023,0,Fall 2025,2.49,2.23,0,0,70.7,75.3,83.4,75.4,56,51,0.26000000000000023,-4.599999999999994,8.0,5,IMPROVING,DETERIORATING,IMPROVING
STU0411,Student 411,Engineering College A,Computer Science,B.Tech,4,2,2023,0,Fall 2025,2.86,3.19,2,1,91.2,100.0,66.7,80.3,45,40,-0.33000000000000007,-8.799999999999997,-13.599999999999994,5,DETERIORATING,DETERIORATING,DETERIORATING
STU0412,Student 412,Engineering College A,Computer Science,B.Tech,4,1,2023,0,Fall 2025,2.09,2.36,0,1,65.3,75.2,62.2,82.7,19,31,-0.27,-9.900000000000006,-20.5,-12,DETERIORATING,DETERIORATING,DETERIORATING
STU0413,Student 413,Engineering College A,Business,B.Tech,1,1,2023,1,Fall 2025,2.54,2.65,0,1,77.7,83.8,73.2,85.3,42,61,-0.10999999999999988,-6.099999999999994,-12.099999999999994,-19,DETERIORATING,DETERIORATING,DETERIORATING
STU0414,Student 414,Engineering College A,Civil,B.Tech,1,2,2023,0,Fall 2025,3.31,3.49,0,0,71.3,77.9,95.9,83.6,54,41,-0.18000000000000016,-6.6000000000000085,12.300000000000011,13,DETERIORATING,DETERIORATING,IMPROVING
STU0415,Student 415,Engineering College A,Mechanical,B.Tech,3,1,2023,0,Fall 2025,2.73,2.64,0,0,70.0,70.3,61.8,55.8,10,0,0.08999999999999986,-0.29999999999999716,6.0,10,STABLE,STABLE,IMPROVING
STU0416,Student 416,Engineering College A,Business,B.Tech,1,2,2023,0,Fall 2025,2.49,2.37,0,0,95.2,96.9,100.0,87.6,71,67,0.1200000000000001,-1.7000000000000028,12.400000000000006,4,IMPROVING,STABLE,IMPROVING
STU0417,Student 417,Engineering College A,Civil,B.Tech,4,2,2023,0,Fall 2025,2.48,2.14,0,2,90.2,76.7,100.0,91.9,98,84,0.33999999999999986,13.5,8.099999999999994,14,IMPROVING,IMPROVING,IMPROVING
STU0418,Student 418,Engineering College A,Computer Science,B.Tech,2,2,2023,0,Fall 2025,2.04,2.01,0,0,100.0,100.0,70.8,63.0,50,47,0.03000000000000025,0.0,7.799999999999997,3,STABLE,STABLE,IMPROVING
STU0419,Student 419,Engineering College A,Civil,B.Tech,1,2,2023,0,Fall 2025,3.98,3.79,0,0,72.4,68.5,76.6,70.6,10,12,0.18999999999999995,3.9000000000000057,6.0,-2,IMPROVING,IMPROVING,IMPROVING
STU0420,Student 420,Engineering College A,Computer Science,B.Tech,3,2,2023,0,Fall 2025,2.65,2.8,0,0,79.4,78.0,89.8,75.1,51,40,-0.1499999999999999,1.4000000000000057,14.700000000000003,11,DETERIORATING,STABLE,IMPROVING
STU0421,Student 421,Engineering College A,Business,B.Tech,3,1,2023,0,Fall 2025,3.04,3.18,0,0,94.5,81.6,85.8,95.2,58,70,-0.14000000000000012,-0.9000000000000057,-9.400000000000006,-12,DETERIORATING,UNKNOWN,DETERIORATING
STU0422,Student 422,Engineering College A,Business,B.Tech,3,1,2023,0,Fall 2025,3.27,3.23,0,1,60.0,49.5,80.5,88.9,91,96,0.040000000000000036,10.5,-8.400000000000006,-5,STABLE,IMPROVING,DETERIORATING
STU0423,Student 423,Engineering College A,Electrical,B.Tech,2,2,2023,0,Fall 2025,3.44,3.48,0,0,60.0,61.6,75.4,65.4,39,53,-0.040000000000000036,-1.6000000000000014,10.0,-14,STABLE,STABLE,IMPROVING
STU0424,Student 424,Engineering College A,Electrical,B.Tech,1,2,2023,0,Fall 2025,3.26,3.34,0,0,73.1,69.4,45.7,51.3,51,59,-0.08000000000000007,3.6999999999999886,-5.599999999999994,-8,STABLE,IMPROVING,DETERIORATING
STU0425,Student 425,Engineering College A,Electrical,B.Tech,1,1,2023,0,Fall 2025,2.55,2.55,0,0,63.1,65.1,90.6,77.1,69,81,0.0,-1.999999999999993,13.5,-12,STABLE,STABLE,IMPROVING
STU0426,Student 426,Engineering College A,Business,B.Tech,1,1,2023,0,Fall 2025,3.3,3.01,0,0,74.5,76.8,35.5,35.8,26,29,0.29000000000000004,-2.299999999999997,-0.29999999999999716,-3,IMPROVING,DETERIORATING,STABLE
STU0427,Student 427,Engineering College A,Mechanical,B.Tech,2,2,2023,0,Fall 2025,3.42,3.18,0,0,74.6,79.1,87.7,86.1,28,20,0.23999999999999977,-4.5,1.6000000000000085,8,IMPROVING,DETERIORATING,STABLE
STU0428,Student 428,Engineering College A,Business,B.Tech,2,1,2023,1,Fall 2025,1.75,3.43,1,2,45.8,79.4,57.5,86.4,0,8,-1.6800000000000002,-33.60000000000001,-28.900000000000006,-8,DETERIORATING,DETERIORATING,DETERIORATING
STU0429,Student 429,Engineering College A,Civil,B.Tech,4,1,2023,0,Fall 2025,2.8,2.94,0,0,90.8,86.5,74.6,84.4,18,16,-0.14000000000000012,4.299999999999997,-9.800000000000011,2,DETERIORATING,IMPROVING,DETERIORATING
STU0430,Student 430,Engineering College A,Business,B.Tech,3,2,2023,0,Fall 2025,3.66,3.46,0,0,100.0,98.2,64.4,60.3,24,16,0.20000000000000018,1.7999999999999972,4.1000000000000085,8,IMPROVING,STABLE,STABLE
STU0431,Student 431,Engineering College A,Business,B.Tech,3,1,2023,0,Fall 2025,2.37,2.91,0,0,72.9,81.6,85.1,81.8,28,35,0.0,-8.699999999999989,3.299999999999997,-7,UNKNOWN,DETERIORATING,STABLE
STU0432,Student 432,Engineering College A,Computer Science,B.Tech,1,1,2023,0,Fall 2025,3.45,3.78,0,0,76.5,83.0,57.7,63.4,35,26,-0.3299999999999996,-6.5,-5.699999999999996,9,DETERIORATING,DETERIORATING,DETERIORATING
STU0433,Student 433,Engineering College A,Computer Science,B.Tech,2,1,2023,1,Fall 2025,2.88,3.08,2,0,66.5,80.1,76.9,64.3,81,69,-0.20000000000000018,-13.599999999999994,12.600000000000009,12,DETERIORATING,DETERIORATING,IMPROVING
STU0434,Student 434,Engineering College A,Computer Science,B.Tech,2,1,2023,0,Fall 2025,2.11,2.23,0,0,60.0,62.7,100.0,100.0,73,66,-0.1200000000000001,-2.700000000000003,0.0,7,DETERIORATING,DETERIORATING,STABLE
STU0435,Student 435,Engineering College A,Business,B.Tech,1,2,2023,0,Fall 2025,2.68,2.99,0,0,69.1,79.7,85.5,79.1,10,5,-0.31000000000000005,-10.600000000000009,6.400000000000006,5,DETERIORATING,DETERIORATING,IMPROVING
STU0436,Student 436,Engineering College A,Mechanical,B.Tech,1,1,2023,0,Fall 2025,3.45,2.5,0,0,99.9,80.5,100.0,87.2,57,54,0.9500000000000002,19.400000000000006,12.799999999999997,3,IMPROVING,IMPROVING,IMPROVING
STU0437,Student 437,Engineering College A,Civil,B.Tech,4,2,2023,0,Fall 2025,3.3,3.35,0,0,79.8,80.2,85.3,78.9,61,64,-0.050000000000000266,-0.4000000000000057,6.3999999999999915,-3,STABLE,STABLE,IMPROVING
STU0438,Student 438,Engineering College A,Civil,B.Tech,3,1,2023,0,Fall 2025,3.66,3.47,0,0,80.1,79.5,60.2,68.3,19,33,0.18999999999999995,0.5999999999999943,-8.099999999999994,-14,IMPROVING,STABLE,DETERIORATING
STU0439,Student 439,Engineering College A,Mechanical,B.Tech,3,2,2023,0,Fall 2025,3.95,3.78,1,0,65.3,68.1,89.9,90.0,49,40,0.17000000000000037,-2.799999999999997,-0.09999999999999432,9,IMPROVING,DETERIORATING,STABLE
STU0440,Student 440,Engineering College A,Mechanical,B.Tech,3,2,2023,1,Fall 2025,2.48,2.7,0,0,74.4,88.8,42.5,44.0,10,0,-0.2200000000000002,-14.399999999999991,-1.5,10,DETERIORATING,DETERIORATING,STABLE
STU0441,Student 441,Engineering College A,Civil,B.Tech,4,1,2023,0,Fall 2025,3.31,3.07,0,0,100.0,100.0,84.3,79.9,41,49,0.2400000000000002,0.0,4.3999999999999915,-8,IMPROVING,STABLE,STABLE
STU0442,Student 442,Engineering College A,Electrical,B.Tech,1,2,2023,1,Fall 2025,2.21,2.81,2,1,71.2,90.2,70.8,84.7,0,17,-0.6000000000000001,-19.0,-13.900000000000006,-17,DETERIORATING,DETERIORATING,DETERIORATING
STU0443,Student 443,Engineering College A,Computer Science,B.Tech,1,2,2023,0,Fall 2025,2.29,2.3,0,1,87.2,89.1,83.5,93.9,33,40,-0.009999999999999787,-1.8999999999999915,-10.400000000000006,-7,STABLE,STABLE,DETERIORATING
STU0444,Student 444,Engineering College A,Computer Science,B.Tech,3,2,2023,0,Fall 2025,2.73,2.49,0,0,92.5,95.5,62.9,53.2,45,48,0.23999999999999977,-3.0,9.699999999999996,-3,IMPROVING,DETERIORATING,IMPROVING
STU0445,Student 445,Engineering College A,Civil,B.Tech,3,2,2023,0,Fall 2025,1.68,1.98,0,0,88.8,94.6,83.5,72.5,34,41,-0.30000000000000004,-5.799999999999997,11.0,-7,DETERIORATING,DETERIORATING,IMPROVING
STU0446,Student 446,Engineering College A,Mechanical,B.Tech,4,2,2023,0,Fall 2025,2.21,2.54,3,0,70.5,83.4,72.8,92.5,20,44,-0.33000000000000007,-12.900000000000006,-19.700000000000003,-24,DETERIORATING,DETERIORATING,DETERIORATING
STU0447,Student 447,Engineering College A,Electrical,B.Tech,2,1,2023,1,Fall 2025,1.86,2.34,1,2,65.0,75.6,56.2,75.0,38,46,-0.47999999999999976,-10.599999999999994,-18.799999999999997,-8,DETERIORATING,DETERIORATING,DETERIORATING
STU0448,Student 448,Engineering College A,Civil,B.Tech,2,2,2023,0,Fall 2025,3.39,3.26,0,0,77.7,79.4,94.6,94.4,36,31,0.13000000000000034,-1.7000000000000028,0.19999999999998863,5,IMPROVING,STABLE,STABLE
STU0449,Student 449,Engineering College A,Computer Science,B.Tech,3,2,2023,0,Fall 2025,2.88,2.81,1,0,83.4,82.6,78.1,65.8,26,30,0.06999999999999984,0.8000000000000114,12.299999999999997,-4,STABLE,STABLE,IMPROVING
STU0450,Student 450,Engineering College A,Business,B.Tech,4,1,2023,0,Fall 2025,1.88,2.37,0,0,86.2,98.5,78.0,66.5,42,30,-0.4900000000000002,-12.299999999999997,11.5,12,DETERIORATING,DETERIORATING,IMPROVING
STU0451,Student 451,Engineering College A,Mechanical,B.Tech,3,1,2023,0,Fall 2025,1.98,1.97,1,0,65.2,61.5,71.9,76.9,22,34,0.010000000000000009,3.700000000000003,-5.0,-12,STABLE,IMPROVING,STABLE
STU0452,Student 452,Engineering College A,Business,B.Tech,2,2,2023,0,Fall 2025,3.01,3.14,1,0,62.8,62.8,98.4,87.5,47,42,-0.13000000000000034,0.0,10.900000000000006,5,DETERIORATING,STABLE,IMPROVING
STU0453,Student 453,Engineering College A,Civil,B.Tech,3,1,2023,0,Fall 2025,2.82,3.18,0,0,73.9,87.4,60.9,65.1,59,70,-0.3600000000000003,-13.5,-4.199999999999996,-11,DETERIORATING,DETERIORATING,STABLE
STU0454,Student 454,Engineering College A,Computer Science,B.Tech,2,1,2023,1,Fall 2025,3.28,3.6,2,2,77.2,100.0,77.1,96.1,31,48,-0.3200000000000003,-22.799999999999997,-19.0,-17,DETERIORATING,DETERIORATING,DETERIORATING
STU0455,Student 455,Engineering College A,Electrical,B.Tech,2,1,2023,0,Fall 2025,2.95,3.13,0,0,51.1,65.4,59.9,61.6,45,38,-0.17999999999999972,-14.300000000000004,-1.7000000000000028,7,DETERIORATING,DETERIORATING,STABLE
STU0456,Student 456,Engineering College A,Business,B.Tech,2,1,2023,0,Fall 2025,2.96,3.17,1,0,77.6,83.3,72.0,86.0,78,72,-0.20999999999999996,-5.700000000000003,-14.0,6,DETERIORATING,DETERIORATING,DETERIORATING
STU0457,Student 457,Engineering College A,Electrical,B.Tech,1,1,2023,0,Fall 2025,3.03,3.17,0,0,78.5,88.9,55.4,61.0,28,35,-0.14000000000000012,-10.400000000000006,-5.600000000000001,-7,DETERIORATING,DETERIORATING,DETERIORATING
STU0458,Student 458,Engineering College A,Computer Science,B.Tech,1,1,2023,0,Fall 2025,3.15,2.89,1,1,88.6,91.3,83.1,95.5,49,63,0.2599999999999998,-2.700000000000003,-12.400000000000006,-14,IMPROVING,DETERIORATING,DETERIORATING
STU0459,Student 459,Engineering College A,Business,B.Tech,3,2,2023,0,Fall 2025,3.78,3.65,0,0,71.5,68.8,70.2,71.6,51,48,0.1299999999999999,2.700000000000003,-1.3999999999999915,3,IMPROVING,IMPROVING,STABLE
STU0460,Student 460,Engineering College A,Electrical,B.Tech,2,2,2023,0,Fall 2025,2.4,2.56,0,0,83.3,88.5,65.5,77.2,30,35,-0.16000000000000014,-5.200000000000003,-11.700000000000003,-5,DETERIORATING,DETERIORATING,DETERIORATING
STU0461,Student 461,Engineering College A,Electrical,B.Tech,1,1,2023,0,Fall 2025,3.36,3.38,0,0,91.0,91.0,63.5,76.1,88,83,-0.020000000000000018,0.0,-12.599999999999994,5,STABLE,STABLE,DETERIORATING
STU0462,Student 462,Engineering College A,Business,B.Tech,3,1,2023,0,Fall 2025,2.22,2.51,0,0,60.9,75.1,72.1,80.8,65,64,-0.2899999999999996,-14.199999999999996,-8.700000000000003,1,DETERIORATING,DETERIORATING,DETERIORATING
STU0463,Student 463,Engineering College A,Computer Science,B.Tech,3,2,2023,0,Fall 2025,4.0,4.0,1,0,93.9,97.5,81.3,68.2,53,40,0.0,-3.5999999999999943,13.099999999999994,13,STABLE,DETERIORATING,IMPROVING
STU0464,Student 464,Engineering College A,Electrical,B.Tech,3,1,2023,0,Fall 2025,2.18,2.32,0,0,77.7,78.0,71.2,69.5,55,57,-0.13999999999999968,-0.29999999999999716,1.7000000000000028,-2,DETERIORATING,STABLE,STABLE
STU0465,Student 465,Engineering College A,Civil,B.Tech,3,2,2023,1,Fall 2025,2.23,3.4,1,2,57.1,79.3,68.0,75.8,46,60,-1.17,-22.199999999999996,-7.799999999999997,-14,DETERIORATING,DETERIORATING,DETERIORATING
STU0466,Student 466,Engineering College A,Business,B.Tech,3,1,2023,0,Fall 2025,2.51,2.58,0,0,96.9,92.0,70.1,57.8,52,67,-0.07000000000000028,4.900000000000006,12.299999999999997,-15,STABLE,IMPROVING,IMPROVING
STU0467,Student 467,Engineering College A,Mechanical,B.Tech,4,2,2023,0,Fall 2025,3.24,2.94,0,0,93.6,91.5,77.3,69.4,45,32,0.30000000000000027,2.0999999999999943,7.8999999999999915,13,IMPROVING,IMPROVING,IMPROVING
STU0468,Student 468,Engineering College A,Mechanical,B.Tech,2,2,2023,1,Fall 2025,3.72,4.0,0,1,70.6,82.2,39.8,55.8,6,22,-0.2799999999999998,-11.600000000000009,-16.0,-16,DETERIORATING,DETERIORATING,DETERIORATING
STU0469,Student 469,Engineering College A,Computer Science,B.Tech,3,1,2023,0,Fall 2025,3.23,3.48,1,0,72.7,81.2,76.9,62.0,30,31,-0.25,-8.5,14.900000000000006,-1,DETERIORATING,DETERIORATING,IMPROVING
STU0470,Student 470,Engineering College A,Civil,B.Tech,4,1,2023,1,Fall 2025,3.53,3.82,3,2,77.4,92.8,54.5,66.5,71,81,-0.29000000000000004,-15.399999999999991,-12.0,-10,DETERIORATING,DETERIORATING,DETERIORATING
STU0471,Student 471,Engineering College A,Electrical,B.Tech,2,1,2023,0,Fall 2025,4.0,4.0,0,0,90.3,87.4,81.1,69.3,51,50,0.0,2.8999999999999915,11.799999999999997,1,STABLE,IMPROVING,IMPROVING
STU0472,Student 472,Engineering College A,Mechanical,B.Tech,1,1,2023,1,Fall 2025,1.37,2.17,2,2,72.9,81.4,55.5,74.2,25,33,-0.7999999999999998,-8.5,-18.700000000000003,-8,DETERIORATING,DETERIORATING,DETERIORATING
STU0473,Student 473,Engineering College A,Computer Science,B.Tech,3,2,2023,0,Fall 2025,2.62,2.73,0,1,75.2,77.6,97.7,87.6,37,33,-0.10999999999999988,-2.3999999999999915,10.100000000000009,4,DETERIORATING,DETERIORATING,IMPROVING
STU0474,Student 474,Engineering College A,Civil,B.Tech,4,1,2023,1,Fall 2025,2.89,2.91,3,1,71.8,87.8,62.7,77.5,20,45,0.0,-16.0,-14.799999999999997,-25,UNKNOWN,DETERIORATING,DETERIORATING
STU0475,Student 475,Engineering College A,Civil,B.Tech,1,2,2023,0,Fall 2025,3.02,2.82,0,0,84.2,79.6,87.6,91.8,21,32,0.20000000000000018,4.6000000000000085,-4.200000000000003,-11,IMPROVING,IMPROVING,STABLE
STU0476,Student 476,Engineering College A,Computer Science,B.Tech,4,1,2023,0,Fall 2025,3.24,4.0,3,0,77.1,93.4,46.1,54.3,31,46,-0.7599999999999998,-16.30000000000001,-8.199999999999996,-15,DETERIORATING,DETERIORATING,DETERIORATING
STU0477,Student 477,Engineering College A,Computer Science,B.Tech,2,2,2023,0,Fall 2025,3.0,3.09,0,0,95.8,100.0,54.9,69.8,30,27,-0.08999999999999986,-4.200000000000003,-14.899999999999999,3,STABLE,DETERIORATING,DETERIORATING
STU0478,Student 478,Engineering College A,Electrical,B.Tech,2,1,2023,1,Fall 2025,2.94,2.66,0,0,83.2,78.9,53.4,43.0,91,79,0.2799999999999998,4.299999999999997,10.399999999999999,12,IMPROVING,IMPROVING,IMPROVING
STU0479,Student 479,Engineering College A,Computer Science,B.Tech,1,1,2023,1,Fall 2025,2.33,3.68,2,2,57.4,92.4,71.6,94.0,32,51,-1.35,-35.00000000000001,-22.400000000000006,-19,DETERIORATING,DETERIORATING,DETERIORATING
STU0480,Student 480,Engineering College A,Electrical,B.Tech,4,2,2023,0,Fall 2025,3.42,3.13,0,0,83.6,83.8,78.3,86.5,15,19,0.29000000000000004,-0.20000000000000284,-8.200000000000003,-4,IMPROVING,STABLE,DETERIORATING
STU0481,Student 481,Engineering College A,Electrical,B.Tech,3,1,2023,0,Fall 2025,3.32,3.4,0,0,86.5,83.9,85.8,83.2,46,38,-0.08000000000000007,2.5999999999999943,2.5999999999999943,8,STABLE,IMPROVING,STABLE
STU0482,Student 482,Engineering College A,Business,B.Tech,3,1,2023,0,Fall 2025,3.14,2.85,0,0,86.1,86.2,86.7,100.0,73,60,0.29000000000000004,-0.10000000000000853,-13.299999999999997,13,IMPROVING,STABLE,DETERIORATING
STU0483,Student 483,Engineering College A,Civil,B.Tech,1,1,2023,0,Fall 2025,1.45,1.25,0,0,98.9,83.1,75.9,65.9,39,43,0.19999999999999996,15.800000000000011,10.0,-4,IMPROVING,IMPROVING,IMPROVING
STU0484,Student 484,Engineering College A,Civil,B.Tech,1,1,2023,0,Fall 2025,3.04,2.36,1,0,100.0,100.0,72.3,75.4,34,40,0.6800000000000002,0.0,-3.1000000000000085,-6,IMPROVING,STABLE,STABLE
STU0485,Student 485,Engineering College A,Civil,B.Tech,1,1,2023,0,Fall 2025,2.95,2.91,0,0,90.8,95.3,89.6,85.0,31,21,0.0,-4.5,4.599999999999994,10,UNKNOWN,DETERIORATING,STABLE
STU0486,Student 486,Engineering College A,Business,B.Tech,4,2,2023,1,Fall 2025,2.7,3.13,0,1,57.1,80.0,51.3,60.1,36,58,-0.4299999999999997,-22.9,-8.800000000000004,-22,DETERIORATING,DETERIORATING,DETERIORATING
STU0487,Student 487,Engineering College A,Electrical,B.Tech,3,1,2023,1,Fall 2025,1.54,1.25,0,0,99.7,87.2,78.9,70.1,20,16,0.29000000000000004,12.5,8.800000000000011,4,IMPROVING,IMPROVING,IMPROVING
STU0488,Student 488,Engineering College A,Electrical,B.Tech,3,2,2023,0,Fall 2025,2.79,2.96,0,0,79.3,78.7,68.1,82.5,10,1,-0.16999999999999993,0.5999999999999943,-14.400000000000006,9,DETERIORATING,STABLE,DETERIORATING
STU0489,Student 489,Engineering College A,Computer Science,B.Tech,3,1,2023,1,Fall 2025,2.88,3.29,3,1,63.2,70.0,53.5,74.0,59,68,-0.41000000000000014,-6.799999999999997,-20.5,-9,DETERIORATING,DETERIORATING,DETERIORATING
STU0490,Student 490,Engineering College A,Business,B.Tech,1,1,2023,1,Fall 2025,2.68,2.64,3,0,60.0,91.6,30.6,55.6,40,46,0.040000000000000036,-31.599999999999994,-25.0,-6,STABLE,DETERIORATING,DETERIORATING
STU0491,Student 491,Engineering College A,Computer Science,B.Tech,3,2,2023,0,Fall 2025,2.59,2.36,0,0,100.0,100.0,87.5,73.7,92,79,0.22999999999999998,0.0,13.799999999999997,13,IMPROVING,STABLE,IMPROVING
STU0492,Student 492,Engineering College A,Business,B.Tech,2,2,2023,0,Fall 2025,2.81,3.0,0,0,77.8,84.7,51.7,59.9,62,50,-0.18999999999999995,-6.900000000000006,-8.199999999999996,12,DETERIORATING,DETERIORATING,DETERIORATING
STU0493,Student 493,Engineering College A,Computer Science,B.Tech,1,2,2023,0,Fall 2025,3.21,3.46,0,0,68.2,79.3,100.0,88.1,68,60,-0.25,-11.099999999999994,11.900000000000006,8,DETERIORATING,DETERIORATING,IMPROVING
STU0494,Student 494,Engineering College A,Mechanical,B.Tech,3,2,2023,0,Fall 2025,3.22,3.22,0,0,100.0,100.0,79.8,80.1,29,42,0.0,0.0,-0.29999999999999716,-13,STABLE,STABLE,STABLE
STU0495,Student 495,Engineering College A,Civil,B.Tech,4,2,2023,1,Fall 2025,2.83,2.91,0,0,68.5,69.9,97.9,90.4,49,46,0.0,-1.4000000000000057,7.5,3,UNKNOWN,STABLE,IMPROVING
STU0496,Student 496,Engineering College A,Civil,B.Tech,1,1,2023,0,Fall 2025,3.39,3.55,0,0,64.9,64.0,100.0,92.2,36,41,-0.1599999999999997,0.9000000000000057,7.799999999999997,-5,DETERIORATING,STABLE,IMPROVING
STU0497,Student 497,Engineering College A,Electrical,B.Tech,2,2,2023,0,Fall 2025,4.0,3.86,0,2,85.8,85.5,91.7,98.0,26,17,0.14000000000000012,0.29999999999999716,-6.299999999999997,9,IMPROVING,STABLE,DETERIORATING
STU0498,Student 498,Engineering College A,Mechanical,B.Tech,2,2,2023,0,Fall 2025,3.28,3.35,0,0,97.4,92.6,78.8,68.2,71,59,-0.07000000000000028,4.800000000000011,10.599999999999994,12,STABLE,IMPROVING,IMPROVING
STU0499,Student 499,Engineering College A,Civil,B.Tech,4,1,2023,1,Fall 2025,2.25,3.74,1,2,44.7,74.6,66.1,80.4,0,21,-1.4900000000000002,-29.89999999999999,-14.300000000000011,-21,DETERIORATING,DETERIORATING,DETERIORATING
STU0500,Student 500,Engineering College A,Electrical,B.Tech,4,1,2023,1,Fall 2025,1.44,3.33,1,1,21.0,58.6,49.0,76.7,51,67,-1.8900000000000001,-37.6,-27.700000000000003,-16,DETERIORATING,DETERIORATING,DETERIORATING
STU0501,Student 501,Engineering College A,Mechanical,B.Tech,1,2,2023,0,Fall 2025,2.6,2.64,0,0,86.1,89.6,63.3,64.7,40,29,-0.040000000000000036,-3.5,-1.4000000000000057,11,STABLE,DETERIORATING,STABLE
STU0502,Student 502,Engineering College A,Civil,B.Tech,1,2,2023,0,Fall 2025,2.91,2.72,0,0,79.3,76.8,73.8,60.5,89,93,0.18999999999999995,2.5,13.299999999999997,-4,IMPROVING,IMPROVING,IMPROVING
STU0503,Student 503,Engineering College A,Computer Science,B.Tech,2,2,2023,0,Fall 2025,2.62,2.8,0,0,76.2,74.6,74.4,71.1,24,18,-0.17999999999999972,1.6000000000000085,3.3000000000000114,6,DETERIORATING,STABLE,STABLE
STU0504,Student 504,Engineering College A,Business,B.Tech,4,1,2023,0,Fall 2025,2.55,2.58,0,0,81.9,81.6,88.0,85.2,67,58,-0.03000000000000025,-0.9000000000000057,2.799999999999997,9,STABLE,UNKNOWN,STABLE
STU0505,Student 505,Engineering College A,Mechanical,B.Tech,1,2,2023,0,Fall 2025,3.58,3.41,0,0,92.2,94.5,81.9,86.3,93,82,0.16999999999999993,-2.299999999999997,-4.3999999999999915,11,IMPROVING,DETERIORATING,STABLE
STU0506,Student 506,Engineering College A,Electrical,B.Tech,2,1,2023,0,Fall 2025,1.7,1.01,0,0,79.6,61.4,95.4,83.8,41,53,0.69,18.199999999999996,11.600000000000009,-12,IMPROVING,IMPROVING,IMPROVING
STU0507,Student 507,Engineering College A,Mechanical,B.Tech,4,1,2023,1,Fall 2025,2.88,2.91,1,2,48.4,77.6,61.2,76.9,4,27,0.0,-29.199999999999996,-15.700000000000003,-23,UNKNOWN,DETERIORATING,DETERIORATING
STU0508,Student 508,Engineering College A,Electrical,B.Tech,2,1,2023,1,Fall 2025,3.0,3.09,0,0,90.6,87.9,77.3,85.1,43,37,-0.08999999999999986,2.6999999999999886,-7.799999999999997,6,STABLE,IMPROVING,DETERIORATING
STU0509,Student 509,Engineering College A,Mechanical,B.Tech,3,1,2023,1,Fall 2025,2.22,2.8,1,2,42.9,64.2,45.6,64.2,38,44,-0.5799999999999996,-21.300000000000004,-18.6,-6,DETERIORATING,DETERIORATING,DETERIORATING
STU0510,Student 510,Engineering College A,Electrical,B.Tech,4,2,2023,1,Fall 2025,3.24,2.31,1,0,100.0,83.8,63.7,69.6,26,24,0.9300000000000002,16.200000000000003,-5.8999999999999915,2,IMPROVING,IMPROVING,DETERIORATING
STU0511,Student 511,Engineering College A,Civil,B.Tech,1,1,2023,0,Fall 2025,3.59,3.44,0,0,90.3,90.0,69.9,82.4,34,41,0.1499999999999999,0.29999999999999716,-12.5,-7,IMPROVING,STABLE,DETERIORATING
STU0512,Student 512,Engineering College A,Computer Science,B.Tech,1,1,2023,0,Fall 2025,3.52,3.52,0,0,95.0,99.7,40.7,49.4,41,44,0.0,-4.700000000000003,-8.699999999999996,-3,STABLE,DETERIORATING,DETERIORATING
STU0513,Student 513,Engineering College A,Civil,B.Tech,3,2,2023,1,Fall 2025,3.59,3.74,0,2,79.6,100.0,91.3,98.0,5,29,-0.15000000000000036,-20.400000000000006,-6.700000000000003,-24,DETERIORATING,DETERIORATING,DETERIORATING
STU0514,Student 514,Engineering College A,Computer Science,B.Tech,4,1,2023,1,Fall 2025,4.0,4.0,2,0,41.6,80.0,43.7,58.1,18,34,0.0,-38.4,-14.399999999999999,-16,STABLE,DETERIORATING,DETERIORATING
STU0515,Student 515,Engineering College A,Civil,B.Tech,2,2,2023,0,Fall 2025,3.67,3.52,0,0,76.2,72.0,70.5,65.5,10,7,0.1499999999999999,4.200000000000003,5.0,3,IMPROVING,IMPROVING,STABLE
STU0516,Student 516,Engineering College A,Civil,B.Tech,1,1,2023,0,Fall 2025,3.22,2.91,0,0,78.8,75.5,75.0,70.0,56,63,0.0,3.299999999999997,5.0,-7,UNKNOWN,IMPROVING,STABLE
STU0517,Student 517,Engineering College A,Mechanical,B.Tech,3,2,2023,0,Fall 2025,2.7,2.81,0,0,76.0,74.7,70.7,67.3,47,46,-0.10999999999999988,1.2999999999999972,3.4000000000000057,1,DETERIORATING,STABLE,STABLE
STU0518,Student 518,Engineering College A,Business,B.Tech,3,1,2023,0,Fall 2025,2.71,2.89,0,0,83.8,78.8,75.9,87.9,54,49,-0.18000000000000016,5.0,-12.0,5,DETERIORATING,IMPROVING,DETERIORATING
STU0519,Student 519,Engineering College A,Electrical,B.Tech,4,1,2023,0,Fall 2025,1.72,2.49,2,0,79.0,100.0,49.7,66.1,12,21,-0.7700000000000002,-21.0,-16.39999999999999,-9,DETERIORATING,DETERIORATING,DETERIORATING
STU0520,Student 520,Engineering College A,Electrical,B.Tech,4,2,2023,0,Fall 2025,2.61,2.75,0,0,75.9,76.0,84.4,91.1,40,38,-0.14000000000000012,-0.09999999999999432,-6.699999999999989,2,DETERIORATING,STABLE,DETERIORATING
STU0521,Student 521,Engineering College A,Electrical,B.Tech,1,1,2023,0,Fall 2025,3.27,2.5,0,0,97.6,78.6,67.0,80.1,23,33,0.77,19.0,-13.099999999999994,-10,IMPROVING,IMPROVING,DETERIORATING
STU0522,Student 522,Engineering College A,Computer Science,B.Tech,3,1,2023,0,Fall 2025,2.45,2.37,0,0,83.8,86.2,85.8,98.6,46,40,0.08000000000000007,-2.4000000000000057,-12.799999999999997,6,STABLE,DETERIORATING,DETERIORATING
STU0523,Student 523,Engineering College A,Electrical,B.Tech,2,2,2023,1,Fall 2025,2.0,2.76,2,0,62.2,85.1,53.9,73.3,38,62,-0.7599999999999998,-22.89999999999999,-19.4,-24,DETERIORATING,DETERIORATING,DETERIORATING
STU0524,Student 524,Engineering College A,Electrical,B.Tech,3,1,2023,0,Fall 2025,3.11,3.09,1,0,80.0,83.3,74.7,69.9,52,63,0.020000000000000018,-3.299999999999997,4.799999999999997,-11,STABLE,DETERIORATING,STABLE
STU0525,Student 525,Engineering College A,Mechanical,B.Tech,2,1,2023,1,Fall 2025,3.29,3.45,0,0,96.1,91.3,73.7,71.1,28,36,-0.16000000000000014,4.799999999999997,2.6000000000000085,-8,DETERIORATING,IMPROVING,STABLE
STU0526,Student 526,Engineering College A,Civil,B.Tech,2,2,2023,0,Fall 2025,3.05,2.98,0,0,77.3,77.7,100.0,90.6,31,41,0.06999999999999984,-0.4000000000000057,9.400000000000006,-10,STABLE,STABLE,IMPROVING
STU0527,Student 527,Engineering College A,Electrical,B.Tech,1,2,2023,0,Fall 2025,3.11,2.96,0,0,60.0,58.1,78.8,78.5,69,56,0.1499999999999999,1.8999999999999986,0.29999999999999716,13,IMPROVING,STABLE,STABLE
STU0528,Student 528,Engineering College A,Business,B.Tech,3,2,2023,0,Fall 2025,2.81,2.57,0,0,80.7,85.2,81.5,94.3,24,30,0.2400000000000002,-4.5,-12.799999999999997,-6,IMPROVING,DETERIORATING,DETERIORATING
STU0529,Student 529,Engineering College A,Electrical,B.Tech,2,2,2023,0,Fall 2025,2.35,2.08,1,0,76.8,74.2,77.8,69.1,25,37,0.27,2.5999999999999943,8.700000000000003,-12,IMPROVING,IMPROVING,IMPROVING
STU0530,Student 530,Engineering College A,Computer Science,B.Tech,4,2,2023,1,Fall 2025,1.75,3.68,0,0,71.0,88.1,38.5,54.1,49,55,-1.9300000000000002,-17.099999999999994,-15.600000000000001,-6,DETERIORATING,DETERIORATING,DETERIORATING
STU0531,Student 531,Engineering College A,Computer Science,B.Tech,2,1,2023,0,Fall 2025,2.97,3.0,0,0,85.8,81.9,46.9,61.2,12,15,-0.029999999999999805,3.8999999999999915,-14.300000000000004,-3,STABLE,IMPROVING,DETERIORATING
STU0532,Student 532,Engineering College A,Computer Science,B.Tech,4,2,2023,1,Fall 2025,2.17,2.68,1,1,65.7,73.5,63.9,75.4,49,65,-0.5100000000000002,-7.799999999999997,-11.500000000000007,-16,DETERIORATING,DETERIORATING,DETERIORATING
STU0533,Student 533,Engineering College A,Electrical,B.Tech,4,1,2023,1,Fall 2025,2.74,2.94,1,0,78.8,100.0,49.0,73.0,14,29,-0.19999999999999973,-21.200000000000003,-24.0,-15,DETERIORATING,DETERIORATING,DETERIORATING
STU0534,Student 534,Engineering College A,Mechanical,B.Tech,3,2,2023,1,Fall 2025,3.83,3.85,0,0,85.7,85.2,53.5,53.9,51,55,-0.020000000000000018,0.5,-0.3999999999999986,-4,STABLE,STABLE,STABLE
STU0535,Student 535,Engineering College A,Business,B.Tech,4,1,2023,0,Fall 2025,2.54,1.82,0,0,100.0,83.3,88.2,76.4,72,68,0.72,16.700000000000003,11.799999999999997,4,IMPROVING,IMPROVING,IMPROVING
STU0536,Student 536,Engineering College A,Electrical,B.Tech,2,1,2023,1,Fall 2025,2.4,3.97,2,0,46.5,84.6,94.8,100.0,0,14,-1.5700000000000003,-38.099999999999994,-5.200000000000003,-14,DETERIORATING,DETERIORATING,DETERIORATING
STU0537,Student 537,Engineering College A,Mechanical,B.Tech,4,2,2023,0,Fall 2025,3.05,3.24,0,0,75.2,84.9,57.6,70.7,44,44,-0.1900000000000004,-9.700000000000003,-13.100000000000001,0,DETERIORATING,DETERIORATING,DETERIORATING
STU0538,Student 538,Engineering College A,Mechanical,B.Tech,3,1,2023,0,Fall 2025,2.79,2.5,0,0,74.3,62.7,91.7,82.4,45,45,0.29000000000000004,11.599999999999994,9.299999999999997,0,IMPROVING,IMPROVING,IMPROVING
STU0539,Student 539,Engineering College A,Electrical,B.Tech,1,1,2023,1,Fall 2025,2.67,2.94,1,0,76.1,88.6,74.1,72.6,11,15,-0.27,-12.5,1.5,-4,DETERIORATING,DETERIORATING,STABLE
STU0540,Student 540,Engineering College A,Electrical,B.Tech,2,2,2023,0,Fall 2025,3.14,2.88,0,0,67.9,71.4,76.3,74.3,44,37,0.26000000000000023,-3.5,2.0,7,IMPROVING,DETERIORATING,STABLE
STU0541,Student 541,Engineering College A,Mechanical,B.Tech,2,2,2023,1,Fall 2025,2.76,3.56,0,1,84.4,98.1,82.2,87.8,41,54,-0.8000000000000003,-13.699999999999989,-5.599999999999994,-13,DETERIORATING,DETERIORATING,DETERIORATING
STU0542,Student 542,Engineering College A,Mechanical,B.Tech,3,2,2023,0,Fall 2025,3.17,3.37,0,0,70.1,81.2,80.1,85.4,76,85,-0.20000000000000018,-11.100000000000009,-5.300000000000011,-9,DETERIORATING,DETERIORATING,DETERIORATING
STU0543,Student 543,Engineering College A,Mechanical,B.Tech,3,2,2023,1,Fall 2025,3.82,3.56,1,2,76.8,78.1,79.2,90.5,74,85,0.2599999999999998,-1.2999999999999972,-11.299999999999997,-11,IMPROVING,STABLE,DETERIORATING
STU0544,Student 544,Engineering College A,Electrical,B.Tech,3,1,2023,0,Fall 2025,3.73,3.46,0,0,76.2,73.0,82.4,71.4,83,82,0.27,3.200000000000003,11.0,1,IMPROVING,IMPROVING,IMPROVING
STU0545,Student 545,Engineering College A,Mechanical,B.Tech,3,1,2023,0,Fall 2025,2.99,2.91,0,0,60.0,61.1,72.6,70.5,36,46,0.08000000000000007,-1.1000000000000014,2.0999999999999943,-10,STABLE,STABLE,STABLE
STU0546,Student 546,Engineering College A,Computer Science,B.Tech,2,1,2023,0,Fall 2025,2.11,2.28,0,1,88.6,87.1,84.9,85.9,62,63,-0.16999999999999993,1.5,-1.0,-1,DETERIORATING,STABLE,STABLE
STU0547,Student 547,Engineering College A,Electrical,B.Tech,1,1,2023,0,Fall 2025,3.71,3.64,0,0,74.4,72.2,52.5,61.3,48,59,0.06999999999999984,2.200000000000003,-8.799999999999997,-11,STABLE,IMPROVING,DETERIORATING
STU0548,Student 548,Engineering College A,Computer Science,B.Tech,4,1,2023,0,Fall 2025,2.28,2.41,0,0,80.7,81.5,98.5,84.6,48,51,-0.13000000000000034,-0.7999999999999972,13.900000000000006,-3,DETERIORATING,STABLE,IMPROVING
STU0549,Student 549,Engineering College A,Civil,B.Tech,4,1,2023,0,Fall 2025,2.41,2.58,0,0,82.8,83.5,68.1,59.7,30,29,-0.16999999999999993,-0.7000000000000028,8.399999999999991,1,DETERIORATING,STABLE,IMPROVING
STU0550,Student 550,Engineering College A,Electrical,B.Tech,1,2,2023,0,Fall 2025,1.91,1.28,1,0,97.1,87.6,87.6,94.5,27,36,0.6299999999999999,9.5,-6.900000000000006,-9,IMPROVING,IMPROVING,DETERIORATING
STU0551,Student 551,Engineering College A,Civil,B.Tech,1,1,2023,0,Fall 2025,3.64,3.44,0,0,91.0,87.2,81.2,75.6,11,18,0.20000000000000018,3.799999999999997,5.6000000000000085,-7,IMPROVING,IMPROVING,IMPROVING
STU0552,Student 552,Engineering College A,Mechanical,B.Tech,1,1,2023,1,Fall 2025,2.52,2.72,1,2,82.2,94.2,61.3,80.9,27,50,-0.20000000000000018,-12.0,-19.60000000000001,-23,DETERIORATING,DETERIORATING,DETERIORATING
STU0553,Student 553,Engineering College A,Mechanical,B.Tech,3,1,2023,0,Fall 2025,3.01,3.09,0,0,68.8,69.8,86.8,84.0,22,21,-0.08000000000000007,-1.0,2.799999999999997,1,STABLE,STABLE,STABLE
STU0554,Student 554,Engineering College A,Business,B.Tech,2,2,2023,0,Fall 2025,2.53,2.42,0,1,85.9,85.1,77.9,87.6,42,45,0.10999999999999988,0.8000000000000114,-9.699999999999989,-3,IMPROVING,STABLE,DETERIORATING
STU0555,Student 555,Engineering College A,Mechanical,B.Tech,2,2,2023,1,Fall 2025,2.21,2.89,3,1,51.8,62.7,70.4,79.5,33,53,-0.6800000000000002,-10.900000000000006,-9.099999999999994,-20,DETERIORATING,DETERIORATING,DETERIORATING
STU0556,Student 556,Engineering College A,Civil,B.Tech,2,2,2023,0,Fall 2025,3.9,3.67,0,0,87.9,89.8,80.5,77.5,43,47,0.22999999999999998,-1.8999999999999915,3.0,-4,IMPROVING,STABLE,STABLE
STU0557,Student 557,Engineering College A,Mechanical,B.Tech,3,2,2023,0,Fall 2025,3.96,3.84,0,0,71.8,69.9,99.7,94.9,31,28,0.1200000000000001,1.8999999999999915,4.799999999999997,3,IMPROVING,STABLE,STABLE
STU0558,Student 558,Engineering College A,Electrical,B.Tech,2,1,2023,1,Fall 2025,2.66,2.58,0,0,87.6,83.2,72.7,79.5,54,47,0.08000000000000007,4.3999999999999915,-6.799999999999997,7,STABLE,IMPROVING,DETERIORATING
STU0559,Student 559,Engineering College A,Mechanical,B.Tech,3,1,2023,1,Fall 2025,3.08,2.37,0,0,100.0,94.0,100.0,89.7,57,49,0.71,6.0,10.299999999999997,8,IMPROVING,IMPROVING,IMPROVING
STU0560,Student 560,Engineering College A,Business,B.Tech,2,1,2023,0,Fall 2025,3.86,4.0,0,0,81.4,88.9,94.6,89.7,35,30,-0.14000000000000012,-7.5,4.8999999999999915,5,DETERIORATING,DETERIORATING,STABLE
STU0561,Student 561,Engineering College A,Mechanical,B.Tech,1,2,2023,0,Fall 2025,3.39,2.91,0,0,95.4,77.7,68.5,74.1,32,32,0.0,17.700000000000003,-5.599999999999994,0,UNKNOWN,IMPROVING,DETERIORATING
STU0562,Student 562,Engineering College A,Civil,B.Tech,4,1,2023,1,Fall 2025,3.29,3.0,1,0,73.7,75.0,78.0,69.5,53,55,0.29000000000000004,-1.2999999999999972,8.5,-2,IMPROVING,STABLE,IMPROVING
STU0563,Student 563,Engineering College A,Civil,B.Tech,4,1,2023,0,Fall 2025,3.71,3.46,0,0,85.9,83.3,77.4,81.3,17,27,0.25,2.6000000000000085,-3.8999999999999915,-10,IMPROVING,IMPROVING,STABLE
STU0564,Student 564,Engineering College A,Mechanical,B.Tech,3,1,2023,0,Fall 2025,3.11,2.5,1,0,90.2,71.8,75.7,77.7,45,51,0.6099999999999999,18.400000000000006,-2.0,-6,IMPROVING,IMPROVING,STABLE
STU0565,Student 565,Engineering College A,Civil,B.Tech,2,2,2023,0,Fall 2025,2.45,2.91,1,0,78.8,76.3,87.3,73.9,51,55,0.0,2.5,13.399999999999991,-4,UNKNOWN,IMPROVING,IMPROVING
STU0566,Student 566,Engineering College A,Civil,B.Tech,4,2,2023,0,Fall 2025,2.9,1.96,0,0,77.5,68.9,53.1,55.2,27,39,0.94,8.599999999999994,-2.1000000000000014,-12,IMPROVING,IMPROVING,STABLE
STU0567,Student 567,Engineering College A,Business,B.Tech,1,2,2023,1,Fall 2025,4.0,4.0,0,0,85.0,84.1,43.4,54.3,61,51,0.0,0.9000000000000057,-10.899999999999999,10,STABLE,STABLE,DETERIORATING
STU0568,Student 568,Engineering College A,Electrical,B.Tech,1,1,2023,0,Fall 2025,3.0,2.37,0,0,89.3,78.9,44.7,51.7,19,17,0.6299999999999999,10.399999999999991,-7.0,2,IMPROVING,IMPROVING,DETERIORATING
STU0569,Student 569,Engineering College A,Business,B.Tech,1,1,2023,1,Fall 2025,1.99,2.76,2,1,71.4,91.7,39.6,54.8,27,47,-0.7699999999999998,-20.299999999999997,-15.199999999999996,-20,DETERIORATING,DETERIORATING,DETERIORATING
STU0570,Student 570,Engineering College A,Computer Science,B.Tech,3,1,2023,0,Fall 2025,1.79,1.6,0,1,60.0,50.5,76.4,77.7,70,68,0.18999999999999995,9.5,-1.2999999999999972,2,IMPROVING,IMPROVING,STABLE
STU0571,Student 571,Engineering College A,Business,B.Tech,3,1,2023,0,Fall 2025,3.13,3.08,0,0,89.9,86.1,75.5,80.7,18,30,0.04999999999999982,3.8000000000000114,-5.200000000000003,-12,STABLE,IMPROVING,DETERIORATING
STU0572,Student 572,Engineering College A,Mechanical,B.Tech,2,2,2023,0,Fall 2025,2.43,2.38,0,0,78.7,76.5,52.7,63.0,48,36,0.050000000000000266,2.200000000000003,-10.299999999999997,12,STABLE,IMPROVING,DETERIORATING
STU0573,Student 573,Engineering College A,Electrical,B.Tech,1,1,2023,0,Fall 2025,3.25,3.7,0,0,76.4,87.2,99.5,98.7,23,14,-0.4500000000000002,-10.799999999999997,0.7999999999999972,9,DETERIORATING,DETERIORATING,STABLE
STU0574,Student 574,Engineering College A,Mechanical,B.Tech,2,2,2023,0,Fall 2025,2.05,2.34,0,0,68.9,83.1,71.4,75.8,56,50,-0.29000000000000004,-14.199999999999989,-4.3999999999999915,6,DETERIORATING,DETERIORATING,STABLE
STU0575,Student 575,Engineering College A,Computer Science,B.Tech,2,1,2023,1,Fall 2025,3.54,3.69,0,0,81.6,99.0,38.5,67.3,33,45,-0.1499999999999999,-17.400000000000006,-28.799999999999997,-12,DETERIORATING,DETERIORATING,DETERIORATING
STU0576,Student 576,Engineering College A,Electrical,B.Tech,1,2,2023,1,Fall 2025,1.93,2.28,0,0,69.2,83.6,59.0,84.1,10,25,-0.34999999999999987,-14.399999999999991,-25.099999999999994,-15,DETERIORATING,DETERIORATING,DETERIORATING
STU0577,Student 577,Engineering College A,Civil,B.Tech,2,1,2023,0,Fall 2025,3.4,3.32,0,0,83.9,83.2,82.9,91.4,46,47,0.08000000000000007,0.7000000000000028,-8.5,-1,STABLE,STABLE,DETERIORATING
STU0578,Student 578,Engineering College A,Business,B.Tech,4,1,2023,0,Fall 2025,3.33,3.46,2,0,76.9,88.4,42.8,54.6,24,38,-0.1299999999999999,-11.5,-11.800000000000004,-14,DETERIORATING,DETERIORATING,DETERIORATING
STU0579,Student 579,Engineering College A,Mechanical,B.Tech,3,2,2023,0,Fall 2025,2.91,2.25,0,0,100.0,100.0,100.0,95.0,67,68,0.6600000000000001,0.0,5.0,-1,IMPROVING,STABLE,STABLE
STU0580,Student 580,Engineering College A,Computer Science,B.Tech,2,2,2023,0,Fall 2025,1.62,1.0,1,0,83.4,76.7,73.7,84.8,10,0,0.6200000000000001,6.700000000000003,-11.099999999999994,10,IMPROVING,IMPROVING,DETERIORATING
STU0581,Student 581,Engineering College A,Civil,B.Tech,1,1,2023,0,Fall 2025,3.42,3.19,0,0,76.1,80.0,52.2,67.2,43,45,0.22999999999999998,-3.9000000000000057,-15.0,-2,IMPROVING,DETERIORATING,DETERIORATING
STU0582,Student 582,Engineering College A,Business,B.Tech,3,1,2023,1,Fall 2025,2.87,2.92,2,1,45.9,76.4,57.8,69.5,13,35,-0.04999999999999982,-30.500000000000007,-11.700000000000003,-22,STABLE,DETERIORATING,DETERIORATING
STU0583,Student 583,Engineering College A,Civil,B.Tech,3,1,2023,0,Fall 2025,2.73,2.5,2,0,89.4,88.2,61.9,57.7,56,43,0.22999999999999998,1.2000000000000028,4.199999999999996,13,IMPROVING,STABLE,STABLE
STU0584,Student 584,Engineering College A,Business,B.Tech,2,2,2023,0,Fall 2025,2.27,2.45,0,0,97.0,100.0,77.4,85.4,21,24,-0.18000000000000016,-3.0,-8.0,-3,DETERIORATING,DETERIORATING,DETERIORATING
STU0585,Student 585,Engineering College A,Electrical,B.Tech,4,1,2023,0,Fall 2025,3.62,3.61,0,0,75.7,74.9,62.5,69.8,59,64,0.010000000000000231,0.7999999999999972,-7.299999999999997,-5,STABLE,STABLE,DETERIORATING
STU0586,Student 586,Engineering College A,Civil,B.Tech,2,2,2023,0,Fall 2025,2.83,2.96,0,0,93.2,94.7,99.0,96.1,50,61,-0.1299999999999999,-1.5,2.9000000000000057,-11,DETERIORATING,STABLE,STABLE
STU0587,Student 587,Engineering College A,Civil,B.Tech,4,1,2023,0,Fall 2025,2.85,2.57,1,0,76.0,76.8,59.7,51.0,21,32,0.28000000000000025,-0.7999999999999972,8.700000000000003,-11,IMPROVING,STABLE,IMPROVING
STU0588,Student 588,Engineering College A,Civil,B.Tech,3,1,2023,1,Fall 2025,2.35,2.25,0,0,91.9,88.3,73.7,82.2,33,43,0.10000000000000009,3.6000000000000085,-8.5,-10,IMPROVING,IMPROVING,DETERIORATING
STU0589,Student 589,Engineering College A,Electrical,B.Tech,2,1,2023,0,Fall 2025,2.12,2.24,0,0,85.1,83.3,86.5,88.0,94,94,-0.1200000000000001,1.7999999999999972,-1.5,0,DETERIORATING,STABLE,STABLE
STU0590,Student 590,Engineering College A,Computer Science,B.Tech,1,1,2023,0,Fall 2025,3.02,3.02,0,0,89.6,86.7,93.5,94.5,53,48,0.0,2.8999999999999915,-1.0,5,STABLE,IMPROVING,STABLE
STU0591,Student 591,Engineering College A,Business,B.Tech,2,2,2023,0,Fall 2025,3.59,4.0,2,0,76.1,82.8,100.0,100.0,45,44,-0.41000000000000014,-6.700000000000003,0.0,1,DETERIORATING,DETERIORATING,STABLE
STU0592,Student 592,Engineering College A,Civil,B.Tech,4,2,2023,0,Fall 2025,2.53,2.03,0,0,94.5,79.7,68.9,66.6,57,69,0.5,14.799999999999997,2.3000000000000114,-12,IMPROVING,IMPROVING,STABLE
STU0593,Student 593,Engineering College A,Electrical,B.Tech,4,1,2023,0,Fall 2025,2.79,2.75,0,0,77.8,77.7,54.0,62.8,27,24,0.040000000000000036,0.09999999999999432,-8.799999999999997,3,STABLE,STABLE,DETERIORATING
STU0594,Student 594,Engineering College A,Computer Science,B.Tech,2,1,2023,0,Fall 2025,2.27,1.33,0,0,100.0,100.0,80.4,87.4,25,28,0.94,0.0,-7.0,-3,IMPROVING,STABLE,DETERIORATING
STU0595,Student 595,Engineering College A,Business,B.Tech,4,1,2023,1,Fall 2025,3.02,3.68,0,0,52.5,67.1,43.0,68.0,42,58,-0.6600000000000001,-14.599999999999994,-25.0,-16,DETERIORATING,DETERIORATING,DETERIORATING
STU0596,Student 596,Engineering College A,Electrical,B.Tech,3,2,2023,0,Fall 2025,3.31,3.12,2,0,75.5,78.5,96.7,87.9,11,14,0.18999999999999995,-3.0,8.799999999999997,-3,IMPROVING,DETERIORATING,IMPROVING
STU0597,Student 597,Engineering College A,Business,B.Tech,2,1,2023,0,Fall 2025,2.85,2.87,0,1,81.7,79.3,95.9,96.2,38,49,-0.020000000000000018,2.4000000000000057,-0.29999999999999716,-11,STABLE,IMPROVING,STABLE
STU0598,Student 598,Engineering College A,Civil,B.Tech,4,2,2023,1,Fall 2025,3.18,3.16,0,0,86.1,87.6,74.8,67.2,72,78,0.020000000000000018,-1.5,7.599999999999994,-6,STABLE,STABLE,IMPROVING
STU0599,Student 599,Engineering College A,Computer Science,B.Tech,2,2,2023,1,Fall 2025,3.2,2.91,0,1,64.3,59.5,83.6,94.7,46,58,0.29000000000000004,4.799999999999997,-11.100000000000009,-12,IMPROVING,IMPROVING,DETERIORATING
STU0600,Student 600,Engineering College A,Electrical,B.Tech,2,2,2023,0,Fall 2025,2.39,2.45,1,0,62.8,61.8,49.4,59.5,28,27,-0.06000000000000005,1.0,-10.100000000000001,1,STABLE,STABLE,DETERIORATING
STU0601,Student 601,Engineering College A,Computer Science,B.Tech,1,2,2023,1,Fall 2025,3.28,3.34,0,0,73.7,75.9,68.6,81.3,21,27,-0.06000000000000005,-2.200000000000003,-12.700000000000003,-6,STABLE,DETERIORATING,DETERIORATING
STU0602,Student 602,Engineering College A,Civil,B.Tech,2,1,2023,0,Fall 2025,2.01,1.54,0,0,91.9,84.3,71.3,69.7,100,100,0.46999999999999975,7.6000000000000085,1.5999999999999943,0,IMPROVING,IMPROVING,STABLE
STU0603,Student 603,Engineering College A,Computer Science,B.Tech,1,1,2023,0,Fall 2025,3.12,3.07,0,0,100.0,100.0,58.9,61.6,66,79,0.050000000000000266,0.0,-2.700000000000003,-13,STABLE,STABLE,STABLE
STU0604,Student 604,Engineering College A,Computer Science,B.Tech,4,2,2023,0,Fall 2025,2.53,2.94,0,0,75.5,89.2,65.5,74.1,56,54,-0.41000000000000014,-13.700000000000003,-8.599999999999994,2,DETERIORATING,DETERIORATING,DETERIORATING
STU0605,Student 605,Engineering College A,Mechanical,B.Tech,1,1,2023,0,Fall 2025,3.84,3.66,1,0,68.0,71.6,86.8,75.2,32,32,0.17999999999999972,-3.5999999999999943,11.599999999999994,0,IMPROVING,DETERIORATING,IMPROVING
STU0606,Student 606,Engineering College A,Computer Science,B.Tech,1,1,2023,0,Fall 2025,3.85,4.0,0,0,64.6,76.7,69.2,73.7,57,69,-0.1499999999999999,-12.100000000000009,-4.5,-12,DETERIORATING,DETERIORATING,STABLE
STU0607,Student 607,Engineering College A,Business,B.Tech,1,1,2023,0,Fall 2025,2.29,2.04,0,1,93.9,84.9,80.4,78.4,74,65,0.25,9.0,2.0,9,IMPROVING,IMPROVING,STABLE
STU0608,Student 608,Engineering College A,Electrical,B.Tech,3,2,2023,1,Fall 2025,2.15,2.65,0,0,64.4,77.1,85.8,83.6,83,76,-0.5,-12.699999999999989,2.200000000000003,7,DETERIORATING,DETERIORATING,STABLE
STU0609,Student 609,Engineering College A,Mechanical,B.Tech,1,1,2023,0,Fall 2025,2.97,2.09,0,0,100.0,92.3,78.8,83.4,46,43,0.8800000000000003,7.700000000000003,-4.6000000000000085,3,IMPROVING,IMPROVING,STABLE
STU0610,Student 610,Engineering College A,Electrical,B.Tech,2,1,2023,0,Fall 2025,3.57,3.63,1,0,91.1,86.3,64.4,71.5,22,23,-0.06000000000000005,4.799999999999997,-7.099999999999994,-1,STABLE,IMPROVING,DETERIORATING
STU0611,Student 611,Engineering College A,Electrical,B.Tech,1,1,2023,0,Fall 2025,3.0,3.17,0,0,100.0,97.2,86.3,78.3,23,33,-0.16999999999999993,2.799999999999997,8.0,-10,DETERIORATING,IMPROVING,IMPROVING
STU0612,Student 612,Engineering College A,Civil,B.Tech,2,1,2023,0,Fall 2025,3.24,2.95,0,0,91.2,93.9,68.3,78.3,59,64,0.29000000000000004,-2.700000000000003,-10.0,-5,IMPROVING,DETERIORATING,DETERIORATING
STU0613,Student 613,Engineering College A,Civil,B.Tech,1,1,2023,0,Fall 2025,2.93,2.91,0,1,100.0,100.0,45.3,56.1,31,17,0.020000000000000018,0.0,-10.800000000000004,14,STABLE,STABLE,DETERIORATING
STU0614,Student 614,Engineering College A,Mechanical,B.Tech,3,1,2023,1,Fall 2025,3.5,3.22,0,0,77.2,75.9,100.0,95.4,64,53,0.2799999999999998,1.2999999999999972,4.599999999999994,11,IMPROVING,STABLE,STABLE
STU0615,Student 615,Engineering College A,Civil,B.Tech,4,1,2023,1,Fall 2025,2.97,3.42,1,2,57.7,76.6,80.4,100.0,23,37,-0.44999999999999973,-18.89999999999999,-19.599999999999994,-14,DETERIORATING,DETERIORATING,DETERIORATING
STU0616,Student 616,Engineering College A,Civil,B.Tech,1,1,2023,1,Fall 2025,2.89,3.67,0,2,63.1,69.3,78.9,86.6,2,18,-0.7799999999999998,-6.199999999999996,-7.699999999999989,-16,DETERIORATING,DETERIORATING,DETERIORATING
STU0617,Student 617,Engineering College A,Civil,B.Tech,1,1,2023,0,Fall 2025,1.58,1.7,0,0,78.2,81.1,94.1,90.4,45,36,-0.11999999999999988,-2.8999999999999915,3.6999999999999886,9,DETERIORATING,DETERIORATING,STABLE
STU0618,Student 618,Engineering College A,Electrical,B.Tech,3,1,2023,1,Fall 2025,3.13,3.31,2,0,62.8,66.9,96.0,85.7,42,38,-0.18000000000000016,-4.1000000000000085,10.299999999999997,4,DETERIORATING,DETERIORATING,IMPROVING
STU0619,Student 619,Engineering College A,Mechanical,B.Tech,1,2,2023,0,Fall 2025,2.99,3.18,1,0,60.3,64.9,100.0,100.0,64,64,-0.18999999999999995,-4.6000000000000085,0.0,0,DETERIORATING,DETERIORATING,STABLE
STU0620,Student 620,Engineering College A,Electrical,B.Tech,2,1,2023,0,Fall 2025,2.8,2.82,0,0,99.9,97.4,100.0,100.0,45,49,-0.020000000000000018,2.5,0.0,-4,STABLE,IMPROVING,STABLE
STU0621,Student 621,Engineering College A,Business,B.Tech,1,2,2023,0,Fall 2025,2.05,1.41,0,0,87.0,69.5,75.6,81.5,36,27,0.6399999999999999,17.5,-5.900000000000006,9,IMPROVING,IMPROVING,DETERIORATING
STU0622,Student 622,Engineering College A,Electrical,B.Tech,1,1,2023,0,Fall 2025,3.23,3.24,0,0,82.0,85.1,62.1,54.3,48,57,-0.010000000000000231,-3.0999999999999943,7.800000000000004,-9,STABLE,DETERIORATING,IMPROVING
STU0623,Student 623,Engineering College A,Business,B.Tech,4,2,2023,1,Fall 2025,3.48,3.22,0,0,79.9,79.4,72.4,72.7,61,63,0.2599999999999998,0.5,-0.29999999999999716,-2,IMPROVING,STABLE,STABLE
STU0624,Student 624,Engineering College A,Computer Science,B.Tech,4,2,2023,0,Fall 2025,2.01,2.2,2,0,86.6,82.3,66.7,81.4,48,46,-0.1900000000000004,4.299999999999997,-14.700000000000003,2,DETERIORATING,IMPROVING,DETERIORATING
STU0625,Student 625,Engineering College A,Computer Science,B.Tech,1,1,2023,0,Fall 2025,3.13,2.5,1,0,96.1,86.6,81.6,83.5,13,27,0.6299999999999999,9.5,-1.9000000000000057,-14,IMPROVING,IMPROVING,STABLE
STU0626,Student 626,Engineering College A,Business,B.Tech,3,2,2023,0,Fall 2025,3.81,3.54,1,0,95.3,96.0,91.5,97.8,47,47,0.27,-0.7000000000000028,-6.299999999999997,0,IMPROVING,STABLE,DETERIORATING
STU0627,Student 627,Engineering College A,Business,B.Tech,4,2,2023,0,Fall 2025,2.87,3.0,0,0,97.9,100.0,56.2,63.6,54,51,-0.1299999999999999,-2.0999999999999943,-7.399999999999999,3,DETERIORATING,DETERIORATING,DETERIORATING
STU0628,Student 628,Engineering College A,Electrical,B.Tech,1,2,2023,1,Fall 2025,1.52,1.65,0,0,78.6,80.8,85.1,100.0,41,53,-0.1299999999999999,-2.200000000000003,-14.900000000000006,-12,DETERIORATING,DETERIORATING,DETERIORATING
STU0629,Student 629,Engineering College A,Business,B.Tech,4,1,2023,0,Fall 2025,3.63,3.41,0,1,92.4,93.5,47.4,60.6,16,20,0.21999999999999975,-1.0999999999999943,-13.200000000000003,-4,IMPROVING,STABLE,DETERIORATING
STU0630,Student 630,Engineering College A,Mechanical,B.Tech,1,2,2023,0,Fall 2025,2.68,2.37,0,1,92.7,83.3,69.4,75.3,28,43,0.31000000000000005,9.400000000000006,-5.8999999999999915,-15,IMPROVING,IMPROVING,DETERIORATING
STU0631,Student 631,Engineering College A,Computer Science,B.Tech,4,2,2023,0,Fall 2025,2.85,2.94,0,0,60.0,60.8,94.6,87.7,64,74,-0.08999999999999986,-0.7999999999999972,6.8999999999999915,-10,STABLE,STABLE,IMPROVING
STU0632,Student 632,Engineering College A,Computer Science,B.Tech,4,1,2023,1,Fall 2025,1.86,2.5,2,1,53.7,69.6,67.8,83.7,25,50,-0.6399999999999999,-15.899999999999991,-15.900000000000006,-25,DETERIORATING,DETERIORATING,DETERIORATING
STU0633,Student 633,Engineering College A,Business,B.Tech,2,2,2023,0,Fall 2025,2.24,2.26,0,0,99.8,100.0,53.9,63.0,59,54,-0.019999999999999574,-0.20000000000000284,-9.100000000000001,5,STABLE,STABLE,DETERIORATING
STU0634,Student 634,Engineering College A,Civil,B.Tech,1,2,2023,0,Fall 2025,3.74,3.71,0,0,75.5,79.8,70.8,84.2,25,32,0.03000000000000025,-4.299999999999997,-13.400000000000006,-7,STABLE,DETERIORATING,DETERIORATING
STU0635,Student 635,Engineering College A,Civil,B.Tech,1,2,2023,0,Fall 2025,2.58,2.5,0,0,64.3,81.6,81.2,67.5,36,40,0.08000000000000007,-0.9000000000000057,13.700000000000003,-4,STABLE,UNKNOWN,IMPROVING
STU0636,Student 636,Engineering College A,Business,B.Tech,1,1,2023,0,Fall 2025,3.35,3.18,0,0,67.0,69.6,61.0,75.9,36,25,0.16999999999999993,-2.5999999999999943,-14.900000000000006,11,IMPROVING,DETERIORATING,DETERIORATING
STU0637,Student 637,Engineering College A,Mechanical,B.Tech,1,2,2023,0,Fall 2025,2.88,2.8,1,0,67.3,71.5,79.5,66.0,56,53,0.08000000000000007,-4.200000000000003,13.5,3,STABLE,DETERIORATING,IMPROVING
STU0638,Student 638,Engineering College A,Civil,B.Tech,4,1,2023,0,Fall 2025,2.65,2.76,0,0,82.6,86.4,89.6,82.9,34,33,-0.10999999999999988,-3.8000000000000114,6.699999999999989,1,DETERIORATING,DETERIORATING,IMPROVING
STU0639,Student 639,Engineering College A,Business,B.Tech,2,2,2023,0,Fall 2025,3.31,3.16,0,0,77.0,77.1,82.4,70.8,65,74,0.1499999999999999,-0.09999999999999432,11.600000000000009,-9,IMPROVING,STABLE,IMPROVING
STU0640,Student 640,Engineering College A,Mechanical,B.Tech,2,2,2023,1,Fall 2025,2.74,2.63,0,0,81.9,83.1,45.9,46.4,38,28,0.11000000000000032,-1.1999999999999886,-0.5,10,IMPROVING,STABLE,STABLE
STU0641,Student 641,Engineering College A,Mechanical,B.Tech,3,2,2023,0,Fall 2025,3.68,3.38,0,0,92.1,95.2,89.1,86.5,43,33,0.30000000000000027,-3.1000000000000085,2.5999999999999943,10,IMPROVING,DETERIORATING,STABLE
STU0642,Student 642,Engineering College A,Electrical,B.Tech,1,2,2023,0,Fall 2025,2.96,3.11,0,0,77.0,79.4,60.8,68.0,63,64,-0.1499999999999999,-2.4000000000000057,-7.200000000000003,-1,DETERIORATING,DETERIORATING,DETERIORATING
STU0643,Student 643,Engineering College A,Mechanical,B.Tech,3,1,2023,0,Fall 2025,3.54,3.51,0,0,82.9,85.9,79.7,78.0,54,62,0.03000000000000025,-3.0,1.7000000000000028,-8,STABLE,DETERIORATING,STABLE
STU0644,Student 644,Engineering College A,Civil,B.Tech,4,2,2023,0,Fall 2025,2.23,1.55,0,0,87.5,81.6,50.8,64.2,10,0,0.6799999999999999,-0.9000000000000057,-13.400000000000006,10,IMPROVING,UNKNOWN,DETERIORATING
STU0645,Student 645,Engineering College A,Civil,B.Tech,3,1,2023,0,Fall 2025,4.0,3.92,0,0,73.5,73.1,83.2,80.6,44,55,0.08000000000000007,0.4000000000000057,2.6000000000000085,-11,STABLE,STABLE,STABLE
STU0646,Student 646,Engineering College A,Business,B.Tech,1,2,2023,1,Fall 2025,2.73,3.18,3,2,68.2,77.0,60.9,74.6,66,86,-0.4500000000000002,-8.799999999999997,-13.699999999999996,-20,DETERIORATING,DETERIORATING,DETERIORATING
STU0647,Student 647,Engineering College A,Business,B.Tech,2,1,2023,0,Fall 2025,2.53,2.51,0,0,75.9,74.3,91.1,92.9,63,58,0.020000000000000018,1.6000000000000085,-1.8000000000000114,5,STABLE,STABLE,STABLE
STU0648,Student 648,Engineering College A,Mechanical,B.Tech,2,2,2023,0,Fall 2025,3.43,3.43,0,0,90.7,92.9,55.4,63.6,62,53,0.0,-2.200000000000003,-8.200000000000003,9,STABLE,DETERIORATING,DETERIORATING
STU0649,Student 649,Engineering College A,Computer Science,B.Tech,1,2,2023,0,Fall 2025,2.62,3.01,0,0,66.9,81.8,90.8,86.2,24,33,-0.3899999999999997,-14.899999999999991,4.599999999999994,-9,DETERIORATING,DETERIORATING,STABLE
STU0650,Student 650,Engineering College A,Electrical,B.Tech,4,1,2023,0,Fall 2025,3.28,3.48,0,0,62.7,75.0,80.9,73.3,10,0,-0.20000000000000018,-12.299999999999997,7.6000000000000085,10,DETERIORATING,DETERIORATING,IMPROVING
STU0651,Student 651,Engineering College A,Computer Science,B.Tech,1,1,2023,0,Fall 2025,3.53,3.35,0,2,100.0,97.7,100.0,100.0,50,42,0.17999999999999972,2.299999999999997,0.0,8,IMPROVING,IMPROVING,STABLE
STU0652,Student 652,Engineering College A,Mechanical,B.Tech,4,1,2023,0,Fall 2025,4.0,3.91,0,0,69.0,66.2,98.5,93.3,54,61,0.08999999999999986,2.799999999999997,5.200000000000003,-7,STABLE,IMPROVING,IMPROVING
STU0653,Student 653,Engineering College A,Mechanical,B.Tech,2,1,2023,0,Fall 2025,1.87,2.03,0,0,84.0,79.8,63.9,62.9,32,36,-0.1599999999999997,4.200000000000003,1.0,-4,DETERIORATING,IMPROVING,STABLE
STU0654,Student 654,Engineering College A,Computer Science,B.Tech,4,2,2023,0,Fall 2025,2.92,2.88,1,0,80.4,81.3,74.9,71.7,44,46,0.040000000000000036,-0.8999999999999915,3.200000000000003,-2,STABLE,STABLE,STABLE
STU0655,Student 655,Engineering College A,Electrical,B.Tech,1,1,2023,0,Fall 2025,3.25,3.38,2,0,85.8,85.7,66.4,71.8,31,34,-0.1299999999999999,0.09999999999999432,-5.3999999999999915,-3,DETERIORATING,STABLE,DETERIORATING
STU0656,Student 656,Engineering College A,Computer Science,B.Tech,1,1,2023,0,Fall 2025,2.19,2.45,0,0,77.5,83.1,79.1,82.5,10,5,-0.26000000000000023,-5.599999999999994,-3.4000000000000057,5,DETERIORATING,DETERIORATING,STABLE
STU0657,Student 657,Engineering College A,Business,B.Tech,1,1,2023,0,Fall 2025,3.26,2.96,0,0,71.7,73.0,66.4,58.0,76,82,0.2999999999999998,-1.2999999999999972,8.400000000000006,-6,IMPROVING,STABLE,IMPROVING
STU0658,Student 658,Engineering College A,Civil,B.Tech,4,2,2023,1,Fall 2025,3.74,3.49,0,0,80.5,78.5,55.1,65.7,64,53,0.25,2.0,-10.600000000000001,11,IMPROVING,STABLE,DETERIORATING
STU0659,Student 659,Engineering College A,Business,B.Tech,4,2,2023,0,Fall 2025,3.75,3.71,1,0,87.4,83.1,28.6,36.4,79,86,0.040000000000000036,4.300000000000011,-7.799999999999997,-7,STABLE,IMPROVING,DETERIORATING
STU0660,Student 660,Engineering College A,Civil,B.Tech,4,2,2023,0,Fall 2025,4.0,3.95,0,0,89.9,93.5,97.0,100.0,33,46,0.04999999999999982,-3.5999999999999943,-3.0,-13,STABLE,DETERIORATING,STABLE
STU0661,Student 661,Engineering College A,Mechanical,B.Tech,2,2,2023,0,Fall 2025,3.45,3.45,0,1,86.2,82.9,90.6,100.0,27,26,0.0,3.299999999999997,-9.400000000000006,1,STABLE,IMPROVING,DETERIORATING
STU0662,Student 662,Engineering College A,Electrical,B.Tech,3,1,2023,0,Fall 2025,2.28,3.01,0,2,70.7,94.3,32.5,59.9,69,77,-0.73,-23.599999999999994,-27.4,-8,DETERIORATING,DETERIORATING,DETERIORATING
STU0663,Student 663,Engineering College A,Computer Science,B.Tech,3,2,2023,0,Fall 2025,3.21,2.91,0,0,87.3,87.8,100.0,100.0,55,47,0.2999999999999998,-0.5,0.0,8,IMPROVING,STABLE,STABLE
STU0664,Student 664,Engineering College A,Electrical,B.Tech,1,1,2023,0,Fall 2025,2.41,1.92,0,0,100.0,96.1,80.1,74.4,40,27,0.4900000000000002,3.9000000000000057,5.699999999999989,13,IMPROVING,IMPROVING,IMPROVING
STU0665,Student 665,Engineering College A,Computer Science,B.Tech,2,2,2023,1,Fall 2025,3.4,3.15,2,0,74.6,71.7,88.1,79.7,70,58,0.25,2.8999999999999915,8.399999999999991,12,IMPROVING,IMPROVING,IMPROVING
STU0666,Student 666,Engineering College A,Business,B.Tech,4,1,2023,0,Fall 2025,3.76,3.91,0,0,83.1,80.8,58.0,63.4,37,45,-0.15000000000000036,2.299999999999997,-5.399999999999999,-8,DETERIORATING,IMPROVING,DETERIORATING
STU0667,Student 667,Engineering College A,Business,B.Tech,1,1,2023,0,Fall 2025,3.88,4.0,0,0,100.0,98.6,64.1,57.8,52,62,-0.1200000000000001,1.4000000000000057,6.299999999999997,-10,DETERIORATING,STABLE,IMPROVING
STU0668,Student 668,Engineering College A,Computer Science,B.Tech,2,1,2023,1,Fall 2025,2.41,2.6,0,0,72.6,73.7,81.9,94.6,27,28,-0.18999999999999995,-1.1000000000000085,-12.699999999999989,-1,DETERIORATING,STABLE,DETERIORATING
STU0669,Student 669,Engineering College A,Electrical,B.Tech,1,1,2023,0,Fall 2025,3.0,2.5,0,0,91.8,80.4,73.5,71.5,44,31,0.5,11.399999999999991,2.0,13,IMPROVING,IMPROVING,STABLE
STU0670,Student 670,Engineering College A,Computer Science,B.Tech,2,1,2023,0,Fall 2025,3.45,3.33,0,0,84.1,83.6,81.9,77.9,61,50,0.1200000000000001,0.5,4.0,11,IMPROVING,STABLE,STABLE
STU0671,Student 671,Engineering College A,Mechanical,B.Tech,2,2,2023,0,Fall 2025,3.89,2.91,0,0,74.8,75.0,57.7,48.0,10,3,0.0,-0.20000000000000284,9.700000000000003,7,UNKNOWN,STABLE,IMPROVING
STU0672,Student 672,Engineering College A,Business,B.Tech,3,1,2023,1,Fall 2025,2.5,2.46,3,1,60.0,97.6,77.4,83.9,0,14,0.040000000000000036,-37.599999999999994,-6.5,-14,STABLE,DETERIORATING,DETERIORATING
STU0673,Student 673,Engineering College A,Mechanical,B.Tech,1,1,2023,0,Fall 2025,2.63,2.99,0,0,86.1,92.4,84.8,84.6,44,44,-0.3600000000000003,-6.300000000000011,0.20000000000000284,0,DETERIORATING,DETERIORATING,STABLE
STU0674,Student 674,Engineering College A,Business,B.Tech,4,1,2023,0,Fall 2025,2.46,2.62,0,0,87.4,86.2,93.4,100.0,81,81,-0.16000000000000014,1.2000000000000028,-6.599999999999994,0,DETERIORATING,STABLE,DETERIORATING
STU0675,Student 675,Engineering College A,Business,B.Tech,3,1,2023,1,Fall 2025,2.43,1.51,0,0,80.9,70.5,71.7,84.8,63,60,0.9200000000000002,10.400000000000006,-13.099999999999994,3,IMPROVING,IMPROVING,DETERIORATING
STU0676,Student 676,Engineering College A,Civil,B.Tech,3,2,2023,1,Fall 2025,1.75,2.39,1,0,79.2,92.6,53.7,83.0,18,38,-0.6400000000000001,-13.399999999999991,-29.299999999999997,-20,DETERIORATING,DETERIORATING,DETERIORATING
STU0677,Student 677,Engineering College A,Mechanical,B.Tech,4,2,2023,0,Fall 2025,3.11,3.14,0,1,85.6,81.6,63.0,68.2,39,47,-0.03000000000000025,-0.9000000000000057,-5.200000000000003,-8,STABLE,UNKNOWN,DETERIORATING
STU0678,Student 678,Engineering College A,Mechanical,B.Tech,2,1,2023,0,Fall 2025,3.5,3.66,0,0,64.2,70.7,70.5,69.3,57,54,-0.16000000000000014,-6.5,1.2000000000000028,3,DETERIORATING,DETERIORATING,STABLE
STU0679,Student 679,Engineering College A,Civil,B.Tech,4,1,2023,1,Fall 2025,3.0,3.42,3,1,69.3,81.0,45.4,58.0,14,28,-0.41999999999999993,-11.700000000000003,-12.600000000000001,-14,DETERIORATING,DETERIORATING,DETERIORATING
STU0680,Student 680,Engineering College A,Electrical,B.Tech,1,1,2023,1,Fall 2025,2.2,3.46,3,0,79.3,93.1,70.5,84.8,16,36,-1.2599999999999998,-13.799999999999997,-14.299999999999997,-20,DETERIORATING,DETERIORATING,DETERIORATING
STU0681,Student 681,Engineering College A,Mechanical,B.Tech,4,1,2023,1,Fall 2025,1.87,1.54,0,0,100.0,100.0,82.3,72.9,24,29,0.33000000000000007,0.0,9.399999999999991,-5,IMPROVING,STABLE,IMPROVING
STU0682,Student 682,Engineering College A,Computer Science,B.Tech,2,2,2023,0,Fall 2025,2.87,2.44,1,0,83.6,75.8,100.0,99.0,62,56,0.43000000000000016,7.799999999999997,1.0,6,IMPROVING,IMPROVING,STABLE
STU0683,Student 683,Engineering College A,Civil,B.Tech,4,2,2023,0,Fall 2025,3.59,3.78,0,0,70.1,72.7,73.4,79.9,17,29,-0.18999999999999995,-2.6000000000000085,-6.5,-12,DETERIORATING,DETERIORATING,DETERIORATING
STU0684,Student 684,Engineering College A,Mechanical,B.Tech,2,1,2023,0,Fall 2025,2.95,2.5,0,0,95.0,78.5,57.1,43.0,43,30,0.4500000000000002,16.5,14.100000000000001,13,IMPROVING,IMPROVING,IMPROVING
STU0685,Student 685,Engineering College A,Electrical,B.Tech,2,1,2023,1,Fall 2025,2.11,2.4,0,2,58.8,81.4,77.6,86.7,51,58,-0.29000000000000004,-22.60000000000001,-9.100000000000009,-7,DETERIORATING,DETERIORATING,DETERIORATING
STU0686,Student 686,Engineering College A,Mechanical,B.Tech,1,1,2023,0,Fall 2025,2.13,1.75,0,0,87.9,70.6,74.1,82.0,95,90,0.3799999999999999,17.30000000000001,-7.900000000000006,5,IMPROVING,IMPROVING,DETERIORATING
STU0687,Student 687,Engineering College A,Business,B.Tech,4,1,2023,0,Fall 2025,2.36,2.44,0,0,87.4,90.5,56.2,70.9,22,23,-0.08000000000000007,-3.0999999999999943,-14.700000000000003,-1,STABLE,DETERIORATING,DETERIORATING
STU0688,Student 688,Engineering College A,Computer Science,B.Tech,4,1,2023,0,Fall 2025,2.84,2.94,0,0,59.8,81.6,83.5,88.3,77,63,-0.10000000000000009,-0.9000000000000057,-4.799999999999997,14,DETERIORATING,UNKNOWN,STABLE
STU0689,Student 689,Engineering College A,Civil,B.Tech,1,2,2023,0,Fall 2025,1.86,2.2,0,0,56.3,65.9,72.9,85.2,72,58,-0.3400000000000001,-9.600000000000009,-12.299999999999997,14,DETERIORATING,DETERIORATING,DETERIORATING
STU0690,Student 690,Engineering College A,Business,B.Tech,2,2,2023,0,Fall 2025,2.59,2.07,0,0,61.0,55.3,79.9,66.2,48,35,0.52,5.700000000000003,13.700000000000003,13,IMPROVING,IMPROVING,IMPROVING
STU0691,Student 691,Engineering College A,Electrical,B.Tech,4,1,2023,0,Fall 2025,1.81,1.86,0,0,67.2,64.2,84.1,84.7,47,43,-0.050000000000000044,3.0,-0.6000000000000085,4,STABLE,IMPROVING,STABLE
STU0692,Student 692,Engineering College A,Business,B.Tech,1,2,2023,0,Fall 2025,2.11,1.97,0,0,89.9,85.4,52.1,48.3,47,58,0.1399999999999999,4.5,3.8000000000000043,-11,IMPROVING,IMPROVING,STABLE
STU0693,Student 693,Engineering College A,Business,B.Tech,2,2,2023,0,Fall 2025,3.69,3.43,0,0,77.8,82.6,93.5,94.3,45,33,0.2599999999999998,-4.799999999999997,-0.7999999999999972,12,IMPROVING,DETERIORATING,STABLE
STU0694,Student 694,Engineering College A,Electrical,B.Tech,1,2,2023,0,Fall 2025,2.82,2.91,1,0,67.2,68.5,100.0,100.0,52,59,-0.0900000000000003,-1.2999999999999972,0.0,-7,STABLE,STABLE,STABLE
STU0695,Student 695,Engineering College A,Business,B.Tech,4,1,2023,0,Fall 2025,2.83,2.5,0,0,88.9,83.1,85.0,88.1,30,20,0.33000000000000007,5.800000000000011,-3.0999999999999943,10,IMPROVING,IMPROVING,STABLE
STU0696,Student 696,Engineering College A,Civil,B.Tech,1,2,2023,0,Fall 2025,2.41,2.37,0,0,89.1,84.4,95.9,84.6,59,55,0.040000000000000036,4.699999999999989,11.300000000000011,4,STABLE,IMPROVING,IMPROVING
STU0697,Student 697,Engineering College A,Mechanical,B.Tech,3,2,2023,0,Fall 2025,1.88,1.87,0,0,95.8,98.2,73.9,66.0,11,11,0.009999999999999787,-2.4000000000000057,7.900000000000006,0,STABLE,DETERIORATING,IMPROVING
STU0698,Student 698,Engineering College A,Business,B.Tech,2,1,2023,0,Fall 2025,3.47,3.19,0,0,85.1,87.6,69.9,84.6,39,41,0.28000000000000025,-2.5,-14.699999999999989,-2,IMPROVING,DETERIORATING,DETERIORATING
STU0699,Student 699,Engineering College A,Civil,B.Tech,3,2,2023,1,Fall 2025,3.11,3.28,0,0,88.3,86.9,44.2,57.3,13,6,-0.16999999999999993,1.3999999999999915,-13.099999999999994,7,DETERIORATING,STABLE,DETERIORATING
STU0700,Student 700,Engineering College A,Mechanical,B.Tech,3,1,2023,0,Fall 2025,2.08,2.2,0,0,86.2,84.0,89.2,98.6,46,39,-0.1200000000000001,2.200000000000003,-9.399999999999991,7,DETERIORATING,IMPROVING,DETERIORATING
STU0701,Student 701,Engineering College A,Mechanical,B.Tech,2,2,2023,0,Fall 2025,3.46,3.28,0,0,93.5,91.3,100.0,100.0,60,51,0.18000000000000016,2.200000000000003,0.0,9,IMPROVING,IMPROVING,STABLE
STU0702,Student 702,Engineering College A,Business,B.Tech,2,1,2023,0,Fall 2025,4.0,4.0,2,0,80.0,79.2,62.8,72.4,61,57,0.0,0.7999999999999972,-9.600000000000009,4,STABLE,STABLE,DETERIORATING
STU0703,Student 703,Engineering College A,Civil,B.Tech,1,1,2023,0,Fall 2025,2.29,2.52,0,1,84.4,90.0,78.4,79.1,59,66,-0.22999999999999998,-5.599999999999994,-0.6999999999999886,-7,DETERIORATING,DETERIORATING,STABLE
STU0704,Student 704,Engineering College A,Business,B.Tech,2,2,2023,0,Fall 2025,2.73,2.03,2,0,100.0,86.1,92.6,100.0,48,39,0.7000000000000002,13.900000000000006,-7.400000000000006,9,IMPROVING,IMPROVING,DETERIORATING
STU0705,Student 705,Engineering College A,Electrical,B.Tech,3,2,2023,0,Fall 2025,3.72,4.0,1,0,89.0,94.6,100.0,91.4,61,56,-0.2799999999999998,-5.599999999999994,8.599999999999994,5,DETERIORATING,DETERIORATING,IMPROVING
STU0706,Student 706,Engineering College A,Mechanical,B.Tech,3,1,2023,1,Fall 2025,3.43,4.0,1,0,63.2,86.0,56.7,72.3,42,56,-0.5699999999999998,-22.799999999999997,-15.599999999999994,-14,DETERIORATING,DETERIORATING,DETERIORATING
STU0707,Student 707,Engineering College A,Business,B.Tech,4,1,2023,0,Fall 2025,3.77,3.52,1,0,100.0,100.0,98.8,85.7,68,57,0.25,0.0,13.099999999999994,11,IMPROVING,STABLE,IMPROVING
STU0708,Student 708,Engineering College A,Mechanical,B.Tech,2,2,2023,0,Fall 2025,2.32,2.35,1,0,85.7,86.0,99.7,94.3,45,33,-0.03000000000000025,-0.29999999999999716,5.400000000000006,12,STABLE,STABLE,IMPROVING
STU0709,Student 709,Engineering College A,Civil,B.Tech,3,2,2023,0,Fall 2025,2.58,2.91,0,0,59.1,65.4,64.6,69.0,28,27,-0.33000000000000007,-6.300000000000004,-4.400000000000006,1,DETERIORATING,DETERIORATING,STABLE
STU0710,Student 710,Engineering College A,Computer Science,B.Tech,4,2,2023,0,Fall 2025,2.69,2.83,0,0,67.3,69.2,79.1,81.5,31,42,-0.14000000000000012,-1.9000000000000057,-2.4000000000000057,-11,DETERIORATING,STABLE,STABLE
STU0711,Student 711,Engineering College A,Business,B.Tech,4,2,2023,0,Fall 2025,2.99,2.73,2,0,84.6,82.3,78.1,68.7,48,37,0.26000000000000023,2.299999999999997,9.399999999999991,11,IMPROVING,IMPROVING,IMPROVING
STU0712,Student 712,Engineering College A,Business,B.Tech,1,1,2023,0,Fall 2025,2.57,2.86,0,0,50.5,62.7,97.3,97.4,53,56,-0.29000000000000004,-12.200000000000003,-0.10000000000000853,-3,DETERIORATING,DETERIORATING,STABLE
STU0713,Student 713,Engineering College A,Mechanical,B.Tech,3,1,2023,0,Fall 2025,2.38,2.43,0,0,100.0,98.0,61.4,67.3,37,51,-0.050000000000000266,2.0,-5.899999999999999,-14,STABLE,STABLE,DETERIORATING
STU0714,Student 714,Engineering College A,Civil,B.Tech,1,1,2023,0,Fall 2025,2.59,2.86,0,0,88.5,95.2,50.6,56.0,66,69,-0.27,-6.700000000000003,-5.399999999999999,-3,DETERIORATING,DETERIORATING,DETERIORATING
STU0715,Student 715,Engineering College A,Electrical,B.Tech,3,2,2023,0,Fall 2025,3.27,2.44,0,0,100.0,94.7,65.8,67.6,82,68,0.8300000000000001,5.299999999999997,-1.7999999999999972,14,IMPROVING,IMPROVING,STABLE
STU0716,Student 716,Engineering College A,Civil,B.Tech,1,2,2023,0,Fall 2025,3.05,3.62,3,2,57.2,68.8,47.6,74.6,45,53,-0.5700000000000003,-11.599999999999994,-26.999999999999993,-8,DETERIORATING,DETERIORATING,DETERIORATING
STU0717,Student 717,Engineering College A,Business,B.Tech,1,1,2023,0,Fall 2025,2.35,2.6,0,0,59.3,71.0,59.9,68.2,46,54,-0.25,-11.700000000000003,-8.300000000000004,-8,DETERIORATING,DETERIORATING,DETERIORATING
STU0718,Student 718,Engineering College A,Electrical,B.Tech,2,1,2023,0,Fall 2025,2.0,2.91,1,1,64.9,91.4,44.6,69.3,72,83,0.0,-26.5,-24.699999999999996,-11,UNKNOWN,DETERIORATING,DETERIORATING
STU0719,Student 719,Engineering College A,Civil,B.Tech,1,1,2023,0,Fall 2025,1.91,1.91,0,0,70.5,74.6,85.2,88.2,17,26,0.0,-4.099999999999994,-3.0,-9,STABLE,DETERIORATING,STABLE
STU0720,Student 720,Engineering College A,Computer Science,B.Tech,2,1,2023,0,Fall 2025,2.65,2.76,0,0,65.3,77.2,56.7,63.8,44,58,-0.10999999999999988,-11.900000000000006,-7.099999999999994,-14,DETERIORATING,DETERIORATING,DETERIORATING
STU0721,Student 721,Engineering College A,Mechanical,B.Tech,4,1,2023,1,Fall 2025,2.48,2.62,2,0,57.1,66.1,58.2,74.3,31,56,-0.14000000000000012,-8.999999999999993,-16.099999999999994,-25,DETERIORATING,DETERIORATING,DETERIORATING
STU0722,Student 722,Engineering College A,Civil,B.Tech,3,1,2023,0,Fall 2025,3.46,3.45,0,0,77.7,75.5,91.7,89.9,75,61,0.009999999999999787,2.200000000000003,1.7999999999999972,14,STABLE,IMPROVING,STABLE
STU0723,Student 723,Engineering College A,Civil,B.Tech,4,2,2023,1,Fall 2025,2.8,3.25,0,0,56.5,63.1,65.7,75.5,24,24,-0.4500000000000002,-6.600000000000001,-9.799999999999997,0,DETERIORATING,DETERIORATING,DETERIORATING
STU0724,Student 724,Engineering College A,Computer Science,B.Tech,3,1,2023,1,Fall 2025,3.36,2.4,0,0,89.9,82.9,67.8,67.5,10,23,0.96,7.0,0.29999999999999716,-13,IMPROVING,IMPROVING,STABLE
STU0725,Student 725,Engineering College A,Business,B.Tech,4,1,2023,0,Fall 2025,3.8,3.73,1,0,74.0,77.6,51.8,56.5,52,52,0.06999999999999984,-3.5999999999999943,-4.700000000000003,0,STABLE,DETERIORATING,STABLE
STU0726,Student 726,Engineering College A,Mechanical,B.Tech,3,1,2023,0,Fall 2025,3.42,3.5,0,0,95.9,100.0,81.1,80.1,83,72,-0.08000000000000007,-4.099999999999994,1.0,11,STABLE,DETERIORATING,STABLE
STU0727,Student 727,Engineering College A,Civil,B.Tech,1,1,2023,0,Fall 2025,2.9,2.72,0,0,60.0,60.2,71.7,67.2,45,38,0.17999999999999972,-0.20000000000000284,4.5,7,IMPROVING,STABLE,STABLE
STU0728,Student 728,Engineering College A,Electrical,B.Tech,3,1,2023,0,Fall 2025,2.13,1.86,0,0,82.0,72.3,72.9,68.1,28,32,0.2699999999999998,9.700000000000003,4.800000000000011,-4,IMPROVING,IMPROVING,STABLE
STU0729,Student 729,Engineering College A,Civil,B.Tech,3,1,2023,1,Fall 2025,2.97,2.5,0,0,98.2,79.2,63.9,75.3,46,61,0.4700000000000002,19.0,-11.399999999999999,-15,IMPROVING,IMPROVING,DETERIORATING
STU0730,Student 730,Engineering College A,Mechanical,B.Tech,4,1,2023,0,Fall 2025,2.71,2.59,0,0,100.0,100.0,58.5,70.5,10,4,0.1200000000000001,0.0,-12.0,6,IMPROVING,STABLE,DETERIORATING
STU0731,Student 731,Engineering College A,Civil,B.Tech,4,2,2023,0,Fall 2025,3.7,3.53,0,0,84.0,81.9,60.7,71.1,33,47,0.17000000000000037,2.0999999999999943,-10.399999999999991,-14,IMPROVING,IMPROVING,DETERIORATING
STU0732,Student 732,Engineering College A,Computer Science,B.Tech,4,1,2023,0,Fall 2025,3.12,2.95,0,0,68.8,68.6,69.8,84.4,41,41,0.16999999999999993,0.20000000000000284,-14.600000000000009,0,IMPROVING,STABLE,DETERIORATING
STU0733,Student 733,Engineering College A,Civil,B.Tech,2,2,2023,0,Fall 2025,2.92,2.87,0,0,80.5,82.4,100.0,87.4,32,31,0.04999999999999982,-1.9000000000000057,12.599999999999994,1,STABLE,STABLE,IMPROVING
STU0734,Student 734,Engineering College A,Civil,B.Tech,2,2,2023,1,Fall 2025,3.55,3.67,0,0,64.1,68.5,59.3,48.6,67,66,-0.1200000000000001,-4.400000000000006,10.699999999999996,1,DETERIORATING,DETERIORATING,IMPROVING
STU0735,Student 735,Engineering College A,Electrical,B.Tech,3,2,2023,0,Fall 2025,2.78,2.58,0,0,78.9,79.4,90.1,82.1,51,66,0.19999999999999973,-0.5,8.0,-15,IMPROVING,STABLE,IMPROVING
STU0736,Student 736,Engineering College A,Computer Science,B.Tech,3,1,2023,1,Fall 2025,1.7,3.61,0,1,50.2,73.2,83.3,90.7,55,75,-1.91,-23.0,-7.400000000000006,-20,DETERIORATING,DETERIORATING,DETERIORATING
STU0737,Student 737,Engineering College A,Computer Science,B.Tech,1,1,2023,0,Fall 2025,2.84,2.86,0,0,71.8,76.0,83.5,84.6,67,57,-0.020000000000000018,-4.200000000000003,-1.0999999999999943,10,STABLE,DETERIORATING,STABLE
STU0738,Student 738,Engineering College A,Civil,B.Tech,1,1,2023,0,Fall 2025,3.7,4.0,0,0,80.4,88.6,74.9,63.0,25,40,-0.2999999999999998,-8.199999999999989,11.900000000000006,-15,DETERIORATING,DETERIORATING,IMPROVING
STU0739,Student 739,Engineering College A,Electrical,B.Tech,3,1,2023,0,Fall 2025,3.5,3.35,0,0,93.4,89.8,85.9,89.5,62,49,0.1499999999999999,3.6000000000000085,-3.5999999999999943,13,IMPROVING,IMPROVING,STABLE
STU0740,Student 740,Engineering College A,Civil,B.Tech,2,1,2023,0,Fall 2025,2.82,2.5,0,0,93.1,73.5,67.7,71.7,81,78,0.31999999999999984,19.599999999999994,-4.0,3,IMPROVING,IMPROVING,STABLE
STU0741,Student 741,Engineering College A,Civil,B.Tech,3,1,2023,0,Fall 2025,3.81,3.67,0,0,94.2,89.2,72.2,67.2,29,37,0.14000000000000012,5.0,5.0,-8,IMPROVING,IMPROVING,STABLE
STU0742,Student 742,Engineering College A,Mechanical,B.Tech,1,1,2023,0,Fall 2025,2.81,2.91,0,0,77.3,74.1,87.8,80.4,56,46,-0.10000000000000009,3.200000000000003,7.3999999999999915,10,DETERIORATING,IMPROVING,IMPROVING
STU0743,Student 743,Engineering College A,Mechanical,B.Tech,2,1,2023,0,Fall 2025,2.52,2.31,0,0,90.2,91.0,100.0,99.4,43,45,0.20999999999999996,-0.7999999999999972,0.5999999999999943,-2,IMPROVING,STABLE,STABLE
STU0744,Student 744,Engineering College A,Electrical,B.Tech,2,1,2023,0,Fall 2025,3.12,2.27,2,0,100.0,87.6,85.1,100.0,11,25,0.8500000000000001,12.400000000000006,-14.900000000000006,-14,IMPROVING,IMPROVING,DETERIORATING
STU0745,Student 745,Engineering College A,Business,B.Tech,1,1,2023,0,Fall 2025,2.8,1.81,0,0,99.3,90.1,70.2,75.8,65,53,0.9899999999999998,9.200000000000003,-5.599999999999994,12,IMPROVING,IMPROVING,DETERIORATING
STU0746,Student 746,Engineering College A,Mechanical,B.Tech,3,2,2023,1,Fall 2025,2.19,2.38,1,1,84.4,93.2,69.6,80.7,34,54,-0.18999999999999995,-8.799999999999997,-11.100000000000009,-20,DETERIORATING,DETERIORATING,DETERIORATING
STU0747,Student 747,Engineering College A,Business,B.Tech,4,1,2023,0,Fall 2025,3.21,3.41,0,0,65.0,79.0,59.9,53.1,60,53,-0.20000000000000018,-14.0,6.799999999999997,7,DETERIORATING,DETERIORATING,IMPROVING
STU0748,Student 748,Engineering College A,Computer Science,B.Tech,3,1,2023,0,Fall 2025,2.94,3.25,0,0,73.0,86.7,63.8,60.0,13,11,-0.31000000000000005,-13.700000000000003,3.799999999999997,2,DETERIORATING,DETERIORATING,STABLE
STU0749,Student 749,Engineering College A,Mechanical,B.Tech,3,1,2023,1,Fall 2025,3.31,2.91,2,1,71.8,82.7,78.2,99.2,55,62,0.0,-10.900000000000006,-21.0,-7,UNKNOWN,DETERIORATING,DETERIORATING
STU0750,Student 750,Engineering College A,Mechanical,B.Tech,1,2,2023,0,Fall 2025,2.86,2.56,0,0,62.8,64.8,77.2,70.1,42,41,0.2999999999999998,-2.0,7.1000000000000085,1,IMPROVING,STABLE,IMPROVING
STU0751,Student 751,Engineering College A,Electrical,B.Tech,2,1,2023,0,Fall 2025,3.49,3.4,0,0,76.0,74.0,63.9,67.3,35,36,0.0900000000000003,2.0,-3.3999999999999986,-1,STABLE,STABLE,STABLE
STU0752,Student 752,Engineering College A,Business,B.Tech,1,1,2023,0,Fall 2025,3.58,3.88,3,2,50.9,61.0,83.4,100.0,33,53,-0.2999999999999998,-10.100000000000001,-16.599999999999994,-20,DETERIORATING,DETERIORATING,DETERIORATING
STU0753,Student 753,Engineering College A,Mechanical,B.Tech,3,2,2023,0,Fall 2025,3.08,3.04,0,0,89.6,89.7,84.3,94.5,33,23,0.040000000000000036,-0.10000000000000853,-10.200000000000003,10,STABLE,STABLE,DETERIORATING
STU0754,Student 754,Engineering College A,Mechanical,B.Tech,4,1,2023,1,Fall 2025,2.49,2.53,0,0,76.9,78.8,78.7,71.3,69,62,-0.03999999999999959,-1.8999999999999915,7.400000000000006,7,STABLE,STABLE,IMPROVING
STU0755,Student 755,Engineering College A,Electrical,B.Tech,4,2,2023,0,Fall 2025,2.22,1.37,0,0,99.8,82.1,66.7,75.5,38,32,0.8500000000000001,17.700000000000003,-8.799999999999997,6,IMPROVING,IMPROVING,DETERIORATING
STU0756,Student 756,Engineering College A,Electrical,B.Tech,4,2,2023,1,Fall 2025,2.71,2.64,0,0,100.0,100.0,62.3,61.5,29,43,0.06999999999999984,0.0,0.7999999999999972,-14,STABLE,STABLE,STABLE
STU0757,Student 757,Engineering College A,Business,B.Tech,1,2,2023,0,Fall 2025,2.33,2.78,0,0,83.2,91.3,55.4,50.6,47,54,-0.44999999999999973,-8.099999999999994,4.799999999999997,-7,DETERIORATING,DETERIORATING,STABLE
STU0758,Student 758,Engineering College A,Computer Science,B.Tech,2,2,2023,0,Fall 2025,2.91,2.66,2,0,75.6,77.8,100.0,100.0,61,53,0.25,-2.200000000000003,0.0,8,IMPROVING,DETERIORATING,STABLE
STU0759,Student 759,Engineering College A,Computer Science,B.Tech,1,1,2023,1,Fall 2025,3.29,3.39,1,1,77.2,93.3,53.9,64.8,33,53,-0.10000000000000009,-16.099999999999994,-10.899999999999999,-20,DETERIORATING,DETERIORATING,DETERIORATING
STU0760,Student 760,Engineering College A,Civil,B.Tech,4,2,2023,0,Fall 2025,2.63,2.22,0,0,100.0,92.4,71.7,84.6,14,4,0.4099999999999997,7.599999999999994,-12.899999999999991,10,IMPROVING,IMPROVING,DETERIORATING
STU0761,Student 761,Engineering College A,Mechanical,B.Tech,3,2,2023,0,Fall 2025,3.43,3.25,0,0,79.9,80.5,80.4,72.0,32,25,0.18000000000000016,-0.5999999999999943,8.400000000000006,7,IMPROVING,STABLE,IMPROVING
STU0762,Student 762,Engineering College A,Business,B.Tech,2,1,2023,0,Fall 2025,2.98,2.73,0,1,78.3,77.1,64.0,65.6,67,61,0.25,1.2000000000000028,-1.5999999999999943,6,IMPROVING,STABLE,STABLE
STU0763,Student 763,Engineering College A,Mechanical,B.Tech,1,1,2023,0,Fall 2025,2.51,2.06,0,0,88.3,74.9,87.8,75.5,73,75,0.44999999999999973,13.399999999999991,12.299999999999997,-2,IMPROVING,IMPROVING,IMPROVING
STU0764,Student 764,Engineering College A,Business,B.Tech,1,1,2023,1,Fall 2025,3.39,3.13,0,0,84.4,83.5,92.9,85.7,61,76,0.26000000000000023,0.9000000000000057,7.200000000000003,-15,IMPROVING,STABLE,IMPROVING
STU0765,Student 765,Engineering College A,Business,B.Tech,2,2,2023,0,Fall 2025,2.61,3.08,1,0,69.2,75.1,71.6,61.7,55,57,-0.4700000000000002,-5.8999999999999915,9.899999999999991,-2,DETERIORATING,DETERIORATING,IMPROVING
STU0766,Student 766,Engineering College A,Business,B.Tech,2,1,2023,1,Fall 2025,3.4,3.37,0,0,80.8,77.6,91.4,83.2,35,43,0.029999999999999805,3.200000000000003,8.200000000000003,-8,STABLE,IMPROVING,IMPROVING
STU0767,Student 767,Engineering College A,Mechanical,B.Tech,3,2,2023,0,Fall 2025,2.88,2.99,0,0,69.1,71.6,72.6,79.4,27,23,-0.11000000000000032,-2.5,-6.800000000000011,4,DETERIORATING,DETERIORATING,DETERIORATING
STU0768,Student 768,Engineering College A,Electrical,B.Tech,2,2,2023,1,Fall 2025,2.7,2.95,3,1,79.4,85.2,57.4,74.7,55,72,-0.25,-5.799999999999997,-17.300000000000004,-17,DETERIORATING,DETERIORATING,DETERIORATING
STU0769,Student 769,Engineering College A,Mechanical,B.Tech,3,1,2023,0,Fall 2025,3.32,3.47,1,0,76.2,71.6,71.1,77.8,31,33,-0.15000000000000036,4.6000000000000085,-6.700000000000003,-2,DETERIORATING,IMPROVING,DETERIORATING
STU0770,Student 770,Engineering College A,Business,B.Tech,4,1,2023,0,Fall 2025,2.72,2.78,0,0,100.0,100.0,92.2,90.9,73,61,-0.05999999999999961,0.0,1.2999999999999972,12,STABLE,STABLE,STABLE
STU0771,Student 771,Engineering College A,Civil,B.Tech,4,1,2023,0,Fall 2025,2.88,2.18,0,0,100.0,84.0,98.5,92.9,76,62,0.6999999999999997,16.0,5.599999999999994,14,IMPROVING,IMPROVING,IMPROVING
STU0772,Student 772,Engineering College A,Computer Science,B.Tech,1,1,2023,1,Fall 2025,1.47,1.7,0,0,61.7,71.0,63.1,69.9,56,54,-0.22999999999999998,-9.299999999999997,-6.800000000000004,2,DETERIORATING,DETERIORATING,DETERIORATING
STU0773,Student 773,Engineering College A,Business,B.Tech,4,1,2023,0,Fall 2025,2.57,2.55,0,0,84.3,89.1,84.2,88.8,36,31,0.020000000000000018,-4.799999999999997,-4.599999999999994,5,STABLE,DETERIORATING,STABLE
STU0774,Student 774,Engineering College A,Civil,B.Tech,4,1,2023,0,Fall 2025,3.45,2.5,0,0,73.6,67.2,86.5,92.3,33,35,0.9500000000000002,6.3999999999999915,-5.799999999999997,-2,IMPROVING,IMPROVING,DETERIORATING
STU0775,Student 775,Engineering College A,Electrical,B.Tech,3,2,2023,0,Fall 2025,2.54,2.5,0,0,93.0,94.5,59.2,59.4,76,64,0.040000000000000036,-1.5,-0.19999999999999574,12,STABLE,STABLE,STABLE
STU0776,Student 776,Engineering College A,Business,B.Tech,1,2,2023,0,Fall 2025,4.0,4.0,0,0,98.0,97.4,89.3,74.3,50,46,0.0,0.5999999999999943,15.0,4,STABLE,STABLE,IMPROVING
STU0777,Student 777,Engineering College A,Civil,B.Tech,2,1,2023,0,Fall 2025,3.75,3.91,0,0,97.1,95.3,56.7,70.3,41,49,-0.16000000000000014,1.7999999999999972,-13.599999999999994,-8,DETERIORATING,STABLE,DETERIORATING
STU0778,Student 778,Engineering College A,Business,B.Tech,1,2,2023,0,Fall 2025,2.7,3.0,0,1,64.1,76.2,69.5,77.9,25,18,-0.2999999999999998,-12.100000000000009,-8.400000000000006,7,DETERIORATING,DETERIORATING,DETERIORATING
STU0779,Student 779,Engineering College A,Mechanical,B.Tech,4,2,2023,0,Fall 2025,4.0,4.0,0,0,80.7,81.3,85.0,70.5,18,32,0.0,-0.5999999999999943,14.5,-14,STABLE,STABLE,IMPROVING
STU0780,Student 780,Engineering College A,Civil,B.Tech,2,2,2023,0,Fall 2025,2.9,3.17,0,0,74.7,87.9,74.7,78.0,33,23,-0.27,-13.200000000000003,-3.299999999999997,10,DETERIORATING,DETERIORATING,STABLE
STU0781,Student 781,Engineering College A,Mechanical,B.Tech,1,2,2023,0,Fall 2025,3.43,3.52,0,0,69.1,68.7,85.5,86.0,21,21,-0.08999999999999986,0.3999999999999915,-0.5,0,STABLE,STABLE,STABLE
STU0782,Student 782,Engineering College A,Mechanical,B.Tech,1,2,2023,0,Fall 2025,2.85,2.42,0,0,75.6,70.6,100.0,98.6,60,51,0.43000000000000016,5.0,1.4000000000000057,9,IMPROVING,IMPROVING,STABLE
STU0783,Student 783,Engineering College A,Civil,B.Tech,1,2,2023,0,Fall 2025,3.55,3.74,0,0,100.0,97.7,65.5,64.7,51,41,-0.1900000000000004,2.299999999999997,0.7999999999999972,10,DETERIORATING,IMPROVING,STABLE
STU0784,Student 784,Engineering College A,Computer Science,B.Tech,1,1,2023,0,Fall 2025,2.43,2.59,0,0,60.5,64.7,78.9,71.1,67,69,-0.1599999999999997,-4.200000000000003,7.800000000000011,-2,DETERIORATING,DETERIORATING,IMPROVING
STU0785,Student 785,Engineering College A,Civil,B.Tech,3,1,2023,0,Fall 2025,3.44,3.49,0,0,88.4,93.4,59.6,67.7,38,41,-0.050000000000000266,-5.0,-8.100000000000001,-3,STABLE,DETERIORATING,DETERIORATING
STU0786,Student 786,Engineering College A,Computer Science,B.Tech,1,1,2023,0,Fall 2025,2.87,3.12,1,2,75.4,92.7,66.9,75.1,49,55,-0.25,-17.299999999999997,-8.199999999999989,-6,DETERIORATING,DETERIORATING,DETERIORATING
STU0787,Student 787,Engineering College A,Business,B.Tech,4,2,2023,0,Fall 2025,3.61,3.46,0,0,83.8,83.2,72.2,59.5,10,21,0.1499999999999999,0.5999999999999943,12.700000000000003,-11,IMPROVING,STABLE,IMPROVING
STU0788,Student 788,Engineering College A,Business,B.Tech,4,1,2023,0,Fall 2025,3.03,3.03,0,1,65.1,66.0,55.6,61.0,34,45,0.0,-0.9000000000000057,-5.399999999999999,-11,STABLE,STABLE,DETERIORATING
STU0789,Student 789,Engineering College A,Civil,B.Tech,3,1,2023,0,Fall 2025,2.18,1.94,0,0,98.1,90.3,68.3,81.3,49,59,0.2400000000000002,7.799999999999997,-13.0,-10,IMPROVING,IMPROVING,DETERIORATING
STU0790,Student 790,Engineering College A,Business,B.Tech,2,1,2023,1,Fall 2025,3.01,3.56,2,1,55.8,79.6,51.7,59.4,29,36,-0.5500000000000003,-23.799999999999997,-7.699999999999996,-7,DETERIORATING,DETERIORATING,DETERIORATING
STU0791,Student 791,Engineering College A,Electrical,B.Tech,2,2,2023,1,Fall 2025,1.4,1.76,0,0,93.9,100.0,90.4,78.6,64,56,-0.3600000000000001,-6.099999999999994,11.800000000000011,8,DETERIORATING,DETERIORATING,IMPROVING
STU0792,Student 792,Engineering College A,Mechanical,B.Tech,4,1,2023,0,Fall 2025,2.84,2.71,1,0,78.4,77.4,71.0,82.8,56,52,0.1299999999999999,1.0,-11.799999999999997,4,IMPROVING,STABLE,DETERIORATING
STU0793,Student 793,Engineering College A,Mechanical,B.Tech,4,2,2023,0,Fall 2025,1.96,2.14,0,0,66.5,61.6,97.4,93.6,10,9,-0.18000000000000016,4.899999999999999,3.8000000000000114,1,DETERIORATING,IMPROVING,STABLE
STU0794,Student 794,Engineering College A,Computer Science,B.Tech,3,1,2023,0,Fall 2025,2.87,2.8,0,1,67.2,63.8,48.1,58.5,10,9,0.07000000000000028,3.4000000000000057,-10.399999999999999,1,STABLE,IMPROVING,DETERIORATING
STU0795,Student 795,Engineering College A,Business,B.Tech,2,1,2023,0,Fall 2025,2.61,2.83,0,0,78.7,86.1,99.9,95.7,39,43,-0.2200000000000002,-7.3999999999999915,4.200000000000003,-4,DETERIORATING,DETERIORATING,STABLE
STU0796,Student 796,Engineering College A,Computer Science,B.Tech,2,1,2023,0,Fall 2025,3.26,3.45,2,2,55.7,64.5,77.3,89.5,41,64,-0.1900000000000004,-8.799999999999997,-12.200000000000003,-23,DETERIORATING,DETERIORATING,DETERIORATING
STU0797,Student 797,Engineering College A,Mechanical,B.Tech,1,2,2023,1,Fall 2025,3.01,3.69,0,1,61.4,70.1,75.3,95.6,43,50,-0.6800000000000002,-8.699999999999996,-20.299999999999997,-7,DETERIORATING,DETERIORATING,DETERIORATING
STU0798,Student 798,Engineering College A,Mechanical,B.Tech,1,2,2023,1,Fall 2025,3.86,4.0,1,0,73.3,75.9,90.8,81.1,21,17,-0.14000000000000012,-2.6000000000000085,9.700000000000003,4,DETERIORATING,DETERIORATING,IMPROVING
STU0799,Student 799,Engineering College A,Business,B.Tech,1,2,2023,0,Fall 2025,2.1,1.54,0,0,100.0,89.9,90.9,92.6,57,62,0.56,10.099999999999994,-1.6999999999999886,-5,IMPROVING,IMPROVING,STABLE
STU0800,Student 800,Engineering College A,Electrical,B.Tech,3,2,2023,1,Fall 2025,2.5,2.16,2,2,28.1,61.8,83.0,99.3,41,57,0.33999999999999986,-33.699999999999996,-16.299999999999997,-16,IMPROVING,DETERIORATING,DETERIORATING
STU0801,Student 801,Engineering College A,Electrical,B.Tech,4,2,2023,0,Fall 2025,3.32,3.45,0,0,92.9,88.3,89.7,90.8,85,84,-0.13000000000000034,4.6000000000000085,-1.0999999999999943,1,DETERIORATING,IMPROVING,STABLE
STU0802,Student 802,Engineering College A,Business,B.Tech,3,1,2023,0,Fall 2025,3.37,2.91,1,0,83.3,87.1,73.8,67.9,43,45,0.0,-3.799999999999997,5.8999999999999915,-2,UNKNOWN,DETERIORATING,IMPROVING
STU0803,Student 803,Engineering College A,Business,B.Tech,2,1,2023,0,Fall 2025,2.07,2.91,0,0,66.1,67.4,86.8,76.3,70,63,0.0,-1.3000000000000114,10.5,7,UNKNOWN,STABLE,IMPROVING
STU0804,Student 804,Engineering College A,Computer Science,B.Tech,4,2,2023,0,Fall 2025,3.76,2.91,1,0,74.0,88.7,99.2,88.1,48,52,0.0,-14.700000000000003,11.100000000000009,-4,UNKNOWN,DETERIORATING,IMPROVING
STU0805,Student 805,Engineering College A,Business,B.Tech,1,2,2023,0,Fall 2025,2.68,2.07,0,0,100.0,90.0,70.5,75.7,48,45,0.6100000000000003,10.0,-5.200000000000003,3,IMPROVING,IMPROVING,DETERIORATING
STU0806,Student 806,Engineering College A,Electrical,B.Tech,3,1,2023,0,Fall 2025,3.05,3.23,0,0,88.7,87.2,72.8,67.2,65,64,-0.18000000000000016,1.5,5.599999999999994,1,DETERIORATING,STABLE,IMPROVING
STU0807,Student 807,Engineering College A,Business,B.Tech,3,2,2023,1,Fall 2025,2.64,2.9,2,0,71.0,79.8,49.8,79.2,9,20,-0.2599999999999998,-8.799999999999997,-29.400000000000006,-11,DETERIORATING,DETERIORATING,DETERIORATING
STU0808,Student 808,Engineering College A,Computer Science,B.Tech,1,1,2023,0,Fall 2025,2.34,2.67,0,0,67.8,78.6,68.7,95.8,6,15,-0.33000000000000007,-10.799999999999997,-27.099999999999994,-9,DETERIORATING,DETERIORATING,DETERIORATING
STU0809,Student 809,Engineering College A,Computer Science,B.Tech,3,2,2023,0,Fall 2025,2.62,1.83,2,0,100.0,89.6,100.0,97.1,63,54,0.79,10.400000000000006,2.9000000000000057,9,IMPROVING,IMPROVING,STABLE
STU0810,Student 810,Engineering College A,Computer Science,B.Tech,1,1,2023,0,Fall 2025,3.08,2.44,0,0,90.8,81.1,81.9,92.0,46,35,0.6400000000000001,9.700000000000003,-10.099999999999994,11,IMPROVING,IMPROVING,DETERIORATING
STU0811,Student 811,Engineering College A,Computer Science,B.Tech,2,2,2023,1,Fall 2025,2.03,3.04,3,1,24.6,64.2,52.1,81.6,0,22,-1.0100000000000002,-39.6,-29.499999999999993,-22,DETERIORATING,DETERIORATING,DETERIORATING
STU0812,Student 812,Engineering College A,Civil,B.Tech,4,2,2023,0,Fall 2025,2.78,2.94,0,1,90.9,87.3,68.9,66.1,58,46,-0.16000000000000014,3.6000000000000085,2.8000000000000114,12,DETERIORATING,IMPROVING,STABLE
STU0813,Student 813,Engineering College A,Business,B.Tech,2,1,2023,0,Fall 2025,3.33,2.5,0,0,91.8,83.9,74.2,69.7,88,98,0.8300000000000001,7.8999999999999915,4.5,-10,IMPROVING,IMPROVING,STABLE
STU0814,Student 814,Engineering College A,Mechanical,B.Tech,2,1,2023,0,Fall 2025,2.39,3.71,0,0,83.7,96.4,65.9,72.3,31,54,-1.3199999999999998,-12.700000000000003,-6.3999999999999915,-23,DETERIORATING,DETERIORATING,DETERIORATING
STU0815,Student 815,Engineering College A,Business,B.Tech,1,2,2023,1,Fall 2025,1.74,2.38,3,0,86.1,97.3,78.8,84.8,22,42,-0.6399999999999999,-11.200000000000003,-6.0,-20,DETERIORATING,DETERIORATING,DETERIORATING
STU0816,Student 816,Engineering College A,Civil,B.Tech,3,2,2023,0,Fall 2025,3.52,3.58,1,0,96.7,94.4,100.0,100.0,33,48,-0.06000000000000005,2.299999999999997,0.0,-15,STABLE,IMPROVING,STABLE
STU0817,Student 817,Engineering College A,Computer Science,B.Tech,2,1,2023,0,Fall 2025,2.83,3.25,0,0,50.0,46.8,61.6,58.3,15,1,-0.41999999999999993,3.200000000000003,3.3000000000000043,14,DETERIORATING,IMPROVING,STABLE
STU0818,Student 818,Engineering College A,Civil,B.Tech,2,2,2023,1,Fall 2025,2.68,2.59,0,0,98.7,96.6,100.0,99.2,21,28,0.0900000000000003,2.1000000000000085,0.7999999999999972,-7,STABLE,IMPROVING,STABLE
STU0819,Student 819,Engineering College A,Electrical,B.Tech,2,1,2023,0,Fall 2025,1.7,1.71,1,0,83.6,83.2,66.2,68.6,39,46,-0.010000000000000009,0.3999999999999915,-2.3999999999999915,-7,STABLE,STABLE,STABLE
STU0820,Student 820,Engineering College A,Electrical,B.Tech,3,1,2023,0,Fall 2025,3.36,3.31,0,0,84.2,84.7,79.0,93.8,45,47,0.04999999999999982,-0.5,-14.799999999999997,-2,STABLE,STABLE,DETERIORATING
STU0821,Student 821,Engineering College A,Business,B.Tech,3,2,2023,0,Fall 2025,2.44,2.63,0,0,61.1,59.0,100.0,100.0,40,40,-0.18999999999999995,2.1000000000000014,0.0,0,DETERIORATING,IMPROVING,STABLE
STU0822,Student 822,Engineering College A,Business,B.Tech,1,1,2023,1,Fall 2025,2.47,2.58,0,0,70.8,73.1,85.7,89.2,45,42,-0.10999999999999988,-2.299999999999997,-3.5,3,DETERIORATING,DETERIORATING,STABLE
STU0823,Student 823,Engineering College A,Mechanical,B.Tech,2,1,2023,0,Fall 2025,2.26,2.08,0,0,88.8,86.6,75.9,72.6,50,40,0.17999999999999972,2.200000000000003,3.3000000000000114,10,IMPROVING,IMPROVING,STABLE
STU0824,Student 824,Engineering College A,Mechanical,B.Tech,4,2,2023,0,Fall 2025,1.9,2.05,0,0,54.4,62.8,59.8,65.2,27,40,-0.1499999999999999,-8.399999999999999,-5.400000000000006,-13,DETERIORATING,DETERIORATING,DETERIORATING
STU0825,Student 825,Engineering College A,Electrical,B.Tech,3,1,2023,0,Fall 2025,3.73,3.43,0,0,74.4,77.1,59.0,65.6,51,37,0.2999999999999998,-2.6999999999999886,-6.599999999999994,14,IMPROVING,DETERIORATING,DETERIORATING
STU0826,Student 826,Engineering College A,Computer Science,B.Tech,1,1,2023,1,Fall 2025,2.83,4.0,1,0,39.1,62.1,63.6,84.4,26,39,-1.17,-23.0,-20.800000000000004,-13,DETERIORATING,DETERIORATING,DETERIORATING
STU0827,Student 827,Engineering College A,Civil,B.Tech,2,1,2023,0,Fall 2025,2.39,2.44,0,0,60.0,56.1,64.5,71.9,15,24,-0.04999999999999982,3.8999999999999986,-7.400000000000006,-9,STABLE,IMPROVING,DETERIORATING
STU0828,Student 828,Engineering College A,Mechanical,B.Tech,4,1,2023,0,Fall 2025,3.59,2.91,0,0,69.5,67.6,75.7,84.6,28,42,0.0,1.9000000000000057,-8.899999999999991,-14,UNKNOWN,STABLE,DETERIORATING
STU0829,Student 829,Engineering College A,Mechanical,B.Tech,3,2,2023,1,Fall 2025,3.21,3.37,0,0,87.8,91.2,86.8,89.0,59,71,-0.16000000000000014,-3.4000000000000057,-2.200000000000003,-12,DETERIORATING,DETERIORATING,STABLE
STU0830,Student 830,Engineering College A,Computer Science,B.Tech,4,1,2023,0,Fall 2025,3.7,3.54,0,0,72.0,75.7,82.9,75.8,47,37,0.16000000000000014,-3.700000000000003,7.1000000000000085,10,IMPROVING,DETERIORATING,IMPROVING
STU0831,Student 831,Engineering College A,Computer Science,B.Tech,3,2,2023,0,Fall 2025,2.27,2.7,0,0,90.2,100.0,60.0,67.2,66,77,-0.43000000000000016,-9.799999999999997,-7.200000000000003,-11,DETERIORATING,DETERIORATING,DETERIORATING
STU0832,Student 832,Engineering College A,Business,B.Tech,1,1,2023,0,Fall 2025,2.07,2.13,1,0,87.3,89.9,52.8,64.7,51,65,-0.06000000000000005,-2.6000000000000085,-11.900000000000006,-14,STABLE,DETERIORATING,DETERIORATING
STU0833,Student 833,Engineering College A,Civil,B.Tech,4,2,2023,0,Fall 2025,2.47,2.31,0,0,78.1,79.9,68.9,73.9,45,38,0.16000000000000014,-1.8000000000000114,-5.0,7,IMPROVING,STABLE,STABLE
STU0834,Student 834,Engineering College A,Computer Science,B.Tech,2,1,2023,0,Fall 2025,3.33,3.45,1,0,96.6,99.5,99.0,100.0,67,59,-0.1200000000000001,-2.9000000000000057,-1.0,8,DETERIORATING,DETERIORATING,STABLE
STU0835,Student 835,Engineering College A,Mechanical,B.Tech,2,2,2023,0,Fall 2025,2.63,2.69,0,0,62.7,62.0,92.0,78.6,13,20,-0.06000000000000005,0.7000000000000028,13.400000000000006,-7,STABLE,STABLE,IMPROVING
STU0836,Student 836,Engineering College A,Mechanical,B.Tech,3,1,2023,0,Fall 2025,3.15,2.95,0,0,78.1,80.2,90.1,89.8,36,33,0.19999999999999973,-2.1000000000000085,0.29999999999999716,3,IMPROVING,DETERIORATING,STABLE
STU0837,Student 837,Engineering College A,Electrical,B.Tech,2,1,2023,1,Fall 2025,2.45,3.91,1,1,60.7,83.5,75.8,89.8,48,61,-1.46,-22.799999999999997,-14.0,-13,DETERIORATING,DETERIORATING,DETERIORATING
STU0838,Student 838,Engineering College A,Computer Science,B.Tech,4,1,2023,0,Fall 2025,2.05,2.31,0,0,55.9,69.0,92.2,94.3,12,6,-0.26000000000000023,-13.100000000000001,-2.0999999999999943,6,DETERIORATING,DETERIORATING,STABLE
STU0839,Student 839,Engineering College A,Business,B.Tech,1,1,2023,0,Fall 2025,2.18,2.19,0,0,75.9,73.1,94.6,94.9,47,36,-0.009999999999999787,2.8000000000000114,-0.30000000000001137,11,STABLE,IMPROVING,STABLE
STU0840,Student 840,Engineering College A,Civil,B.Tech,3,2,2023,0,Fall 2025,2.36,2.39,0,0,69.2,74.2,51.0,64.6,46,52,-0.03000000000000025,-5.0,-13.599999999999994,-6,STABLE,DETERIORATING,DETERIORATING
STU0841,Student 841,Engineering College A,Business,B.Tech,4,2,2023,0,Fall 2025,3.05,3.16,2,1,70.2,78.7,85.1,75.4,87,84,-0.11000000000000032,-8.5,9.699999999999989,3,DETERIORATING,DETERIORATING,IMPROVING
STU0842,Student 842,Engineering College A,Mechanical,B.Tech,3,1,2023,0,Fall 2025,3.0,2.91,0,0,86.5,88.4,64.4,59.4,63,62,0.08999999999999986,-1.9000000000000057,5.000000000000007,1,STABLE,STABLE,IMPROVING
STU0843,Student 843,Engineering College A,Business,B.Tech,1,2,2023,0,Fall 2025,3.69,3.7,0,0,85.9,86.3,100.0,100.0,81,74,-0.010000000000000231,-0.3999999999999915,0.0,7,STABLE,STABLE,STABLE
STU0844,Student 844,Engineering College A,Mechanical,B.Tech,3,1,2023,1,Fall 2025,3.61,4.0,2,1,59.7,81.9,86.8,100.0,12,37,-0.3900000000000001,-22.200000000000003,-13.200000000000003,-25,DETERIORATING,DETERIORATING,DETERIORATING
STU0845,Student 845,Engineering College A,Mechanical,B.Tech,2,1,2023,0,Fall 2025,3.94,3.85,0,0,77.9,79.9,64.1,66.4,54,55,0.08999999999999986,-2.0,-2.3000000000000114,-1,STABLE,STABLE,STABLE
STU0846,Student 846,Engineering College A,Mechanical,B.Tech,2,2,2023,0,Fall 2025,1.58,1.31,0,0,82.2,68.4,81.4,78.8,27,28,0.27,13.799999999999997,2.6000000000000085,-1,IMPROVING,IMPROVING,STABLE
STU0847,Student 847,Engineering College A,Mechanical,B.Tech,3,2,2023,0,Fall 2025,2.29,2.31,0,0,72.5,73.1,36.1,51.0,69,70,-0.020000000000000018,-0.5999999999999943,-14.899999999999999,-1,STABLE,STABLE,DETERIORATING
STU0848,Student 848,Engineering College A,Mechanical,B.Tech,1,2,2023,1,Fall 2025,1.61,2.3,2,1,69.0,78.8,67.4,87.1,50,69,-0.6899999999999997,-9.799999999999997,-19.69999999999999,-19,DETERIORATING,DETERIORATING,DETERIORATING
STU0849,Student 849,Engineering College A,Electrical,B.Tech,1,1,2023,0,Fall 2025,2.73,2.83,0,0,71.1,70.5,100.0,100.0,28,17,-0.10000000000000009,0.5999999999999943,0.0,11,DETERIORATING,STABLE,STABLE
STU0850,Student 850,Engineering College A,Business,B.Tech,2,1,2023,0,Fall 2025,3.37,3.2,0,0,76.3,78.4,77.3,73.6,84,94,0.16999999999999993,-2.1000000000000085,3.700000000000003,-10,IMPROVING,DETERIORATING,STABLE
STU0851,Student 851,Engineering College A,Electrical,B.Tech,1,2,2023,0,Fall 2025,3.6,3.38,0,0,82.9,82.6,85.9,100.0,65,51,0.2200000000000002,0.30000000000001137,-14.099999999999994,14,IMPROVING,STABLE,DETERIORATING
STU0852,Student 852,Engineering College A,Electrical,B.Tech,3,1,2023,0,Fall 2025,1.87,2.07,0,0,54.5,63.1,76.1,72.1,14,29,-0.19999999999999973,-8.600000000000001,4.0,-15,DETERIORATING,DETERIORATING,STABLE
STU0853,Student 853,Engineering College A,Computer Science,B.Tech,4,2,2023,0,Fall 2025,3.29,3.22,1,1,67.6,70.3,100.0,100.0,61,55,0.06999999999999984,-2.700000000000003,0.0,6,STABLE,DETERIORATING,STABLE
STU0854,Student 854,Engineering College A,Computer Science,B.Tech,3,2,2023,1,Fall 2025,2.68,3.11,2,1,52.2,72.9,43.7,54.3,59,69,-0.4299999999999997,-20.700000000000003,-10.599999999999994,-10,DETERIORATING,DETERIORATING,DETERIORATING
STU0855,Student 855,Engineering College A,Computer Science,B.Tech,2,2,2023,0,Fall 2025,3.13,3.31,0,0,85.3,89.4,67.8,76.7,59,70,-0.18000000000000016,-4.1000000000000085,-8.900000000000006,-11,DETERIORATING,DETERIORATING,DETERIORATING
STU0856,Student 856,Engineering College A,Civil,B.Tech,2,2,2023,1,Fall 2025,2.83,2.58,0,0,100.0,99.9,100.0,100.0,55,49,0.25,0.09999999999999432,0.0,6,IMPROVING,STABLE,STABLE
STU0857,Student 857,Engineering College A,Computer Science,B.Tech,2,2,2023,0,Fall 2025,2.33,2.44,0,1,76.1,79.0,80.8,95.6,74,68,-0.10999999999999988,-2.9000000000000057,-14.799999999999997,6,DETERIORATING,DETERIORATING,DETERIORATING
STU0858,Student 858,Engineering College A,Business,B.Tech,1,2,2023,0,Fall 2025,2.7,2.9,1,0,62.0,75.2,76.9,82.6,38,45,-0.19999999999999973,-13.200000000000003,-5.699999999999989,-7,DETERIORATING,DETERIORATING,DETERIORATING
STU0859,Student 859,Engineering College A,Electrical,B.Tech,3,1,2023,0,Fall 2025,2.08,2.25,0,0,71.7,78.0,79.9,79.8,47,54,-0.16999999999999993,-6.299999999999997,0.10000000000000853,-7,DETERIORATING,DETERIORATING,STABLE
STU0860,Student 860,Engineering College A,Business,B.Tech,4,1,2023,0,Fall 2025,3.16,3.27,0,0,85.5,87.3,82.7,68.2,10,12,-0.10999999999999988,-1.7999999999999972,14.5,-2,DETERIORATING,STABLE,IMPROVING
STU0861,Student 861,Engineering College A,Computer Science,B.Tech,3,2,2023,0,Fall 2025,2.25,2.37,1,0,77.7,76.5,70.8,74.1,10,0,-0.1200000000000001,1.2000000000000028,-3.299999999999997,10,DETERIORATING,STABLE,STABLE
STU0862,Student 862,Engineering College A,Civil,B.Tech,4,2,2023,0,Fall 2025,3.06,3.23,1,1,79.4,93.3,69.9,81.3,62,69,-0.16999999999999993,-13.899999999999991,-11.399999999999991,-7,DETERIORATING,DETERIORATING,DETERIORATING
STU0863,Student 863,Engineering College A,Civil,B.Tech,3,2,2023,0,Fall 2025,3.07,2.78,0,0,72.3,73.9,74.0,82.7,85,97,0.29000000000000004,-1.6000000000000085,-8.700000000000003,-12,IMPROVING,STABLE,DETERIORATING
STU0864,Student 864,Engineering College A,Electrical,B.Tech,2,1,2023,0,Fall 2025,1.77,1.46,0,0,100.0,90.9,75.9,66.9,43,41,0.31000000000000005,9.099999999999994,9.0,2,IMPROVING,IMPROVING,IMPROVING
STU0865,Student 865,Engineering College A,Business,B.Tech,4,2,2023,0,Fall 2025,2.55,2.69,1,0,89.0,84.8,74.6,78.8,48,54,-0.14000000000000012,4.200000000000003,-4.200000000000003,-6,DETERIORATING,IMPROVING,STABLE
STU0866,Student 866,Engineering College A,Mechanical,B.Tech,3,2,2023,0,Fall 2025,2.9,2.83,0,0,70.0,67.5,69.7,75.8,46,39,0.06999999999999984,2.5,-6.099999999999994,7,STABLE,IMPROVING,DETERIORATING
STU0867,Student 867,Engineering College A,Business,B.Tech,1,2,2023,0,Fall 2025,2.45,2.2,0,0,94.4,89.3,87.2,97.4,36,22,0.25,5.1000000000000085,-10.200000000000003,14,IMPROVING,IMPROVING,DETERIORATING
STU0868,Student 868,Engineering College A,Computer Science,B.Tech,1,1,2023,0,Fall 2025,2.22,1.51,0,0,91.1,76.6,93.6,85.9,36,45,0.7100000000000002,14.5,7.699999999999989,-9,IMPROVING,IMPROVING,IMPROVING
STU0869,Student 869,Engineering College A,Mechanical,B.Tech,3,2,2023,1,Fall 2025,2.35,3.11,2,2,65.0,83.7,36.1,65.0,9,32,-0.7599999999999998,-18.700000000000003,-28.9,-23,DETERIORATING,DETERIORATING,DETERIORATING
STU0870,Student 870,Engineering College A,Civil,B.Tech,2,1,2023,1,Fall 2025,2.69,3.0,3,1,53.6,69.9,80.7,88.8,0,21,-0.31000000000000005,-16.300000000000004,-8.099999999999994,-21,DETERIORATING,DETERIORATING,DETERIORATING
STU0871,Student 871,Engineering College A,Electrical,B.Tech,4,1,2023,0,Fall 2025,3.06,3.23,0,1,82.6,79.0,84.9,90.5,55,65,-0.16999999999999993,3.5999999999999943,-5.599999999999994,-10,DETERIORATING,IMPROVING,DETERIORATING
STU0872,Student 872,Engineering College A,Electrical,B.Tech,3,2,2023,0,Fall 2025,1.55,1.92,0,1,90.6,100.0,72.2,70.0,43,36,-0.3699999999999999,-9.400000000000006,2.200000000000003,7,DETERIORATING,DETERIORATING,STABLE
STU0873,Student 873,Engineering College A,Civil,B.Tech,1,1,2023,0,Fall 2025,1.98,1.97,0,0,71.3,74.7,60.7,61.6,86,81,0.010000000000000009,-3.4000000000000057,-0.8999999999999986,5,STABLE,DETERIORATING,STABLE
STU0874,Student 874,Engineering College A,Computer Science,B.Tech,4,1,2023,0,Fall 2025,2.87,2.82,0,0,65.3,67.9,80.6,71.7,59,72,0.050000000000000266,-2.6000000000000085,8.899999999999991,-13,STABLE,DETERIORATING,IMPROVING
STU0875,Student 875,Engineering College A,Civil,B.Tech,1,1,2023,0,Fall 2025,2.39,1.69,1,0,86.5,72.9,97.6,100.0,46,44,0.7000000000000002,13.599999999999994,-2.4000000000000057,2,IMPROVING,IMPROVING,STABLE
STU0876,Student 876,Engineering College A,Computer Science,B.Tech,1,2,2023,0,Fall 2025,3.51,3.94,1,0,57.2,68.7,61.7,62.9,38,26,-0.43000000000000016,-11.5,-1.1999999999999957,12,DETERIORATING,DETERIORATING,STABLE
STU0877,Student 877,Engineering College A,Mechanical,B.Tech,3,1,2023,0,Fall 2025,3.03,3.19,2,0,87.6,89.0,100.0,100.0,23,10,-0.16000000000000014,-1.4000000000000057,0.0,13,DETERIORATING,STABLE,STABLE
STU0878,Student 878,Engineering College A,Civil,B.Tech,1,2,2023,0,Fall 2025,3.68,3.54,0,0,65.6,67.4,70.7,84.2,45,36,0.14000000000000012,-1.8000000000000114,-13.5,9,IMPROVING,STABLE,DETERIORATING
STU0879,Student 879,Engineering College A,Computer Science,B.Tech,4,2,2023,1,Fall 2025,3.32,3.12,0,0,77.2,80.5,74.6,74.8,60,55,0.19999999999999973,-3.299999999999997,-0.20000000000000284,5,IMPROVING,DETERIORATING,STABLE
STU0880,Student 880,Engineering College A,Mechanical,B.Tech,2,2,2023,0,Fall 2025,2.52,2.63,0,0,93.9,94.3,81.2,77.7,49,57,-0.10999999999999988,-0.3999999999999915,3.5,-8,DETERIORATING,STABLE,STABLE
STU0881,Student 881,Engineering College A,Civil,B.Tech,3,1,2023,0,Fall 2025,2.25,2.23,2,0,86.9,83.8,82.5,83.8,43,33,0.020000000000000018,3.1000000000000085,-1.2999999999999972,10,STABLE,IMPROVING,STABLE
STU0882,Student 882,Engineering College A,Electrical,B.Tech,4,2,2023,0,Fall 2025,3.38,3.74,0,0,56.3,70.4,87.6,73.5,24,25,-0.3600000000000003,-14.100000000000009,14.099999999999994,-1,DETERIORATING,DETERIORATING,IMPROVING
STU0883,Student 883,Engineering College A,Civil,B.Tech,3,1,2023,1,Fall 2025,2.65,2.66,0,1,93.8,90.7,64.5,63.5,65,77,-0.010000000000000231,3.0999999999999943,1.0,-12,STABLE,IMPROVING,STABLE
STU0884,Student 884,Engineering College A,Business,B.Tech,1,1,2023,0,Fall 2025,3.52,3.74,0,0,67.4,80.2,74.0,68.9,23,21,-0.2200000000000002,-12.799999999999997,5.099999999999994,2,DETERIORATING,DETERIORATING,IMPROVING
STU0885,Student 885,Engineering College A,Civil,B.Tech,1,1,2023,1,Fall 2025,3.17,2.98,0,0,98.9,94.1,63.2,71.0,81,71,0.18999999999999995,4.800000000000011,-7.799999999999997,10,IMPROVING,IMPROVING,DETERIORATING
STU0886,Student 886,Engineering College A,Business,B.Tech,4,1,2023,0,Fall 2025,2.47,2.01,0,0,88.2,70.8,100.0,100.0,43,50,0.4600000000000004,17.400000000000006,0.0,-7,IMPROVING,IMPROVING,STABLE
STU0887,Student 887,Engineering College A,Mechanical,B.Tech,4,2,2023,0,Fall 2025,2.44,2.37,1,0,67.4,70.0,94.9,85.6,67,71,0.06999999999999984,-2.5999999999999943,9.300000000000011,-4,STABLE,DETERIORATING,IMPROVING
STU0888,Student 888,Engineering College A,Civil,B.Tech,2,2,2023,0,Fall 2025,2.97,2.69,1,0,94.7,94.0,100.0,100.0,33,23,0.28000000000000025,0.7000000000000028,0.0,10,IMPROVING,STABLE,STABLE
STU0889,Student 889,Engineering College A,Mechanical,B.Tech,4,1,2023,1,Fall 2025,3.14,3.14,0,0,74.1,70.9,73.0,70.2,16,2,0.0,3.1999999999999886,2.799999999999997,14,STABLE,IMPROVING,STABLE
STU0890,Student 890,Engineering College A,Mechanical,B.Tech,4,2,2023,0,Fall 2025,2.4,2.49,0,0,64.5,67.3,93.0,82.1,52,41,-0.0900000000000003,-2.799999999999997,10.900000000000006,11,STABLE,DETERIORATING,IMPROVING
STU0891,Student 891,Engineering College A,Computer Science,B.Tech,3,2,2023,0,Fall 2025,3.06,3.29,1,0,82.6,89.2,85.5,79.2,73,72,-0.22999999999999998,-6.6000000000000085,6.299999999999997,1,DETERIORATING,DETERIORATING,IMPROVING
STU0892,Student 892,Engineering College A,Mechanical,B.Tech,1,2,2023,1,Fall 2025,2.11,2.71,3,1,79.3,81.6,62.7,73.1,31,47,-0.6000000000000001,-0.9000000000000057,-10.399999999999991,-16,DETERIORATING,UNKNOWN,DETERIORATING
STU0893,Student 893,Engineering College A,Mechanical,B.Tech,4,1,2023,0,Fall 2025,3.27,3.02,0,0,60.0,57.0,56.5,63.1,34,38,0.25,3.0,-6.600000000000001,-4,IMPROVING,IMPROVING,DETERIORATING
STU0894,Student 894,Engineering College A,Civil,B.Tech,2,2,2023,0,Fall 2025,3.98,4.0,1,0,80.3,82.4,52.3,57.4,40,42,-0.020000000000000018,-2.1000000000000085,-5.100000000000001,-2,STABLE,DETERIORATING,DETERIORATING
STU0895,Student 895,Engineering College A,Civil,B.Tech,4,1,2023,0,Fall 2025,2.69,2.79,0,0,100.0,100.0,84.3,71.6,58,69,-0.10000000000000009,0.0,12.700000000000003,-11,DETERIORATING,STABLE,IMPROVING
STU0896,Student 896,Engineering College A,Electrical,B.Tech,1,2,2023,0,Fall 2025,2.21,2.28,0,0,90.2,86.4,69.0,80.6,33,30,-0.06999999999999984,3.799999999999997,-11.599999999999994,3,STABLE,IMPROVING,DETERIORATING
STU0897,Student 897,Engineering College A,Computer Science,B.Tech,4,1,2023,0,Fall 2025,2.41,1.94,0,0,88.0,81.1,66.8,71.4,56,51,0.4700000000000002,6.900000000000006,-4.6000000000000085,5,IMPROVING,IMPROVING,STABLE
STU0898,Student 898,Engineering College A,Mechanical,B.Tech,3,1,2023,1,Fall 2025,2.72,3.14,3,1,64.7,75.0,19.2,47.9,68,81,-0.41999999999999993,-10.299999999999997,-28.7,-13,DETERIORATING,DETERIORATING,DETERIORATING
STU0899,Student 899,Engineering College A,Computer Science,B.Tech,1,1,2023,0,Fall 2025,3.28,3.39,1,0,57.8,66.2,72.7,87.0,40,47,-0.11000000000000032,-8.400000000000006,-14.299999999999997,-7,DETERIORATING,DETERIORATING,DETERIORATING
STU0900,Student 900,Engineering College A,Business,B.Tech,4,2,2023,0,Fall 2025,3.64,3.47,0,0,68.6,70.1,88.8,75.5,74,68,0.16999999999999993,-1.5,13.299999999999997,6,IMPROVING,STABLE,IMPROVING
STU0901,Student 901,Engineering College A,Mechanical,B.Tech,3,1,2023,1,Fall 2025,2.99,2.83,0,0,84.8,83.7,89.9,89.8,34,31,0.16000000000000014,1.0999999999999943,0.10000000000000853,3,IMPROVING,STABLE,STABLE
STU0902,Student 902,Engineering College A,Computer Science,B.Tech,1,2,2023,1,Fall 2025,4.0,4.0,0,0,71.7,71.4,53.2,52.7,38,52,0.0,0.29999999999999716,0.5,-14,STABLE,STABLE,STABLE
STU0903,Student 903,Engineering College A,Electrical,B.Tech,4,1,2023,0,Fall 2025,3.86,3.76,0,0,77.8,79.9,100.0,90.0,58,69,0.10000000000000009,-2.1000000000000085,10.0,-11,IMPROVING,DETERIORATING,IMPROVING
STU0904,Student 904,Engineering College A,Electrical,B.Tech,3,2,2023,0,Fall 2025,2.78,2.93,1,1,67.4,71.0,63.6,63.3,34,22,-0.15000000000000036,-3.5999999999999943,0.30000000000000426,12,DETERIORATING,DETERIORATING,STABLE
STU0905,Student 905,Engineering College A,Mechanical,B.Tech,2,1,2023,0,Fall 2025,3.47,3.4,0,0,96.9,98.0,93.4,95.1,73,73,0.07000000000000028,-1.0999999999999943,-1.6999999999999886,0,STABLE,STABLE,STABLE
STU0906,Student 906,Engineering College A,Business,B.Tech,3,2,2023,1,Fall 2025,3.51,3.88,1,0,70.6,77.9,59.9,69.9,37,44,-0.3700000000000001,-7.300000000000011,-10.000000000000007,-7,DETERIORATING,DETERIORATING,DETERIORATING
STU0907,Student 907,Engineering College A,Electrical,B.Tech,2,1,2023,0,Fall 2025,3.82,3.59,1,0,82.2,86.4,100.0,97.4,18,19,0.22999999999999998,-4.200000000000003,2.5999999999999943,-1,IMPROVING,DETERIORATING,STABLE
STU0908,Student 908,Engineering College A,Electrical,B.Tech,4,1,2023,0,Fall 2025,3.14,3.27,2,0,90.8,96.5,69.3,66.4,37,31,-0.1299999999999999,-5.700000000000003,2.8999999999999915,6,DETERIORATING,DETERIORATING,STABLE
STU0909,Student 909,Engineering College A,Business,B.Tech,3,1,2023,0,Fall 2025,3.26,3.43,0,0,82.7,82.9,70.8,73.0,40,34,-0.17000000000000037,-0.20000000000000284,-2.200000000000003,6,DETERIORATING,STABLE,STABLE
STU0910,Student 910,Engineering College A,Computer Science,B.Tech,2,2,2023,1,Fall 2025,1.61,1.97,1,1,63.0,74.1,63.6,66.3,49,55,-0.3599999999999999,-11.099999999999994,-2.6999999999999957,-6,DETERIORATING,DETERIORATING,STABLE
STU0911,Student 911,Engineering College A,Electrical,B.Tech,1,1,2023,0,Fall 2025,3.03,2.18,1,0,66.5,59.6,91.9,77.6,49,35,0.8499999999999996,6.899999999999999,14.300000000000011,14,IMPROVING,IMPROVING,IMPROVING
STU0912,Student 912,Engineering College A,Civil,B.Tech,3,1,2023,1,Fall 2025,3.42,3.29,0,0,60.0,63.9,52.6,57.6,22,37,0.1299999999999999,-3.8999999999999986,-5.0,-15,IMPROVING,DETERIORATING,STABLE
STU0913,Student 913,Engineering College A,Electrical,B.Tech,4,1,2023,1,Fall 2025,3.29,3.04,0,0,82.2,78.0,90.1,88.3,57,58,0.25,4.200000000000003,1.7999999999999972,-1,IMPROVING,IMPROVING,STABLE
STU0914,Student 914,Engineering College A,Computer Science,B.Tech,1,1,2023,0,Fall 2025,3.71,3.85,0,0,72.8,76.4,86.4,100.0,28,27,-0.14000000000000012,-3.6000000000000085,-13.599999999999994,1,DETERIORATING,DETERIORATING,DETERIORATING
STU0915,Student 915,Engineering College A,Computer Science,B.Tech,2,2,2023,0,Fall 2025,4.0,4.0,1,0,87.5,90.9,45.2,59.8,18,16,0.0,-3.4000000000000057,-14.599999999999994,2,STABLE,DETERIORATING,DETERIORATING
STU0916,Student 916,Engineering College A,Mechanical,B.Tech,3,1,2023,0,Fall 2025,2.04,1.66,0,0,100.0,95.1,100.0,100.0,39,44,0.3800000000000001,4.900000000000006,0.0,-5,IMPROVING,IMPROVING,STABLE
STU0917,Student 917,Engineering College A,Civil,B.Tech,3,1,2023,0,Fall 2025,2.15,2.31,2,1,96.8,100.0,94.2,97.1,43,44,-0.16000000000000014,-3.200000000000003,-2.8999999999999915,-1,DETERIORATING,DETERIORATING,STABLE
STU0918,Student 918,Engineering College A,Computer Science,B.Tech,4,2,2023,1,Fall 2025,3.48,3.68,1,1,55.0,81.6,69.6,90.8,63,76,-0.20000000000000018,-0.9000000000000057,-21.200000000000003,-13,DETERIORATING,UNKNOWN,DETERIORATING
STU0919,Student 919,Engineering College A,Business,B.Tech,1,2,2023,0,Fall 2025,2.79,2.5,1,0,84.3,85.0,88.6,89.4,25,26,0.29000000000000004,-0.7000000000000028,-0.8000000000000114,-1,IMPROVING,STABLE,STABLE
STU0920,Student 920,Engineering College A,Civil,B.Tech,3,2,2023,1,Fall 2025,2.71,2.85,1,0,70.2,71.3,100.0,100.0,57,62,-0.14000000000000012,-1.0999999999999943,0.0,-5,DETERIORATING,STABLE,STABLE
STU0921,Student 921,Engineering College A,Civil,B.Tech,3,1,2023,1,Fall 2025,2.97,3.28,1,0,62.4,67.6,35.6,57.9,35,53,-0.3099999999999996,-5.199999999999996,-22.299999999999997,-18,DETERIORATING,DETERIORATING,DETERIORATING
STU0922,Student 922,Engineering College A,Business,B.Tech,1,2,2023,0,Fall 2025,2.8,2.76,0,0,64.6,67.2,60.1,70.0,69,62,0.040000000000000036,-2.6000000000000085,-9.899999999999999,7,STABLE,DETERIORATING,DETERIORATING
STU0923,Student 923,Engineering College A,Electrical,B.Tech,3,2,2023,1,Fall 2025,2.85,3.36,1,0,89.3,100.0,41.1,67.3,22,31,-0.5099999999999998,-10.700000000000003,-26.199999999999996,-9,DETERIORATING,DETERIORATING,DETERIORATING
STU0924,Student 924,Engineering College A,Business,B.Tech,1,2,2023,1,Fall 2025,2.82,2.88,1,0,79.2,79.0,63.6,63.3,28,34,-0.06000000000000005,0.20000000000000284,0.30000000000000426,-6,STABLE,STABLE,STABLE
STU0925,Student 925,Engineering College A,Business,B.Tech,1,1,2023,0,Fall 2025,1.65,1.52,0,0,91.6,81.6,79.6,75.8,37,26,0.1299999999999999,-0.9000000000000057,3.799999999999997,11,IMPROVING,UNKNOWN,STABLE
STU0926,Student 926,Engineering College A,Electrical,B.Tech,1,1,2023,0,Fall 2025,3.58,3.9,0,0,77.0,84.5,81.1,83.0,75,75,-0.31999999999999984,-7.5,-1.9000000000000057,0,DETERIORATING,DETERIORATING,STABLE
STU0927,Student 927,Engineering College A,Electrical,B.Tech,4,1,2023,0,Fall 2025,2.97,2.5,1,0,98.7,79.3,55.7,64.4,28,42,0.4700000000000002,19.400000000000006,-8.700000000000003,-14,IMPROVING,IMPROVING,DETERIORATING
STU0928,Student 928,Engineering College A,Electrical,B.Tech,1,2,2023,0,Fall 2025,3.35,3.39,0,0,82.4,82.0,26.6,28.0,42,56,-0.040000000000000036,0.4000000000000057,-1.3999999999999986,-14,STABLE,STABLE,STABLE
STU0929,Student 929,Engineering College A,Electrical,B.Tech,1,1,2023,0,Fall 2025,3.2,3.16,0,0,98.1,94.1,65.4,63.6,26,33,0.040000000000000036,4.0,1.8000000000000043,-7,STABLE,IMPROVING,STABLE
STU0930,Student 930,Engineering College A,Electrical,B.Tech,2,2,2023,0,Fall 2025,3.2,3.16,1,0,70.3,67.8,47.0,51.1,62,70,0.040000000000000036,2.5,-4.100000000000001,-8,STABLE,IMPROVING,STABLE
STU0931,Student 931,Engineering College A,Business,B.Tech,2,2,2023,0,Fall 2025,3.45,2.91,0,0,100.0,86.3,51.3,64.6,40,50,0.0,13.700000000000003,-13.299999999999997,-10,UNKNOWN,IMPROVING,DETERIORATING
STU0932,Student 932,Engineering College A,Mechanical,B.Tech,4,2,2023,0,Fall 2025,2.64,2.77,0,0,69.3,82.1,64.8,61.3,25,31,-0.1299999999999999,-12.799999999999997,3.5,-6,DETERIORATING,DETERIORATING,STABLE
STU0933,Student 933,Engineering College A,Mechanical,B.Tech,1,1,2023,1,Fall 2025,2.68,3.41,0,0,74.8,79.8,74.9,87.0,46,62,-0.73,-5.0,-12.099999999999994,-16,DETERIORATING,DETERIORATING,DETERIORATING
STU0934,Student 934,Engineering College A,Computer Science,B.Tech,2,2,2023,0,Fall 2025,4.0,3.97,0,0,80.1,85.1,84.6,88.6,61,72,0.029999999999999805,-5.0,-4.0,-11,STABLE,DETERIORATING,STABLE
STU0935,Student 935,Engineering College A,Mechanical,B.Tech,2,2,2023,0,Fall 2025,3.23,2.94,1,0,76.1,78.3,52.4,49.7,100,92,0.29000000000000004,-2.200000000000003,2.6999999999999957,8,IMPROVING,DETERIORATING,STABLE
STU0936,Student 936,Engineering College A,Mechanical,B.Tech,3,1,2023,0,Fall 2025,2.02,1.35,2,1,82.4,76.8,69.3,58.0,13,20,0.6699999999999999,5.6000000000000085,11.299999999999997,-7,IMPROVING,IMPROVING,IMPROVING
STU0937,Student 937,Engineering College A,Business,B.Tech,1,2,2023,0,Fall 2025,2.93,3.11,0,0,68.6,63.9,79.5,67.0,24,28,-0.17999999999999972,4.699999999999996,12.5,-4,DETERIORATING,IMPROVING,IMPROVING
STU0938,Student 938,Engineering College A,Electrical,B.Tech,2,2,2023,1,Fall 2025,2.44,3.21,0,2,82.1,90.6,64.6,71.8,0,10,-0.77,-8.5,-7.200000000000003,-10,DETERIORATING,DETERIORATING,DETERIORATING
STU0939,Student 939,Engineering College A,Electrical,B.Tech,4,2,2023,0,Fall 2025,3.12,3.02,0,1,90.2,95.1,84.2,89.4,95,83,0.10000000000000009,-4.8999999999999915,-5.200000000000003,12,IMPROVING,DETERIORATING,DETERIORATING
STU0940,Student 940,Engineering College A,Business,B.Tech,3,1,2023,0,Fall 2025,2.75,2.51,1,0,64.1,68.7,100.0,97.8,47,57,0.2400000000000002,-4.6000000000000085,2.200000000000003,-10,IMPROVING,DETERIORATING,STABLE
STU0941,Student 941,Engineering College A,Mechanical,B.Tech,3,2,2023,0,Fall 2025,2.49,1.89,0,0,100.0,93.5,55.3,65.9,29,28,0.6000000000000003,6.5,-10.600000000000009,1,IMPROVING,IMPROVING,DETERIORATING
STU0942,Student 942,Engineering College A,Business,B.Tech,1,1,2023,0,Fall 2025,2.42,2.81,0,0,66.8,72.0,99.9,100.0,54,51,-0.3900000000000001,-5.200000000000003,-0.09999999999999432,3,DETERIORATING,DETERIORATING,STABLE
STU0943,Student 943,Engineering College A,Computer Science,B.Tech,1,1,2023,0,Fall 2025,2.59,2.63,0,0,68.5,64.3,94.3,82.7,44,47,-0.040000000000000036,4.200000000000003,11.599999999999994,-3,STABLE,IMPROVING,IMPROVING
STU0944,Student 944,Engineering College A,Electrical,B.Tech,3,2,2023,0,Fall 2025,2.72,2.5,0,0,98.8,92.2,52.5,56.7,70,81,0.2200000000000002,6.599999999999994,-4.200000000000003,-11,IMPROVING,IMPROVING,STABLE
STU0945,Student 945,Engineering College A,Civil,B.Tech,4,2,2023,0,Fall 2025,2.16,1.73,0,0,100.0,90.6,100.0,86.0,73,65,0.43000000000000016,9.400000000000006,14.0,8,IMPROVING,IMPROVING,IMPROVING
STU0946,Student 946,Engineering College A,Computer Science,B.Tech,1,2,2023,0,Fall 2025,2.92,2.91,0,0,80.3,80.2,96.2,83.4,57,62,0.0,0.09999999999999432,12.799999999999997,-5,UNKNOWN,STABLE,IMPROVING
STU0947,Student 947,Engineering College A,Computer Science,B.Tech,1,2,2023,0,Fall 2025,2.73,2.75,0,1,79.0,83.0,100.0,100.0,45,52,-0.020000000000000018,-4.0,0.0,-7,STABLE,DETERIORATING,STABLE
STU0948,Student 948,Engineering College A,Business,B.Tech,3,1,2023,1,Fall 2025,2.19,2.87,1,1,61.6,77.6,61.0,82.7,33,48,-0.6800000000000002,-15.999999999999993,-21.700000000000003,-15,DETERIORATING,DETERIORATING,DETERIORATING
STU0949,Student 949,Engineering College A,Mechanical,B.Tech,3,1,2023,1,Fall 2025,2.66,3.08,3,1,67.8,81.4,46.1,70.4,36,51,-0.41999999999999993,-13.600000000000009,-24.300000000000004,-15,DETERIORATING,DETERIORATING,DETERIORATING
STU0950,Student 950,Engineering College A,Electrical,B.Tech,1,2,2023,1,Fall 2025,2.97,2.2,0,0,100.0,94.7,52.9,53.5,39,40,0.77,5.299999999999997,-0.6000000000000014,-1,IMPROVING,IMPROVING,STABLE
STU0951,Student 951,Engineering College A,Civil,B.Tech,2,1,2023,0,Fall 2025,3.05,3.12,0,0,88.4,86.6,100.0,93.5,44,36,-0.07000000000000028,1.8000000000000114,6.5,8,STABLE,STABLE,IMPROVING
STU0952,Student 952,Engineering College A,Computer Science,B.Tech,1,2,2023,0,Fall 2025,2.77,2.54,0,0,80.9,85.9,92.1,77.9,44,49,0.22999999999999998,-5.0,14.199999999999989,-5,IMPROVING,DETERIORATING,IMPROVING
STU0953,Student 953,Engineering College A,Civil,B.Tech,2,2,2023,0,Fall 2025,4.0,3.88,2,0,97.0,99.7,74.0,81.1,52,65,0.1200000000000001,-2.700000000000003,-7.099999999999994,-13,IMPROVING,DETERIORATING,DETERIORATING
STU0954,Student 954,Engineering College A,Mechanical,B.Tech,3,2,2023,1,Fall 2025,3.15,3.25,1,1,58.3,81.0,83.9,92.4,5,24,-0.10000000000000009,-22.700000000000003,-8.5,-19,DETERIORATING,DETERIORATING,DETERIORATING
STU0955,Student 955,Engineering College A,Mechanical,B.Tech,2,2,2023,0,Fall 2025,2.19,2.54,0,1,77.4,85.0,100.0,96.2,44,55,-0.3500000000000001,-7.599999999999994,3.799999999999997,-11,DETERIORATING,DETERIORATING,STABLE
STU0956,Student 956,Engineering College A,Civil,B.Tech,4,1,2023,0,Fall 2025,2.42,2.57,0,0,86.3,83.5,69.2,61.5,52,49,-0.1499999999999999,2.799999999999997,7.700000000000003,3,DETERIORATING,IMPROVING,IMPROVING
STU0957,Student 957,Engineering College A,Electrical,B.Tech,3,1,2023,0,Fall 2025,3.46,3.18,0,0,60.0,51.0,78.3,76.5,65,63,0.2799999999999998,9.0,1.7999999999999972,2,IMPROVING,IMPROVING,STABLE
STU0958,Student 958,Engineering College A,Mechanical,B.Tech,1,2,2023,0,Fall 2025,2.58,2.47,0,0,86.7,90.3,45.3,59.2,59,51,0.10999999999999988,-3.5999999999999943,-13.900000000000006,8,IMPROVING,DETERIORATING,DETERIORATING
STU0959,Student 959,Engineering College A,Civil,B.Tech,1,2,2023,0,Fall 2025,2.87,2.99,0,0,72.4,73.6,81.5,67.5,10,14,-0.1200000000000001,-1.1999999999999886,14.0,-4,DETERIORATING,STABLE,IMPROVING
STU0960,Student 960,Engineering College A,Computer Science,B.Tech,3,1,2023,0,Fall 2025,3.98,3.73,0,0,78.0,81.2,83.2,97.0,25,36,0.25,-3.200000000000003,-13.799999999999997,-11,IMPROVING,DETERIORATING,DETERIORATING
STU0961,Student 961,Engineering College A,Civil,B.Tech,3,1,2023,0,Fall 2025,4.0,4.0,1,0,72.5,77.1,64.0,77.9,28,31,0.0,-4.599999999999994,-13.900000000000006,-3,STABLE,DETERIORATING,DETERIORATING
STU0962,Student 962,Engineering College A,Civil,B.Tech,4,1,2023,0,Fall 2025,2.85,2.76,0,0,63.5,64.6,46.6,57.3,52,53,0.0900000000000003,-1.0999999999999943,-10.699999999999996,-1,STABLE,STABLE,DETERIORATING
STU0963,Student 963,Engineering College A,Business,B.Tech,3,2,2023,0,Fall 2025,2.88,2.61,1,0,86.9,88.9,82.7,71.7,25,25,0.27,-2.0,11.0,0,IMPROVING,STABLE,IMPROVING
STU0964,Student 964,Engineering College A,Mechanical,B.Tech,1,1,2023,0,Fall 2025,2.75,3.1,0,0,90.6,100.0,85.1,70.7,68,58,-0.3500000000000001,-9.400000000000006,14.399999999999991,10,DETERIORATING,DETERIORATING,IMPROVING
STU0965,Student 965,Engineering College A,Electrical,B.Tech,4,2,2023,0,Fall 2025,3.26,3.44,0,0,85.8,84.2,67.9,75.7,30,42,-0.18000000000000016,1.5999999999999943,-7.799999999999997,-12,DETERIORATING,STABLE,DETERIORATING
STU0966,Student 966,Engineering College A,Electrical,B.Tech,1,2,2023,0,Fall 2025,4.0,3.89,2,0,74.7,76.1,48.2,52.3,39,48,0.10999999999999988,-1.3999999999999915,-4.099999999999994,-9,IMPROVING,STABLE,STABLE
STU0967,Student 967,Engineering College A,Business,B.Tech,2,1,2023,0,Fall 2025,2.26,2.11,0,0,100.0,100.0,78.6,89.3,22,33,0.1499999999999999,0.0,-10.700000000000003,-11,IMPROVING,STABLE,DETERIORATING
STU0968,Student 968,Engineering College A,Electrical,B.Tech,3,2,2023,0,Fall 2025,2.89,2.5,0,0,89.1,81.6,94.2,84.5,59,51,0.3900000000000001,7.5,9.700000000000003,8,IMPROVING,IMPROVING,IMPROVING
STU0969,Student 969,Engineering College A,Civil,B.Tech,2,1,2023,0,Fall 2025,1.47,1.7,0,2,57.8,68.6,70.4,67.6,18,18,-0.22999999999999998,-10.799999999999997,2.8000000000000114,0,DETERIORATING,DETERIORATING,STABLE
STU0970,Student 970,Engineering College A,Business,B.Tech,1,2,2023,0,Fall 2025,2.62,2.91,0,0,77.1,88.4,71.9,67.6,35,35,-0.29000000000000004,-11.300000000000011,4.300000000000011,0,DETERIORATING,DETERIORATING,STABLE
STU0971,Student 971,Engineering College A,Computer Science,B.Tech,2,2,2023,1,Fall 2025,3.07,3.22,1,0,68.8,70.3,67.7,81.1,65,66,-0.15000000000000036,-1.5,-13.399999999999991,-1,DETERIORATING,STABLE,DETERIORATING
STU0972,Student 972,Engineering College A,Mechanical,B.Tech,2,2,2023,1,Fall 2025,3.77,3.63,1,2,60.0,91.9,41.3,68.3,64,70,0.14000000000000012,-31.900000000000006,-27.0,-6,IMPROVING,DETERIORATING,DETERIORATING
STU0973,Student 973,Engineering College A,Mechanical,B.Tech,1,2,2023,0,Fall 2025,3.26,3.3,0,0,72.8,70.3,77.3,70.9,56,63,-0.040000000000000036,2.5,6.3999999999999915,-7,STABLE,IMPROVING,IMPROVING
STU0974,Student 974,Engineering College A,Mechanical,B.Tech,1,2,2023,0,Fall 2025,2.13,1.94,0,0,90.6,86.4,69.5,69.9,56,47,0.18999999999999995,4.199999999999989,-0.4000000000000057,9,IMPROVING,IMPROVING,STABLE
STU0975,Student 975,Engineering College A,Civil,B.Tech,3,2,2023,0,Fall 2025,3.09,2.8,1,0,74.3,73.5,86.5,87.6,60,56,0.29000000000000004,0.7999999999999972,-1.0999999999999943,4,IMPROVING,STABLE,STABLE
STU0976,Student 976,Engineering College A,Computer Science,B.Tech,2,1,2023,0,Fall 2025,2.89,3.0,0,0,73.0,83.5,74.6,84.8,26,33,-0.10999999999999988,-10.5,-10.200000000000003,-7,DETERIORATING,DETERIORATING,DETERIORATING
STU0977,Student 977,Engineering College A,Business,B.Tech,4,1,2023,0,Fall 2025,2.19,2.56,1,0,68.9,74.5,80.5,94.3,33,32,-0.3700000000000001,-5.599999999999994,-13.799999999999997,1,DETERIORATING,DETERIORATING,DETERIORATING
STU0978,Student 978,Engineering College A,Business,B.Tech,4,2,2023,0,Fall 2025,1.67,1.78,0,0,89.7,91.9,56.6,65.4,84,70,-0.1100000000000001,-2.200000000000003,-8.800000000000004,14,DETERIORATING,DETERIORATING,DETERIORATING
STU0979,Student 979,Engineering College A,Mechanical,B.Tech,1,1,2023,0,Fall 2025,3.83,4.0,0,0,51.8,57.7,70.2,81.0,44,51,-0.16999999999999993,-5.900000000000006,-10.799999999999997,-7,DETERIORATING,DETERIORATING,DETERIORATING
STU0980,Student 980,Engineering College A,Computer Science,B.Tech,1,2,2023,0,Fall 2025,3.33,3.45,0,0,91.1,87.5,62.7,74.4,95,87,-0.1200000000000001,3.5999999999999943,-11.700000000000003,8,DETERIORATING,IMPROVING,DETERIORATING
STU0981,Student 981,Engineering College A,Computer Science,B.Tech,2,1,2023,0,Fall 2025,2.52,2.68,0,1,69.5,70.2,81.0,92.7,53,40,-0.16000000000000014,-0.7000000000000028,-11.700000000000003,13,DETERIORATING,STABLE,DETERIORATING
STU0982,Student 982,Engineering College A,Computer Science,B.Tech,1,1,2023,0,Fall 2025,2.53,3.02,2,0,75.0,82.5,89.2,75.8,37,32,-0.4900000000000002,-7.5,13.400000000000006,5,DETERIORATING,DETERIORATING,IMPROVING
STU0983,Student 983,Engineering College A,Electrical,B.Tech,4,2,2023,0,Fall 2025,2.04,1.24,0,0,93.3,77.4,62.9,66.6,42,53,0.8,15.899999999999991,-3.6999999999999957,-11,IMPROVING,IMPROVING,STABLE
STU0984,Student 984,Engineering College A,Electrical,B.Tech,3,1,2023,0,Fall 2025,2.63,2.76,0,0,80.3,75.8,57.7,66.9,52,42,-0.1299999999999999,4.5,-9.200000000000003,10,DETERIORATING,IMPROVING,DETERIORATING
STU0985,Student 985,Engineering College A,Mechanical,B.Tech,3,2,2023,0,Fall 2025,3.32,3.65,1,0,73.6,85.7,79.5,82.0,77,65,-0.33000000000000007,-12.100000000000009,-2.5,12,DETERIORATING,DETERIORATING,STABLE
STU0986,Student 986,Engineering College A,Computer Science,B.Tech,2,1,2023,0,Fall 2025,3.46,3.54,0,0,83.0,84.1,69.6,68.5,10,19,-0.08000000000000007,-1.0999999999999943,1.0999999999999943,-9,STABLE,STABLE,STABLE
STU0987,Student 987,Engineering College A,Computer Science,B.Tech,3,2,2023,0,Fall 2025,2.72,2.46,1,0,96.5,98.6,90.2,78.6,13,14,0.26000000000000023,-2.0999999999999943,11.600000000000009,-1,IMPROVING,DETERIORATING,IMPROVING
STU0988,Student 988,Engineering College A,Business,B.Tech,1,1,2023,1,Fall 2025,3.36,3.19,0,2,82.5,78.5,100.0,88.3,23,28,0.16999999999999993,4.0,11.700000000000003,-5,IMPROVING,IMPROVING,IMPROVING
STU0989,Student 989,Engineering College A,Business,B.Tech,1,2,2023,1,Fall 2025,1.8,2.24,0,0,78.1,85.5,100.0,100.0,71,58,-0.44000000000000017,-7.400000000000006,0.0,13,DETERIORATING,DETERIORATING,STABLE
STU0990,Student 990,Engineering College A,Mechanical,B.Tech,1,1,2023,0,Fall 2025,2.77,2.53,0,0,90.8,95.6,61.9,64.5,53,60,0.2400000000000002,-4.799999999999997,-2.6000000000000014,-7,IMPROVING,DETERIORATING,STABLE
STU0991,Student 991,Engineering College A,Computer Science,B.Tech,1,2,2023,1,Fall 2025,2.8,2.6,0,0,84.7,86.1,37.2,29.4,24,34,0.19999999999999973,-1.3999999999999915,7.800000000000004,-10,IMPROVING,STABLE,IMPROVING
STU0992,Student 992,Engineering College A,Mechanical,B.Tech,2,1,2023,0,Fall 2025,3.22,3.1,0,0,88.7,88.2,75.6,84.3,37,33,0.1200000000000001,0.5,-8.700000000000003,4,IMPROVING,STABLE,DETERIORATING
STU0993,Student 993,Engineering College A,Business,B.Tech,3,2,2023,0,Fall 2025,2.7,2.04,0,0,100.0,94.8,100.0,100.0,32,41,0.6600000000000001,5.200000000000003,0.0,-9,IMPROVING,IMPROVING,STABLE
STU0994,Student 994,Engineering College A,Business,B.Tech,4,1,2023,0,Fall 2025,1.85,1.66,0,1,83.7,86.0,80.2,84.0,47,38,0.19000000000000017,-2.299999999999997,-3.799999999999997,9,IMPROVING,DETERIORATING,STABLE
STU0995,Student 995,Engineering College A,Electrical,B.Tech,3,2,2023,0,Fall 2025,3.59,3.46,0,0,67.3,70.5,76.6,88.8,45,50,0.1299999999999999,-3.200000000000003,-12.200000000000003,-5,IMPROVING,DETERIORATING,DETERIORATING
STU0996,Student 996,Engineering College A,Mechanical,B.Tech,1,1,2023,0,Fall 2025,2.67,2.93,0,2,85.5,94.8,69.8,62.6,50,42,-0.26000000000000023,-9.299999999999997,7.199999999999996,8,DETERIORATING,DETERIORATING,IMPROVING
STU0997,Student 997,Engineering College A,Mechanical,B.Tech,4,2,2023,1,Fall 2025,1.77,2.44,1,1,77.6,94.9,68.6,76.0,35,58,-0.6699999999999999,-17.30000000000001,-7.400000000000006,-23,DETERIORATING,DETERIORATING,DETERIORATING
STU0998,Student 998,Engineering College A,Computer Science,B.Tech,2,2,2023,0,Fall 2025,2.77,2.62,0,1,92.0,90.0,67.9,72.1,10,0,0.1499999999999999,2.0,-4.199999999999989,10,IMPROVING,STABLE,STABLE
STU0999,Student 999,Engineering College A,Computer Science,B.Tech,1,2,2023,1,Fall 2025,1.87,2.87,2,2,43.0,74.3,87.2,99.6,41,51,-1.0,-31.299999999999997,-12.399999999999991,-10,DETERIORATING,DETERIORATING,DETERIORATING
STU1000,Student 1000,Engineering College A,Electrical,B.Tech,1,2,2023,0,Fall 2025,2.97,3.02,0,0,69.5,73.4,94.7,84.8,37,32,-0.04999999999999982,-3.9000000000000057,9.900000000000006,5,STABLE,DETERIORATING,IMPROVING
STU1001,Student 1001,Engineering College A,Civil,B.Tech,4,1,2023,0,Fall 2025,3.34,3.22,0,0,100.0,97.2,90.4,100.0,15,12,0.11999999999999966,2.799999999999997,-9.599999999999994,3,IMPROVING,IMPROVING,DETERIORATING
STU1002,Student 1002,Engineering College A,Civil,B.Tech,2,1,2023,0,Fall 2025,3.47,3.36,0,0,85.9,81.6,61.9,63.6,12,13,0.11000000000000032,-0.9000000000000057,-1.7000000000000028,-1,IMPROVING,UNKNOWN,STABLE
STU1003,Student 1003,Engineering College A,Civil,B.Tech,4,1,2023,1,Fall 2025,2.87,3.53,0,1,71.5,78.6,38.0,61.7,44,57,-0.6599999999999997,-7.099999999999994,-23.700000000000003,-13,DETERIORATING,DETERIORATING,DETERIORATING
STU1004,Student 1004,Engineering College A,Mechanical,B.Tech,2,2,2023,1,Fall 2025,3.39,3.24,0,0,81.8,77.6,93.0,100.0,43,51,0.1499999999999999,4.200000000000003,-7.0,-8,IMPROVING,IMPROVING,DETERIORATING
STU1005,Student 1005,Engineering College A,Mechanical,B.Tech,1,2,2023,0,Fall 2025,3.7,3.76,0,0,83.7,83.6,80.0,89.9,19,15,-0.05999999999999961,0.10000000000000853,-9.900000000000006,4,STABLE,STABLE,DETERIORATING
STU1006,Student 1006,Engineering College A,Business,B.Tech,3,2,2023,0,Fall 2025,2.71,2.5,0,0,100.0,94.4,50.2,54.2,23,35,0.20999999999999996,5.599999999999994,-4.0,-12,IMPROVING,IMPROVING,STABLE
STU1007,Student 1007,Engineering College A,Mechanical,B.Tech,1,2,2023,0,Fall 2025,2.78,2.62,0,1,85.8,86.8,72.3,86.3,36,43,0.1599999999999997,-1.0,-14.0,-7,IMPROVING,STABLE,DETERIORATING
STU1008,Student 1008,Engineering College A,Mechanical,B.Tech,3,2,2023,0,Fall 2025,2.26,2.1,2,0,80.4,80.8,85.3,79.9,52,49,0.1599999999999997,-0.3999999999999915,5.3999999999999915,3,IMPROVING,STABLE,IMPROVING
STU1009,Student 1009,Engineering College A,Mechanical,B.Tech,3,1,2023,0,Fall 2025,2.43,1.97,0,0,88.2,73.9,75.4,89.0,45,53,0.4600000000000002,14.299999999999997,-13.599999999999994,-8,IMPROVING,IMPROVING,DETERIORATING
STU1010,Student 1010,Engineering College A,Electrical,B.Tech,2,1,2023,1,Fall 2025,4.0,4.0,0,0,81.9,78.3,70.1,72.8,28,43,0.0,3.6000000000000085,-2.700000000000003,-15,STABLE,IMPROVING,STABLE
STU1011,Student 1011,Engineering College A,Mechanical,B.Tech,4,1,2023,0,Fall 2025,2.99,2.87,0,0,60.0,59.6,69.3,78.3,59,47,0.1200000000000001,0.3999999999999986,-9.0,12,IMPROVING,STABLE,DETERIORATING
STU1012,Student 1012,Engineering College A,Computer Science,B.Tech,2,2,2023,0,Fall 2025,2.97,3.56,0,1,74.3,83.2,49.1,78.6,66,84,-0.5899999999999999,-8.900000000000006,-29.499999999999993,-18,DETERIORATING,DETERIORATING,DETERIORATING
STU1013,Student 1013,Engineering College A,Computer Science,B.Tech,1,2,2023,1,Fall 2025,1.57,2.91,3,0,66.5,87.7,62.7,74.0,30,46,0.0,-21.200000000000003,-11.299999999999997,-16,UNKNOWN,DETERIORATING,DETERIORATING
STU1014,Student 1014,Engineering College A,Business,B.Tech,4,2,2023,0,Fall 2025,1.82,2.13,0,0,63.3,77.0,56.2,62.5,70,61,-0.30999999999999983,-13.700000000000003,-6.299999999999997,9,DETERIORATING,DETERIORATING,DETERIORATING
STU1015,Student 1015,Engineering College A,Electrical,B.Tech,3,2,2023,0,Fall 2025,2.56,2.63,0,0,60.0,54.0,100.0,91.9,86,79,-0.06999999999999984,6.0,8.099999999999994,7,STABLE,IMPROVING,IMPROVING
STU1016,Student 1016,Engineering College A,Computer Science,B.Tech,3,2,2023,1,Fall 2025,3.41,3.79,3,1,55.9,71.2,74.9,98.0,0,12,-0.3799999999999999,-15.300000000000004,-23.099999999999994,-12,DETERIORATING,DETERIORATING,DETERIORATING
STU1017,Student 1017,Engineering College A,Electrical,B.Tech,1,2,2023,1,Fall 2025,2.8,2.67,0,0,82.3,79.8,54.9,62.5,15,21,0.1299999999999999,2.5,-7.600000000000001,-6,IMPROVING,IMPROVING,DETERIORATING
STU1018,Student 1018,Engineering College A,Electrical,B.Tech,4,2,2023,0,Fall 2025,1.9,1.08,0,0,82.5,64.7,35.9,38.3,42,37,0.8199999999999998,17.799999999999997,-2.3999999999999986,5,IMPROVING,IMPROVING,STABLE
STU1019,Student 1019,Engineering College A,Business,B.Tech,1,1,2023,0,Fall 2025,2.2,2.81,3,1,48.2,63.5,83.5,91.3,35,54,-0.6099999999999999,-15.299999999999997,-7.799999999999997,-19,DETERIORATING,DETERIORATING,DETERIORATING
STU1020,Student 1020,Engineering College A,Electrical,B.Tech,1,1,2023,0,Fall 2025,3.03,3.17,0,0,91.2,91.5,68.9,78.4,52,50,-0.14000000000000012,-0.29999999999999716,-9.5,2,DETERIORATING,STABLE,DETERIORATING
STU1021,Student 1021,Engineering College A,Mechanical,B.Tech,2,2,2023,0,Fall 2025,2.69,1.72,1,0,88.4,81.1,65.1,64.2,51,49,0.97,7.300000000000011,0.8999999999999915,2,IMPROVING,IMPROVING,STABLE
STU1022,Student 1022,Engineering College A,Electrical,B.Tech,1,2,2023,0,Fall 2025,2.71,2.88,1,0,54.0,68.5,84.4,97.6,79,65,-0.16999999999999993,-14.5,-13.199999999999989,14,DETERIORATING,DETERIORATING,DETERIORATING
STU1023,Student 1023,Engineering College A,Business,B.Tech,4,2,2023,1,Fall 2025,2.13,2.83,1,0,69.9,83.8,57.1,79.5,8,27,-0.7000000000000002,-13.899999999999991,-22.4,-19,DETERIORATING,DETERIORATING,DETERIORATING
STU1024,Student 1024,Engineering College A,Business,B.Tech,1,1,2023,0,Fall 2025,2.78,3.19,1,0,50.3,63.2,73.7,79.9,43,59,-0.41000000000000014,-12.900000000000006,-6.200000000000003,-16,DETERIORATING,DETERIORATING,DETERIORATING
STU1025,Student 1025,Engineering College A,Business,B.Tech,4,1,2023,1,Fall 2025,2.32,2.91,0,2,87.2,96.4,66.3,75.5,34,47,0.0,-9.200000000000003,-9.200000000000003,-13,UNKNOWN,DETERIORATING,DETERIORATING
STU1026,Student 1026,Engineering College A,Computer Science,B.Tech,3,2,2023,1,Fall 2025,3.6,3.5,0,0,80.4,81.4,56.2,60.8,22,31,0.10000000000000009,-1.0,-4.599999999999994,-9,IMPROVING,STABLE,STABLE
STU1027,Student 1027,Engineering College A,Mechanical,B.Tech,1,1,2023,1,Fall 2025,1.91,3.32,1,1,49.4,79.5,53.0,72.9,14,25,-1.41,-30.1,-19.900000000000006,-11,DETERIORATING,DETERIORATING,DETERIORATING
STU1028,Student 1028,Engineering College A,Computer Science,B.Tech,4,1,2023,0,Fall 2025,3.18,2.9,1,0,68.1,68.8,92.5,84.6,36,48,0.28000000000000025,-0.7000000000000028,7.900000000000006,-12,IMPROVING,STABLE,IMPROVING
STU1029,Student 1029,Engineering College A,Civil,B.Tech,3,1,2023,0,Fall 2025,2.29,2.27,0,0,73.6,70.2,96.1,83.3,20,21,0.020000000000000018,3.3999999999999915,12.799999999999997,-1,STABLE,IMPROVING,IMPROVING
STU1030,Student 1030,Engineering College A,Mechanical,B.Tech,4,2,2023,0,Fall 2025,4.0,4.0,0,0,100.0,100.0,87.5,79.4,10,6,0.0,0.0,8.099999999999994,4,STABLE,STABLE,IMPROVING
STU1031,Student 1031,Engineering College A,Electrical,B.Tech,3,1,2023,0,Fall 2025,3.2,2.95,1,0,82.6,86.8,68.5,60.0,28,18,0.25,-4.200000000000003,8.5,10,IMPROVING,DETERIORATING,IMPROVING
STU1032,Student 1032,Engineering College A,Business,B.Tech,2,1,2023,0,Fall 2025,1.32,1.5,0,0,88.1,88.8,82.7,78.0,55,50,-0.17999999999999994,-0.7000000000000028,4.700000000000003,5,DETERIORATING,STABLE,STABLE
STU1033,Student 1033,Engineering College A,Civil,B.Tech,1,2,2023,0,Fall 2025,3.03,2.5,0,0,100.0,100.0,61.2,59.8,49,53,0.5299999999999998,0.0,1.4000000000000057,-4,IMPROVING,STABLE,STABLE
STU1034,Student 1034,Engineering College A,Mechanical,B.Tech,1,2,2023,0,Fall 2025,3.24,3.72,0,0,73.3,81.0,100.0,100.0,17,21,-0.48,-7.700000000000003,0.0,-4,DETERIORATING,DETERIORATING,STABLE
STU1035,Student 1035,Engineering College A,Computer Science,B.Tech,3,1,2023,0,Fall 2025,3.24,3.2,0,0,73.8,76.5,78.1,70.3,60,68,0.040000000000000036,-2.700000000000003,7.799999999999997,-8,STABLE,DETERIORATING,IMPROVING
STU1036,Student 1036,Engineering College A,Business,B.Tech,2,2,2023,1,Fall 2025,3.05,2.8,0,1,99.7,100.0,96.0,100.0,10,22,0.25,-0.29999999999999716,-4.0,-12,IMPROVING,STABLE,STABLE
STU1037,Student 1037,Engineering College A,Computer Science,B.Tech,4,1,2023,0,Fall 2025,3.78,4.0,0,0,67.1,77.9,94.6,81.4,37,31,-0.2200000000000002,-10.800000000000011,13.199999999999989,6,DETERIORATING,DETERIORATING,IMPROVING
STU1038,Student 1038,Engineering College A,Mechanical,B.Tech,2,1,2023,0,Fall 2025,3.25,3.28,0,0,80.1,83.5,72.1,77.2,47,38,-0.029999999999999805,-3.4000000000000057,-5.1000000000000085,9,STABLE,DETERIORATING,DETERIORATING
STU1039,Student 1039,Engineering College A,Mechanical,B.Tech,4,2,2023,0,Fall 2025,2.24,2.66,0,0,56.1,63.4,83.9,82.2,48,52,-0.41999999999999993,-7.299999999999997,1.7000000000000028,-4,DETERIORATING,DETERIORATING,STABLE
STU1040,Student 1040,Engineering College A,Civil,B.Tech,4,2,2023,1,Fall 2025,3.65,3.5,0,1,78.0,76.9,96.0,81.5,51,61,0.1499999999999999,1.0999999999999943,14.5,-10,IMPROVING,STABLE,IMPROVING
STU1041,Student 1041,Engineering College A,Electrical,B.Tech,1,1,2023,0,Fall 2025,3.18,2.99,0,0,92.0,92.4,72.8,81.7,24,39,0.18999999999999995,-0.4000000000000057,-8.900000000000006,-15,IMPROVING,STABLE,DETERIORATING
STU1042,Student 1042,Engineering College A,Computer Science,B.Tech,3,2,2023,0,Fall 2025,3.11,2.84,1,0,62.6,66.2,48.1,52.6,30,36,0.27,-3.6000000000000014,-4.5,-6,IMPROVING,DETERIORATING,STABLE
STU1043,Student 1043,Engineering College A,Civil,B.Tech,1,2,2023,1,Fall 2025,3.67,3.58,0,0,96.0,94.0,50.2,62.8,41,40,0.08999999999999986,2.0,-12.599999999999994,1,STABLE,STABLE,DETERIORATING
STU1044,Student 1044,Engineering College A,Business,B.Tech,1,1,2023,0,Fall 2025,3.36,3.42,2,0,80.5,85.0,86.4,92.9,10,0,-0.06000000000000005,-4.5,-6.5,10,STABLE,DETERIORATING,DETERIORATING
STU1045,Student 1045,Engineering College A,Electrical,B.Tech,1,1,2023,1,Fall 2025,1.94,3.75,1,1,60.1,81.6,64.2,74.2,0,9,-1.81,-0.9000000000000057,-10.0,-9,DETERIORATING,UNKNOWN,DETERIORATING
STU1046,Student 1046,Engineering College A,Civil,B.Tech,4,1,2023,0,Fall 2025,3.71,4.0,0,0,69.0,77.4,83.2,76.0,52,41,-0.29000000000000004,-8.400000000000006,7.200000000000003,11,DETERIORATING,DETERIORATING,IMPROVING
STU1047,Student 1047,Engineering College A,Computer Science,B.Tech,1,1,2023,1,Fall 2025,3.02,3.11,0,0,89.0,91.4,68.1,76.1,27,23,-0.08999999999999986,-2.4000000000000057,-8.0,4,STABLE,DETERIORATING,DETERIORATING
STU1048,Student 1048,Engineering College A,Mechanical,B.Tech,4,1,2023,0,Fall 2025,3.43,3.49,0,0,65.3,64.5,91.7,91.1,33,34,-0.06000000000000005,0.7999999999999972,0.6000000000000085,-1,STABLE,STABLE,STABLE
STU1049,Student 1049,Engineering College A,Business,B.Tech,3,1,2023,1,Fall 2025,2.53,3.78,2,1,56.3,88.5,76.8,83.2,44,62,-1.25,-32.2,-6.400000000000006,-18,DETERIORATING,DETERIORATING,DETERIORATING
STU1050,Student 1050,Engineering College A,Computer Science,B.Tech,4,2,2023,0,Fall 2025,3.31,3.31,0,0,85.1,86.5,74.8,84.3,11,0,0.0,-1.4000000000000057,-9.5,11,STABLE,STABLE,DETERIORATING
STU1051,Student 1051,Engineering College A,Electrical,B.Tech,4,2,2023,1,Fall 2025,2.7,3.78,3,0,60.4,87.9,43.8,69.3,38,61,-1.0799999999999996,-27.500000000000007,-25.5,-23,DETERIORATING,DETERIORATING,DETERIORATING
STU1052,Student 1052,Engineering College A,Electrical,B.Tech,2,1,2023,1,Fall 2025,3.6,3.42,0,0,100.0,100.0,94.3,91.7,23,34,0.18000000000000016,0.0,2.5999999999999943,-11,IMPROVING,STABLE,STABLE
STU1053,Student 1053,Engineering College A,Mechanical,B.Tech,1,2,2023,1,Fall 2025,3.02,3.78,1,0,84.1,100.0,67.8,88.1,15,39,-0.7599999999999998,-15.900000000000006,-20.299999999999997,-24,DETERIORATING,DETERIORATING,DETERIORATING
STU1054,Student 1054,Engineering College A,Mechanical,B.Tech,1,2,2023,0,Fall 2025,4.0,3.78,1,0,61.0,61.2,97.0,87.3,81,71,0.2200000000000002,-0.20000000000000284,9.700000000000003,10,IMPROVING,STABLE,IMPROVING
STU1055,Student 1055,Engineering College A,Business,B.Tech,1,1,2023,0,Fall 2025,1.55,1.76,0,1,58.0,78.1,70.8,93.5,13,23,-0.20999999999999996,-20.099999999999994,-22.700000000000003,-10,DETERIORATING,DETERIORATING,DETERIORATING
STU1056,Student 1056,Engineering College A,Business,B.Tech,1,2,2023,0,Fall 2025,3.22,3.0,0,0,76.7,81.3,100.0,99.9,34,30,0.2200000000000002,-4.599999999999994,0.09999999999999432,4,IMPROVING,DETERIORATING,STABLE
STU1057,Student 1057,Engineering College A,Mechanical,B.Tech,2,2,2023,0,Fall 2025,3.77,3.86,0,0,82.2,82.5,76.5,62.1,25,35,-0.08999999999999986,-0.29999999999999716,14.399999999999999,-10,STABLE,STABLE,IMPROVING
STU1058,Student 1058,Engineering College A,Mechanical,B.Tech,2,1,2023,0,Fall 2025,3.57,4.0,2,1,93.3,100.0,92.4,95.0,45,37,-0.43000000000000016,-6.700000000000003,-2.5999999999999943,8,DETERIORATING,DETERIORATING,STABLE
STU1059,Student 1059,Engineering College A,Electrical,B.Tech,2,2,2023,1,Fall 2025,2.81,2.91,0,0,61.8,65.4,52.0,53.8,79,86,0.0,-3.6000000000000085,-1.7999999999999972,-7,UNKNOWN,DETERIORATING,STABLE
STU1060,Student 1060,Engineering College A,Mechanical,B.Tech,2,2,2023,0,Fall 2025,2.98,2.68,1,0,83.1,84.8,86.6,84.0,50,42,0.2999999999999998,-1.7000000000000028,2.5999999999999943,8,IMPROVING,STABLE,STABLE
STU1061,Student 1061,Engineering College A,Civil,B.Tech,1,1,2023,1,Fall 2025,2.02,3.56,2,1,66.1,77.3,72.0,100.0,13,28,-1.54,-11.200000000000003,-28.0,-15,DETERIORATING,DETERIORATING,DETERIORATING
STU1062,Student 1062,Engineering College A,Computer Science,B.Tech,4,2,2023,1,Fall 2025,2.4,3.17,2,0,76.7,85.9,34.1,43.9,0,13,-0.77,-9.200000000000003,-9.799999999999997,-13,DETERIORATING,DETERIORATING,DETERIORATING
STU1063,Student 1063,Engineering College A,Mechanical,B.Tech,3,2,2023,1,Fall 2025,3.01,3.0,0,0,83.3,79.4,44.4,59.2,58,44,0.009999999999999787,3.8999999999999915,-14.800000000000004,14,STABLE,IMPROVING,DETERIORATING
STU1064,Student 1064,Engineering College A,Business,B.Tech,2,2,2023,0,Fall 2025,3.16,3.03,0,0,75.2,74.6,53.8,66.5,24,24,0.13000000000000034,0.6000000000000085,-12.700000000000003,0,IMPROVING,STABLE,DETERIORATING
STU1065,Student 1065,Engineering College A,Civil,B.Tech,4,1,2023,0,Fall 2025,3.38,3.11,0,0,94.7,93.3,75.1,87.3,84,99,0.27,1.4000000000000057,-12.200000000000003,-15,IMPROVING,STABLE,DETERIORATING
STU1066,Student 1066,Engineering College A,Business,B.Tech,2,1,2023,0,Fall 2025,2.81,3.0,0,2,97.8,100.0,69.3,82.7,18,6,-0.18999999999999995,-2.200000000000003,-13.400000000000006,12,DETERIORATING,DETERIORATING,DETERIORATING
STU1067,Student 1067,Engineering College A,Civil,B.Tech,1,2,2023,0,Fall 2025,3.59,3.42,0,1,81.6,77.6,54.9,62.9,79,89,0.16999999999999993,4.0,-8.0,-10,IMPROVING,IMPROVING,DETERIORATING
STU1068,Student 1068,Engineering College A,Mechanical,B.Tech,1,2,2023,0,Fall 2025,2.09,2.49,0,1,82.8,93.7,43.5,50.2,32,19,-0.40000000000000036,-10.900000000000006,-6.700000000000003,13,DETERIORATING,DETERIORATING,DETERIORATING
STU1069,Student 1069,Engineering College A,Computer Science,B.Tech,4,1,2023,0,Fall 2025,3.64,3.75,0,0,73.0,85.7,83.8,69.8,60,65,-0.10999999999999988,-12.700000000000003,14.0,-5,DETERIORATING,DETERIORATING,IMPROVING
STU1070,Student 1070,Engineering College A,Business,B.Tech,4,1,2023,0,Fall 2025,3.23,3.32,0,0,85.8,86.5,100.0,96.2,42,52,-0.08999999999999986,-0.7000000000000028,3.799999999999997,-10,STABLE,STABLE,STABLE
STU1071,Student 1071,Engineering College A,Civil,B.Tech,4,2,2023,0,Fall 2025,2.57,2.14,0,0,100.0,98.0,87.3,79.9,47,50,0.4299999999999997,2.0,7.3999999999999915,-3,IMPROVING,STABLE,IMPROVING
STU1072,Student 1072,Engineering College A,Electrical,B.Tech,1,1,2023,0,Fall 2025,3.15,3.39,0,0,61.2,72.4,56.2,51.2,47,39,-0.2400000000000002,-11.200000000000003,5.0,8,DETERIORATING,DETERIORATING,STABLE
STU1073,Student 1073,Engineering College A,Mechanical,B.Tech,1,2,2023,0,Fall 2025,2.92,2.73,0,0,60.0,57.0,74.2,66.1,63,65,0.18999999999999995,3.0,8.100000000000009,-2,IMPROVING,IMPROVING,IMPROVING
STU1074,Student 1074,Engineering College A,Computer Science,B.Tech,3,2,2023,0,Fall 2025,2.44,1.72,1,0,100.0,99.7,59.7,69.3,51,49,0.72,0.29999999999999716,-9.599999999999994,2,IMPROVING,STABLE,DETERIORATING
STU1075,Student 1075,Engineering College A,Mechanical,B.Tech,4,1,2023,1,Fall 2025,1.58,3.43,0,2,55.5,90.2,69.3,96.6,0,24,-1.85,-34.7,-27.299999999999997,-24,DETERIORATING,DETERIORATING,DETERIORATING
STU1076,Student 1076,Engineering College A,Electrical,B.Tech,3,1,2023,0,Fall 2025,2.31,2.11,0,0,74.7,70.0,86.3,75.1,44,44,0.20000000000000018,4.700000000000003,11.200000000000003,0,IMPROVING,IMPROVING,IMPROVING
STU1077,Student 1077,Engineering College A,Computer Science,B.Tech,2,2,2023,0,Fall 2025,3.0,3.05,0,0,92.8,89.9,80.3,77.2,49,44,-0.04999999999999982,2.8999999999999915,3.0999999999999943,5,STABLE,IMPROVING,STABLE
STU1078,Student 1078,Engineering College A,Electrical,B.Tech,3,2,2023,0,Fall 2025,3.74,3.72,0,0,82.0,81.6,83.2,85.5,65,60,0.020000000000000018,-0.9000000000000057,-2.299999999999997,5,STABLE,UNKNOWN,STABLE
STU1079,Student 1079,Engineering College A,Mechanical,B.Tech,2,1,2023,0,Fall 2025,2.71,2.53,0,0,96.6,94.7,76.7,88.4,32,18,0.18000000000000016,1.8999999999999915,-11.700000000000003,14,IMPROVING,STABLE,DETERIORATING
STU1080,Student 1080,Engineering College A,Civil,B.Tech,2,2,2023,1,Fall 2025,3.02,3.13,1,1,51.6,58.2,59.6,71.1,9,26,-0.10999999999999988,-6.600000000000001,-11.499999999999993,-17,DETERIORATING,DETERIORATING,DETERIORATING
STU1081,Student 1081,Engineering College A,Mechanical,B.Tech,3,1,2023,0,Fall 2025,2.04,2.09,0,0,91.1,89.8,100.0,100.0,60,64,-0.04999999999999982,1.2999999999999972,0.0,-4,STABLE,STABLE,STABLE
STU1082,Student 1082,Engineering College A,Mechanical,B.Tech,4,1,2023,0,Fall 2025,2.72,2.84,0,0,68.6,67.1,83.4,83.4,37,29,-0.11999999999999966,1.5,0.0,8,DETERIORATING,STABLE,STABLE
STU1083,Student 1083,Engineering College A,Mechanical,B.Tech,2,1,2023,0,Fall 2025,2.62,2.46,1,1,69.7,68.7,93.6,93.4,89,75,0.16000000000000014,1.0,0.19999999999998863,14,IMPROVING,STABLE,STABLE
STU1084,Student 1084,Engineering College A,Business,B.Tech,4,1,2023,1,Fall 2025,2.14,3.3,3,2,56.9,77.9,75.9,85.9,10,20,-1.1599999999999997,-21.000000000000007,-10.0,-10,DETERIORATING,DETERIORATING,DETERIORATING
STU1085,Student 1085,Engineering College A,Electrical,B.Tech,1,1,2023,1,Fall 2025,2.56,2.62,3,2,46.2,84.5,72.8,97.0,44,50,-0.06000000000000005,-38.3,-24.200000000000003,-6,STABLE,DETERIORATING,DETERIORATING
STU1086,Student 1086,Engineering College A,Electrical,B.Tech,2,2,2023,0,Fall 2025,2.93,2.44,1,0,100.0,100.0,76.0,79.5,27,33,0.4900000000000002,0.0,-3.5,-6,IMPROVING,STABLE,STABLE
STU1087,Student 1087,Engineering College A,Electrical,B.Tech,1,1,2023,0,Fall 2025,2.34,2.27,0,0,76.8,72.2,57.4,49.1,52,64,0.06999999999999984,4.599999999999994,8.299999999999997,-12,STABLE,IMPROVING,IMPROVING
STU1088,Student 1088,Engineering College A,Business,B.Tech,3,1,2023,0,Fall 2025,3.33,3.35,0,0,62.3,61.5,68.2,65.4,40,38,-0.020000000000000018,0.7999999999999972,2.799999999999997,2,STABLE,STABLE,STABLE
STU1089,Student 1089,Engineering College A,Civil,B.Tech,4,1,2023,0,Fall 2025,2.27,2.4,3,1,68.8,89.7,62.3,68.9,58,82,-0.1299999999999999,-20.900000000000006,-6.6000000000000085,-24,DETERIORATING,DETERIORATING,DETERIORATING
STU1090,Student 1090,Engineering College A,Mechanical,B.Tech,3,1,2023,0,Fall 2025,3.21,3.01,0,0,71.3,73.2,81.0,78.3,22,36,0.20000000000000018,-1.9000000000000057,2.700000000000003,-14,IMPROVING,STABLE,STABLE
STU1091,Student 1091,Engineering College A,Civil,B.Tech,2,1,2023,1,Fall 2025,2.07,2.53,3,0,83.9,92.6,63.4,88.2,23,48,-0.45999999999999996,-8.699999999999989,-24.800000000000004,-25,DETERIORATING,DETERIORATING,DETERIORATING
STU1092,Student 1092,Engineering College A,Business,B.Tech,1,1,2023,0,Fall 2025,2.38,2.5,1,0,74.5,77.0,100.0,99.3,48,34,-0.1200000000000001,-2.5,0.7000000000000028,14,DETERIORATING,DETERIORATING,STABLE
STU1093,Student 1093,Engineering College A,Electrical,B.Tech,2,1,2023,0,Fall 2025,2.94,2.88,0,0,95.8,100.0,90.3,79.8,54,57,0.06000000000000005,-4.200000000000003,10.5,-3,STABLE,DETERIORATING,IMPROVING
STU1094,Student 1094,Engineering College A,Mechanical,B.Tech,3,2,2023,0,Fall 2025,2.54,2.97,0,0,76.9,83.0,85.7,100.0,60,61,-0.43000000000000016,-6.099999999999994,-14.299999999999997,-1,DETERIORATING,DETERIORATING,DETERIORATING
STU1095,Student 1095,Engineering College A,Computer Science,B.Tech,4,2,2023,0,Fall 2025,1.85,2.14,0,0,77.7,86.8,76.4,80.8,10,12,-0.29000000000000004,-9.099999999999994,-4.3999999999999915,-2,DETERIORATING,DETERIORATING,STABLE
STU1096,Student 1096,Engineering College A,Computer Science,B.Tech,4,2,2023,0,Fall 2025,3.08,2.85,0,0,93.3,95.9,56.2,65.5,38,33,0.22999999999999998,-2.6000000000000085,-9.299999999999997,5,IMPROVING,DETERIORATING,DETERIORATING
STU1097,Student 1097,Engineering College A,Civil,B.Tech,2,2,2023,0,Fall 2025,2.92,2.65,0,0,75.5,78.9,100.0,100.0,35,49,0.27,-3.4000000000000057,0.0,-14,IMPROVING,DETERIORATING,STABLE
STU1098,Student 1098,Engineering College A,Electrical,B.Tech,2,1,2023,0,Fall 2025,3.69,3.66,0,0,93.1,92.4,67.2,81.7,95,87,0.029999999999999805,0.6999999999999886,-14.5,8,STABLE,STABLE,DETERIORATING
STU1099,Student 1099,Engineering College A,Computer Science,B.Tech,1,2,2023,0,Fall 2025,2.1,2.27,0,0,86.1,84.7,71.9,78.2,35,47,-0.16999999999999993,1.3999999999999915,-6.299999999999997,-12,DETERIORATING,STABLE,DETERIORATING
STU1100,Student 1100,Engineering College A,Civil,B.Tech,3,1,2023,0,Fall 2025,2.5,2.45,0,0,78.4,81.6,51.6,63.7,44,35,0.04999999999999982,-0.9000000000000057,-12.100000000000001,9,STABLE,UNKNOWN,DETERIORATING
STU1101,Student 1101,Engineering College A,Business,B.Tech,2,2,2023,1,Fall 2025,2.64,2.75,0,0,71.3,72.9,86.4,77.2,10,8,-0.10999999999999988,-1.6000000000000085,9.200000000000003,2,DETERIORATING,STABLE,IMPROVING
STU1102,Student 1102,Engineering College A,Civil,B.Tech,1,2,2023,1,Fall 2025,3.23,3.55,2,1,65.9,71.7,58.6,79.8,0,25,-0.31999999999999984,-5.799999999999997,-21.199999999999996,-25,DETERIORATING,DETERIORATING,DETERIORATING
STU1103,Student 1103,Engineering College A,Civil,B.Tech,2,1,2023,1,Fall 2025,1.87,2.46,0,0,60.6,80.2,58.7,80.0,78,85,-0.5899999999999999,-19.6,-21.299999999999997,-7,DETERIORATING,DETERIORATING,DETERIORATING
STU1104,Student 1104,Engineering College A,Civil,B.Tech,4,1,2023,1,Fall 2025,1.73,3.51,2,0,66.8,95.1,88.0,95.0,47,67,-1.7799999999999998,-28.299999999999997,-7.0,-20,DETERIORATING,DETERIORATING,DETERIORATING
STU1105,Student 1105,Engineering College A,Mechanical,B.Tech,1,2,2023,1,Fall 2025,2.71,2.74,1,0,52.1,85.8,46.0,58.4,58,64,-0.03000000000000025,-33.699999999999996,-12.399999999999999,-6,STABLE,DETERIORATING,DETERIORATING
STU1106,Student 1106,Engineering College A,Civil,B.Tech,1,2,2023,0,Fall 2025,3.44,3.19,0,0,75.5,72.6,75.6,88.4,30,33,0.25,2.9000000000000057,-12.800000000000011,-3,IMPROVING,IMPROVING,DETERIORATING
STU1107,Student 1107,Engineering College A,Civil,B.Tech,2,2,2023,0,Fall 2025,3.73,4.0,0,0,59.9,72.1,92.7,82.8,57,46,-0.27,-12.199999999999996,9.900000000000006,11,DETERIORATING,DETERIORATING,IMPROVING
STU1108,Student 1108,Engineering College A,Mechanical,B.Tech,3,2,2023,0,Fall 2025,2.65,2.6,1,0,61.6,59.9,64.8,77.8,30,19,0.04999999999999982,1.7000000000000028,-13.0,11,STABLE,STABLE,DETERIORATING
STU1109,Student 1109,Engineering College A,Mechanical,B.Tech,4,1,2023,0,Fall 2025,2.78,2.83,0,0,86.1,84.7,48.5,52.5,37,27,-0.050000000000000266,1.3999999999999915,-4.0,10,STABLE,STABLE,STABLE
STU1110,Student 1110,Engineering College A,Business,B.Tech,3,2,2023,0,Fall 2025,3.53,3.56,0,0,74.7,76.7,88.1,88.8,10,0,-0.03000000000000025,-2.0,-0.7000000000000028,10,STABLE,STABLE,STABLE
STU1111,Student 1111,Engineering College A,Electrical,B.Tech,1,2,2023,0,Fall 2025,2.58,2.23,0,0,79.0,67.9,80.6,79.4,64,54,0.3500000000000001,11.099999999999994,1.1999999999999886,10,IMPROVING,IMPROVING,STABLE
STU1112,Student 1112,Engineering College A,Computer Science,B.Tech,3,2,2023,1,Fall 2025,3.25,2.39,0,0,93.2,74.6,78.7,90.7,52,64,0.8599999999999999,18.60000000000001,-12.0,-12,IMPROVING,IMPROVING,DETERIORATING
STU1113,Student 1113,Engineering College A,Computer Science,B.Tech,1,2,2023,0,Fall 2025,2.72,2.92,1,0,70.7,74.6,70.6,75.1,35,48,-0.19999999999999973,-3.8999999999999915,-4.5,-13,DETERIORATING,DETERIORATING,STABLE
STU1114,Student 1114,Engineering College A,Civil,B.Tech,3,2,2023,0,Fall 2025,2.58,2.52,1,0,93.9,81.6,45.6,57.8,39,46,0.06000000000000005,-0.9000000000000057,-12.199999999999996,-7,STABLE,UNKNOWN,DETERIORATING
STU1115,Student 1115,Engineering College A,Business,B.Tech,2,1,2023,0,Fall 2025,2.09,1.9,0,0,84.1,84.8,61.5,70.4,57,53,0.18999999999999995,-0.7000000000000028,-8.900000000000006,4,IMPROVING,STABLE,DETERIORATING
STU1116,Student 1116,Engineering College A,Civil,B.Tech,3,1,2023,1,Fall 2025,2.22,1.81,0,0,80.5,73.3,95.5,98.2,19,32,0.41000000000000014,7.200000000000003,-2.700000000000003,-13,IMPROVING,IMPROVING,STABLE
STU1117,Student 1117,Engineering College A,Computer Science,B.Tech,1,1,2023,0,Fall 2025,2.16,1.53,0,1,81.8,71.9,79.6,80.3,57,57,0.6300000000000001,9.899999999999991,-0.7000000000000028,0,IMPROVING,IMPROVING,STABLE
STU1118,Student 1118,Engineering College A,Mechanical,B.Tech,4,1,2023,1,Fall 2025,2.14,2.49,3,1,68.5,91.6,80.8,100.0,50,60,-0.3500000000000001,-23.099999999999994,-19.200000000000003,-10,DETERIORATING,DETERIORATING,DETERIORATING
STU1119,Student 1119,Engineering College A,Electrical,B.Tech,4,1,2023,0,Fall 2025,3.87,4.0,0,0,95.4,94.9,82.1,95.3,26,15,-0.1299999999999999,0.5,-13.200000000000003,11,DETERIORATING,STABLE,DETERIORATING
STU1120,Student 1120,Engineering College A,Business,B.Tech,4,2,2023,0,Fall 2025,3.31,2.5,1,0,76.6,62.5,81.4,78.0,84,76,0.81,14.099999999999994,3.4000000000000057,8,IMPROVING,IMPROVING,STABLE
STU1121,Student 1121,Engineering College A,Mechanical,B.Tech,1,1,2023,1,Fall 2025,3.14,3.09,2,1,37.6,72.2,74.8,80.3,7,22,0.050000000000000266,-34.6,-5.5,-15,STABLE,DETERIORATING,DETERIORATING
STU1122,Student 1122,Engineering College A,Electrical,B.Tech,3,1,2023,1,Fall 2025,1.65,2.91,2,2,80.0,100.0,60.6,69.5,0,6,0.0,-20.0,-8.899999999999999,-6,UNKNOWN,DETERIORATING,DETERIORATING
STU1123,Student 1123,Engineering College A,Business,B.Tech,4,2,2023,1,Fall 2025,1.14,1.69,3,0,81.4,100.0,64.3,74.6,11,32,-0.55,-18.599999999999994,-10.299999999999997,-21,DETERIORATING,DETERIORATING,DETERIORATING
STU1124,Student 1124,Engineering College A,Business,B.Tech,4,1,2023,0,Fall 2025,2.96,2.96,1,0,99.9,100.0,100.0,100.0,11,25,0.0,-0.09999999999999432,0.0,-14,STABLE,STABLE,STABLE
STU1125,Student 1125,Engineering College A,Computer Science,B.Tech,4,1,2023,0,Fall 2025,2.26,2.5,1,0,68.8,76.4,82.7,75.9,77,71,-0.2400000000000002,-7.6000000000000085,6.799999999999997,6,DETERIORATING,DETERIORATING,IMPROVING
STU1126,Student 1126,Engineering College A,Mechanical,B.Tech,2,1,2023,0,Fall 2025,3.68,3.58,0,0,73.0,77.5,75.2,80.6,20,24,0.10000000000000009,-4.5,-5.3999999999999915,-4,IMPROVING,DETERIORATING,DETERIORATING
STU1127,Student 1127,Engineering College A,Business,B.Tech,1,1,2023,1,Fall 2025,2.85,2.97,0,0,81.8,94.5,67.8,68.3,30,17,-0.1200000000000001,-12.700000000000003,-0.5,13,DETERIORATING,DETERIORATING,STABLE
STU1128,Student 1128,Engineering College A,Business,B.Tech,1,2,2023,0,Fall 2025,2.33,2.33,0,1,83.1,85.9,40.3,46.1,51,37,0.0,-2.8000000000000114,-5.800000000000004,14,STABLE,DETERIORATING,DETERIORATING
STU1129,Student 1129,Engineering College A,Electrical,B.Tech,1,2,2023,0,Fall 2025,3.1,3.09,0,0,100.0,100.0,69.9,70.1,14,5,0.010000000000000231,0.0,-0.19999999999998863,9,STABLE,STABLE,STABLE
STU1130,Student 1130,Engineering College A,Computer Science,B.Tech,1,1,2023,0,Fall 2025,2.53,2.72,0,0,50.0,56.7,64.8,72.8,50,50,-0.1900000000000004,-6.700000000000003,-8.0,0,DETERIORATING,DETERIORATING,DETERIORATING
STU1131,Student 1131,Engineering College A,Civil,B.Tech,1,2,2023,0,Fall 2025,1.78,1.43,0,0,86.4,80.2,77.4,70.5,35,50,0.3500000000000001,6.200000000000003,6.900000000000006,-15,IMPROVING,IMPROVING,IMPROVING
STU1132,Student 1132,Engineering College A,Computer Science,B.Tech,2,1,2023,0,Fall 2025,3.04,2.91,0,0,76.6,78.4,100.0,89.4,22,32,0.0,-1.8000000000000114,10.599999999999994,-10,UNKNOWN,STABLE,IMPROVING
STU1133,Student 1133,Engineering College A,Civil,B.Tech,3,2,2023,0,Fall 2025,4.0,4.0,1,0,73.5,75.5,98.0,85.0,36,23,0.0,-2.0,13.0,13,STABLE,STABLE,IMPROVING
STU1134,Student 1134,Engineering College A,Mechanical,B.Tech,2,2,2023,0,Fall 2025,2.66,2.61,0,0,78.6,80.6,84.1,72.5,47,35,0.050000000000000266,-2.0,11.599999999999994,12,STABLE,STABLE,IMPROVING
STU1135,Student 1135,Engineering College A,Mechanical,B.Tech,4,2,2023,1,Fall 2025,3.21,2.97,0,1,65.7,67.8,78.6,76.8,29,22,0.23999999999999977,-2.0999999999999943,1.7999999999999972,7,IMPROVING,DETERIORATING,STABLE
STU1136,Student 1136,Engineering College A,Business,B.Tech,2,2,2023,0,Fall 2025,3.8,3.5,0,0,81.6,84.6,72.8,83.6,16,13,0.2999999999999998,-3.0,-10.799999999999997,3,IMPROVING,DETERIORATING,DETERIORATING
STU1137,Student 1137,Engineering College A,Mechanical,B.Tech,1,2,2023,1,Fall 2025,2.01,2.63,0,2,58.9,75.9,92.2,100.0,52,73,-0.6200000000000001,-17.000000000000007,-7.799999999999997,-21,DETERIORATING,DETERIORATING,DETERIORATING
STU1138,Student 1138,Engineering College A,Business,B.Tech,2,2,2023,1,Fall 2025,2.92,2.98,0,2,90.2,92.0,79.2,65.2,30,25,-0.06000000000000005,-1.7999999999999972,14.0,5,STABLE,STABLE,IMPROVING
STU1139,Student 1139,Engineering College A,Computer Science,B.Tech,1,2,2023,0,Fall 2025,3.14,2.5,0,0,77.0,67.6,74.3,70.7,45,48,0.6400000000000001,9.400000000000006,3.5999999999999943,-3,IMPROVING,IMPROVING,STABLE
STU1140,Student 1140,Engineering College A,Mechanical,B.Tech,2,2,2023,0,Fall 2025,3.79,3.78,0,1,78.1,79.1,79.4,73.7,62,55,0.010000000000000231,-1.0,5.700000000000003,7,STABLE,STABLE,IMPROVING
STU1141,Student 1141,Engineering College A,Computer Science,B.Tech,1,2,2023,0,Fall 2025,3.45,3.63,0,0,81.5,80.8,98.1,86.0,56,48,-0.17999999999999972,0.7000000000000028,12.099999999999994,8,DETERIORATING,STABLE,IMPROVING
STU1142,Student 1142,Engineering College A,Computer Science,B.Tech,4,2,2023,0,Fall 2025,3.86,3.78,1,0,66.3,66.9,61.6,68.0,47,60,0.08000000000000007,-0.6000000000000085,-6.399999999999999,-13,STABLE,STABLE,DETERIORATING
STU1143,Student 1143,Engineering College A,Mechanical,B.Tech,1,2,2023,0,Fall 2025,1.77,1.95,0,0,51.7,63.8,73.4,83.8,40,39,-0.17999999999999994,-12.099999999999994,-10.399999999999991,1,DETERIORATING,DETERIORATING,DETERIORATING
STU1144,Student 1144,Engineering College A,Computer Science,B.Tech,2,1,2023,0,Fall 2025,2.57,2.91,2,0,58.1,72.3,67.8,80.5,36,48,0.0,-14.199999999999996,-12.700000000000003,-12,UNKNOWN,DETERIORATING,DETERIORATING
STU1145,Student 1145,Engineering College A,Mechanical,B.Tech,4,2,2023,0,Fall 2025,2.36,1.53,0,0,100.0,91.2,63.9,66.8,60,63,0.8299999999999998,8.799999999999997,-2.8999999999999986,-3,IMPROVING,IMPROVING,STABLE
STU1146,Student 1146,Engineering College A,Mechanical,B.Tech,2,1,2023,1,Fall 2025,3.14,3.41,2,1,28.0,46.3,72.9,97.8,35,47,-0.27,-18.299999999999997,-24.89999999999999,-12,DETERIORATING,DETERIORATING,DETERIORATING
STU1147,Student 1147,Engineering College A,Mechanical,B.Tech,4,2,2023,0,Fall 2025,2.27,2.75,0,0,61.0,70.9,100.0,100.0,54,57,-0.48,-9.900000000000006,0.0,-3,DETERIORATING,DETERIORATING,STABLE
STU1148,Student 1148,Engineering College A,Civil,B.Tech,3,1,2023,0,Fall 2025,3.61,3.36,0,0,88.8,88.9,71.1,63.4,32,46,0.25,-0.10000000000000853,7.699999999999996,-14,IMPROVING,STABLE,IMPROVING
STU1149,Student 1149,Engineering College A,Computer Science,B.Tech,3,1,2023,1,Fall 2025,1.96,3.54,3,0,46.6,72.1,65.7,80.8,12,34,-1.58,-25.499999999999993,-15.099999999999994,-22,DETERIORATING,DETERIORATING,DETERIORATING
STU1150,Student 1150,Engineering College A,Electrical,B.Tech,3,1,2023,1,Fall 2025,2.44,3.08,0,2,50.2,71.2,84.7,95.9,57,63,-0.6400000000000001,-21.0,-11.200000000000003,-6,DETERIORATING,DETERIORATING,DETERIORATING
STU1151,Student 1151,Engineering College A,Mechanical,B.Tech,2,2,2023,0,Fall 2025,3.46,3.34,1,0,76.6,72.8,100.0,99.7,34,38,0.1200000000000001,3.799999999999997,0.29999999999999716,-4,IMPROVING,IMPROVING,STABLE
STU1152,Student 1152,Engineering College A,Computer Science,B.Tech,2,2,2023,0,Fall 2025,3.09,3.3,0,0,73.0,80.7,64.1,65.9,74,79,-0.20999999999999996,-7.700000000000003,-1.8000000000000114,-5,DETERIORATING,DETERIORATING,STABLE
STU1153,Student 1153,Engineering College A,Business,B.Tech,4,2,2023,0,Fall 2025,3.76,3.94,0,0,78.1,90.2,87.3,86.3,51,42,-0.18000000000000016,-12.100000000000009,1.0,9,DETERIORATING,DETERIORATING,STABLE
STU1154,Student 1154,Engineering College A,Mechanical,B.Tech,4,2,2023,0,Fall 2025,3.29,2.91,0,0,82.4,83.7,81.9,82.0,47,56,0.0,-1.2999999999999972,-0.09999999999999432,-9,UNKNOWN,STABLE,STABLE
STU1155,Student 1155,Engineering College A,Mechanical,B.Tech,4,1,2023,1,Fall 2025,4.0,4.0,0,0,68.6,64.3,73.1,85.3,49,62,0.0,4.299999999999997,-12.200000000000003,-13,STABLE,IMPROVING,DETERIORATING
STU1156,Student 1156,Engineering College A,Electrical,B.Tech,4,2,2023,0,Fall 2025,3.01,3.11,0,1,50.0,60.2,77.5,66.4,34,29,-0.10000000000000009,-10.200000000000003,11.099999999999994,5,DETERIORATING,DETERIORATING,IMPROVING
STU1157,Student 1157,Engineering College A,Civil,B.Tech,1,2,2023,0,Fall 2025,2.26,2.54,0,0,66.6,80.1,86.1,92.1,50,54,-0.28000000000000025,-13.5,-6.0,-4,DETERIORATING,DETERIORATING,DETERIORATING
STU1158,Student 1158,Engineering College A,Civil,B.Tech,3,2,2023,1,Fall 2025,2.25,3.04,2,1,61.7,83.8,85.3,100.0,10,34,-0.79,-22.099999999999994,-14.700000000000003,-24,DETERIORATING,DETERIORATING,DETERIORATING
STU1159,Student 1159,Engineering College A,Mechanical,B.Tech,1,2,2023,1,Fall 2025,1.87,2.16,0,2,67.6,84.0,49.4,78.9,61,76,-0.29000000000000004,-16.400000000000006,-29.500000000000007,-15,DETERIORATING,DETERIORATING,DETERIORATING
STU1160,Student 1160,Engineering College A,Computer Science,B.Tech,1,2,2023,0,Fall 2025,2.27,2.42,0,0,84.6,79.7,90.5,82.9,76,78,-0.1499999999999999,4.8999999999999915,7.599999999999994,-2,DETERIORATING,IMPROVING,IMPROVING
STU1161,Student 1161,Engineering College A,Business,B.Tech,1,2,2023,0,Fall 2025,2.45,2.3,0,0,89.7,91.3,64.8,77.9,39,39,0.15000000000000036,-1.5999999999999943,-13.100000000000009,0,IMPROVING,STABLE,DETERIORATING
STU1162,Student 1162,Engineering College A,Business,B.Tech,1,2,2023,0,Fall 2025,3.37,3.44,2,0,85.1,81.5,66.4,77.1,55,56,-0.06999999999999984,3.5999999999999943,-10.699999999999989,-1,STABLE,IMPROVING,DETERIORATING
STU1163,Student 1163,Engineering College A,Computer Science,B.Tech,3,2,2023,1,Fall 2025,2.01,1.75,1,0,72.6,75.6,98.8,100.0,26,28,0.2599999999999998,-3.0,-1.2000000000000028,-2,IMPROVING,DETERIORATING,STABLE
STU1164,Student 1164,Engineering College A,Mechanical,B.Tech,1,1,2023,1,Fall 2025,3.32,3.17,0,0,78.5,73.9,96.1,97.5,43,40,0.1499999999999999,4.599999999999994,-1.4000000000000057,3,IMPROVING,IMPROVING,STABLE
STU1165,Student 1165,Engineering College A,Business,B.Tech,4,1,2023,0,Fall 2025,2.33,2.65,0,0,92.6,100.0,40.1,49.3,31,42,-0.31999999999999984,-7.400000000000006,-9.199999999999996,-11,DETERIORATING,DETERIORATING,DETERIORATING
STU1166,Student 1166,Engineering College A,Civil,B.Tech,2,2,2023,0,Fall 2025,3.32,3.29,0,0,83.0,85.1,89.4,77.6,58,68,0.029999999999999805,-2.0999999999999943,11.800000000000011,-10,STABLE,DETERIORATING,IMPROVING
STU1167,Student 1167,Engineering College A,Computer Science,B.Tech,4,2,2023,0,Fall 2025,1.96,1.34,2,0,100.0,97.4,64.7,78.8,39,32,0.6199999999999999,2.5999999999999943,-14.099999999999994,7,IMPROVING,IMPROVING,DETERIORATING
STU1168,Student 1168,Engineering College A,Electrical,B.Tech,2,2,2023,0,Fall 2025,1.43,2.91,2,2,100.0,95.9,87.7,76.5,74,88,0.0,4.099999999999994,11.200000000000003,-14,UNKNOWN,IMPROVING,IMPROVING
STU1169,Student 1169,Engineering College A,Mechanical,B.Tech,4,2,2023,1,Fall 2025,3.27,3.23,0,0,60.0,61.8,99.2,92.6,26,30,0.040000000000000036,-1.7999999999999972,6.6000000000000085,-4,STABLE,STABLE,IMPROVING
STU1170,Student 1170,Engineering College A,Computer Science,B.Tech,4,1,2023,0,Fall 2025,2.68,2.46,1,1,98.0,100.0,90.5,77.3,48,55,0.2200000000000002,-2.0,13.200000000000003,-7,IMPROVING,STABLE,IMPROVING
STU1171,Student 1171,Engineering College A,Business,B.Tech,2,1,2023,0,Fall 2025,3.47,3.18,0,0,86.8,83.9,69.5,77.7,94,100,0.29000000000000004,2.8999999999999915,-8.200000000000003,-6,IMPROVING,IMPROVING,DETERIORATING
STU1172,Student 1172,Engineering College A,Mechanical,B.Tech,3,2,2023,0,Fall 2025,2.22,2.6,2,2,68.7,75.2,52.7,66.8,24,38,-0.3799999999999999,-6.5,-14.099999999999994,-14,DETERIORATING,DETERIORATING,DETERIORATING
STU1173,Student 1173,Engineering College A,Civil,B.Tech,1,1,2023,0,Fall 2025,3.34,2.38,0,0,86.4,69.4,52.4,55.2,67,58,0.96,17.0,-2.8000000000000043,9,IMPROVING,IMPROVING,STABLE
STU1174,Student 1174,Engineering College A,Mechanical,B.Tech,4,1,2023,1,Fall 2025,2.64,2.39,0,1,77.6,73.3,76.1,73.5,48,38,0.25,4.299999999999997,2.5999999999999943,10,IMPROVING,IMPROVING,STABLE
STU1175,Student 1175,Engineering College A,Mechanical,B.Tech,3,2,2023,0,Fall 2025,2.5,2.54,2,0,77.7,82.1,63.7,71.6,20,28,-0.040000000000000036,-4.3999999999999915,-7.8999999999999915,-8,STABLE,DETERIORATING,DETERIORATING
STU1176,Student 1176,Engineering College A,Civil,B.Tech,1,2,2023,0,Fall 2025,3.23,3.47,0,0,62.0,69.0,68.1,73.2,68,65,-0.2400000000000002,-7.0,-5.1000000000000085,3,DETERIORATING,DETERIORATING,DETERIORATING
STU1177,Student 1177,Engineering College A,Civil,B.Tech,3,2,2023,0,Fall 2025,3.61,3.47,0,1,67.1,69.8,79.2,69.1,10,3,0.13999999999999968,-2.700000000000003,10.100000000000009,7,IMPROVING,DETERIORATING,IMPROVING
STU1178,Student 1178,Engineering College A,Mechanical,B.Tech,3,1,2023,0,Fall 2025,2.67,2.66,1,0,99.1,100.0,86.4,79.8,10,20,0.009999999999999787,-0.9000000000000057,6.6000000000000085,-10,STABLE,STABLE,IMPROVING
STU1179,Student 1179,Engineering College A,Civil,B.Tech,1,1,2023,0,Fall 2025,3.85,2.91,0,0,79.2,78.3,50.8,55.8,70,64,0.0,0.9000000000000057,-5.0,6,UNKNOWN,STABLE,STABLE
STU1180,Student 1180,Engineering College A,Computer Science,B.Tech,4,2,2023,0,Fall 2025,2.55,2.38,0,0,70.4,73.5,96.7,83.3,10,0,0.16999999999999993,-3.0999999999999943,13.400000000000006,10,IMPROVING,DETERIORATING,IMPROVING
STU1181,Student 1181,Engineering College A,Civil,B.Tech,3,2,2023,1,Fall 2025,2.62,2.71,3,2,59.9,96.4,61.3,85.6,32,51,-0.08999999999999986,-36.50000000000001,-24.299999999999997,-19,STABLE,DETERIORATING,DETERIORATING
STU1182,Student 1182,Engineering College A,Civil,B.Tech,4,1,2023,1,Fall 2025,2.92,2.97,1,0,87.1,86.2,71.3,77.0,35,30,-0.050000000000000266,0.8999999999999915,-5.700000000000003,5,STABLE,STABLE,DETERIORATING
STU1183,Student 1183,Engineering College A,Mechanical,B.Tech,4,1,2023,0,Fall 2025,3.4,3.2,0,0,89.4,86.1,55.2,60.3,26,24,0.19999999999999973,3.3000000000000114,-5.099999999999994,2,IMPROVING,IMPROVING,DETERIORATING
STU1184,Student 1184,Engineering College A,Computer Science,B.Tech,4,2,2023,1,Fall 2025,3.32,3.51,0,2,84.6,81.6,78.3,85.6,22,33,-0.18999999999999995,-0.9000000000000057,-7.299999999999997,-11,DETERIORATING,UNKNOWN,DETERIORATING
STU1185,Student 1185,Engineering College A,Electrical,B.Tech,1,1,2023,0,Fall 2025,2.11,2.09,0,0,67.2,71.8,52.3,59.0,21,36,0.020000000000000018,-4.599999999999994,-6.700000000000003,-15,STABLE,DETERIORATING,DETERIORATING
STU1186,Student 1186,Engineering College A,Electrical,B.Tech,2,2,2023,1,Fall 2025,1.84,2.32,0,2,73.4,95.2,89.2,99.4,4,29,-0.47999999999999976,-21.799999999999997,-10.200000000000003,-25,DETERIORATING,DETERIORATING,DETERIORATING
STU1187,Student 1187,Engineering College A,Business,B.Tech,4,2,2023,0,Fall 2025,3.39,3.35,0,0,75.2,78.2,89.1,94.4,82,68,0.040000000000000036,-3.0,-5.300000000000011,14,STABLE,DETERIORATING,DETERIORATING
STU1188,Student 1188,Engineering College A,Civil,B.Tech,2,1,2023,0,Fall 2025,2.17,2.25,0,0,85.4,82.1,98.9,100.0,26,28,-0.08000000000000007,3.3000000000000114,-1.0999999999999943,-2,STABLE,IMPROVING,STABLE
STU1189,Student 1189,Engineering College A,Civil,B.Tech,2,1,2023,1,Fall 2025,3.48,3.39,0,0,90.2,88.2,92.7,93.3,30,38,0.08999999999999986,2.0,-0.5999999999999943,-8,STABLE,STABLE,STABLE
STU1190,Student 1190,Engineering College A,Computer Science,B.Tech,3,1,2023,1,Fall 2025,3.19,3.31,2,0,80.6,85.5,94.8,99.5,76,69,-0.1200000000000001,-4.900000000000006,-4.700000000000003,7,DETERIORATING,DETERIORATING,STABLE
STU1191,Student 1191,Engineering College A,Electrical,B.Tech,4,2,2023,0,Fall 2025,2.86,2.31,0,0,76.5,57.2,100.0,100.0,19,22,0.5499999999999998,19.299999999999997,0.0,-3,IMPROVING,IMPROVING,STABLE
STU1192,Student 1192,Engineering College A,Business,B.Tech,4,2,2023,0,Fall 2025,3.78,3.71,0,0,95.0,91.2,48.8,36.1,70,61,0.06999999999999984,3.799999999999997,12.699999999999996,9,STABLE,IMPROVING,IMPROVING
STU1193,Student 1193,Engineering College A,Computer Science,B.Tech,4,2,2023,0,Fall 2025,2.72,2.7,1,0,63.7,68.3,71.9,68.6,25,22,0.020000000000000018,-4.599999999999994,3.3000000000000114,3,STABLE,DETERIORATING,STABLE
STU1194,Student 1194,Engineering College A,Civil,B.Tech,2,2,2023,0,Fall 2025,3.14,2.91,0,0,96.2,93.7,84.0,72.8,18,30,0.0,2.5,11.200000000000003,-12,UNKNOWN,IMPROVING,IMPROVING
STU1195,Student 1195,Engineering College A,Electrical,B.Tech,1,2,2023,0,Fall 2025,2.99,2.98,0,0,94.4,92.3,82.9,80.2,44,36,0.010000000000000231,2.1000000000000085,2.700000000000003,8,STABLE,IMPROVING,STABLE
STU1196,Student 1196,Engineering College A,Business,B.Tech,2,2,2023,0,Fall 2025,3.2,3.53,3,0,49.6,69.1,44.9,67.4,19,31,-0.3299999999999996,-19.499999999999993,-22.500000000000007,-12,DETERIORATING,DETERIORATING,DETERIORATING
STU1197,Student 1197,Engineering College A,Mechanical,B.Tech,4,1,2023,1,Fall 2025,2.3,2.62,3,1,69.6,89.6,56.2,61.8,13,24,-0.3200000000000003,-20.0,-5.599999999999994,-11,DETERIORATING,DETERIORATING,DETERIORATING
STU1198,Student 1198,Engineering College A,Electrical,B.Tech,4,2,2023,1,Fall 2025,2.32,3.61,3,1,60.9,73.4,46.0,68.2,20,38,-1.29,-12.500000000000007,-22.200000000000003,-18,DETERIORATING,DETERIORATING,DETERIORATING
STU1199,Student 1199,Engineering College A,Business,B.Tech,4,2,2023,0,Fall 2025,2.75,2.81,0,0,95.2,98.1,86.7,92.8,65,55,-0.06000000000000005,-2.8999999999999915,-6.099999999999994,10,STABLE,DETERIORATING,DETERIORATING
STU1200,Student 1200,Engineering College A,Computer Science,B.Tech,2,2,2023,0,Fall 2025,3.75,3.59,0,0,85.2,85.0,39.8,54.6,19,32,0.16000000000000014,0.20000000000000284,-14.800000000000004,-13,IMPROVING,STABLE,DETERIORATING
STU1201,Student 1201,Engineering College A,Mechanical,B.Tech,4,2,2023,0,Fall 2025,3.25,3.37,2,0,97.4,96.1,78.1,91.1,52,48,-0.1200000000000001,1.3000000000000114,-13.0,4,DETERIORATING,STABLE,DETERIORATING
STU1202,Student 1202,Engineering College A,Business,B.Tech,3,1,2023,0,Fall 2025,3.51,3.54,0,0,79.5,84.5,87.9,76.2,32,24,-0.03000000000000025,-5.0,11.700000000000003,8,STABLE,DETERIORATING,IMPROVING
STU1203,Student 1203,Engineering College A,Business,B.Tech,4,2,2023,0,Fall 2025,3.08,3.41,0,0,68.7,79.7,94.8,99.4,73,77,-0.33000000000000007,-11.0,-4.6000000000000085,-4,DETERIORATING,DETERIORATING,STABLE
STU1204,Student 1204,Engineering College A,Civil,B.Tech,1,1,2023,0,Fall 2025,2.22,1.97,0,0,85.5,87.5,78.4,75.4,12,20,0.2500000000000002,-2.0,3.0,-8,IMPROVING,STABLE,STABLE
STU1205,Student 1205,Engineering College A,Electrical,B.Tech,3,1,2023,0,Fall 2025,3.07,2.88,0,0,91.5,91.0,70.8,70.7,48,55,0.18999999999999995,0.5,0.09999999999999432,-7,IMPROVING,STABLE,STABLE
STU1206,Student 1206,Engineering College A,Civil,B.Tech,4,2,2023,0,Fall 2025,2.76,2.9,0,0,81.2,85.7,80.8,66.8,52,46,-0.14000000000000012,-4.5,14.0,6,DETERIORATING,DETERIORATING,IMPROVING
STU1207,Student 1207,Engineering College A,Mechanical,B.Tech,3,2,2023,0,Fall 2025,3.03,2.97,0,0,94.8,91.3,95.5,92.3,47,41,0.05999999999999961,3.5,3.200000000000003,6,STABLE,IMPROVING,STABLE
STU1208,Student 1208,Engineering College A,Business,B.Tech,4,1,2023,0,Fall 2025,3.18,2.98,0,0,60.5,63.2,81.2,69.7,80,67,0.20000000000000018,-2.700000000000003,11.5,13,IMPROVING,DETERIORATING,IMPROVING
STU1209,Student 1209,Engineering College A,Civil,B.Tech,1,1,2023,0,Fall 2025,3.29,3.07,0,0,82.9,79.8,100.0,87.1,20,28,0.2200000000000002,3.1000000000000085,12.900000000000006,-8,IMPROVING,IMPROVING,IMPROVING
STU1210,Student 1210,Engineering College A,Electrical,B.Tech,4,2,2023,1,Fall 2025,2.21,2.36,0,1,32.4,54.2,55.3,84.7,28,35,-0.1499999999999999,-21.800000000000004,-29.400000000000006,-7,DETERIORATING,DETERIORATING,DETERIORATING
STU1211,Student 1211,Engineering College A,Mechanical,B.Tech,3,1,2023,1,Fall 2025,3.73,4.0,2,0,77.3,88.9,66.2,65.2,28,42,-0.27,-11.600000000000009,1.0,-14,DETERIORATING,DETERIORATING,STABLE
STU1212,Student 1212,Engineering College A,Computer Science,B.Tech,1,2,2023,0,Fall 2025,2.72,2.88,0,0,100.0,100.0,66.6,65.0,60,49,-0.1599999999999997,0.0,1.5999999999999943,11,DETERIORATING,STABLE,STABLE
STU1213,Student 1213,Engineering College A,Civil,B.Tech,2,2,2023,0,Fall 2025,2.64,3.11,1,0,80.7,93.4,74.0,60.8,46,52,-0.46999999999999975,-12.700000000000003,13.200000000000003,-6,DETERIORATING,DETERIORATING,IMPROVING
STU1214,Student 1214,Engineering College A,Mechanical,B.Tech,1,1,2023,0,Fall 2025,3.19,3.29,0,1,69.6,81.6,50.8,60.8,54,64,-0.10000000000000009,-0.9000000000000057,-10.0,-10,DETERIORATING,UNKNOWN,DETERIORATING
STU1215,Student 1215,Engineering College A,Computer Science,B.Tech,1,2,2023,0,Fall 2025,2.58,2.55,0,0,94.4,95.3,72.1,80.1,49,53,0.03000000000000025,-0.8999999999999915,-8.0,-4,STABLE,STABLE,DETERIORATING
STU1216,Student 1216,Engineering College A,Civil,B.Tech,1,2,2023,0,Fall 2025,2.34,2.59,0,0,83.2,97.2,96.6,86.9,82,78,-0.25,-14.0,9.699999999999989,4,DETERIORATING,DETERIORATING,IMPROVING
STU1217,Student 1217,Engineering College A,Mechanical,B.Tech,3,2,2023,0,Fall 2025,1.58,1.87,0,0,75.6,90.4,100.0,100.0,10,20,-0.29000000000000004,-14.800000000000011,0.0,-10,DETERIORATING,DETERIORATING,STABLE
STU1218,Student 1218,Engineering College A,Mechanical,B.Tech,1,1,2023,1,Fall 2025,1.78,1.38,0,0,84.7,74.2,61.9,74.8,24,22,0.40000000000000013,10.5,-12.899999999999999,2,IMPROVING,IMPROVING,DETERIORATING
STU1219,Student 1219,Engineering College A,Civil,B.Tech,4,1,2023,0,Fall 2025,2.92,2.91,0,0,66.6,63.6,41.7,51.9,61,58,0.009999999999999787,2.999999999999993,-10.199999999999996,3,STABLE,IMPROVING,DETERIORATING
STU1220,Student 1220,Engineering College A,Mechanical,B.Tech,1,1,2023,0,Fall 2025,2.84,1.86,0,0,100.0,86.6,100.0,100.0,71,86,0.9799999999999998,13.400000000000006,0.0,-15,IMPROVING,IMPROVING,STABLE
STU1221,Student 1221,Engineering College A,Business,B.Tech,1,2,2023,1,Fall 2025,2.6,3.04,3,1,57.4,71.2,57.7,69.9,62,75,-0.43999999999999995,-13.800000000000004,-12.200000000000003,-13,DETERIORATING,DETERIORATING,DETERIORATING
STU1222,Student 1222,Engineering College A,Civil,B.Tech,4,1,2023,0,Fall 2025,2.52,2.5,1,0,82.3,85.8,79.3,82.0,39,31,0.020000000000000018,-3.5,-2.700000000000003,8,STABLE,DETERIORATING,STABLE
STU1223,Student 1223,Engineering College A,Mechanical,B.Tech,4,1,2023,0,Fall 2025,3.29,3.1,0,0,78.1,76.6,69.6,66.3,28,23,0.18999999999999995,1.5,3.299999999999997,5,IMPROVING,STABLE,STABLE
STU1224,Student 1224,Engineering College A,Computer Science,B.Tech,2,1,2023,1,Fall 2025,3.88,3.84,0,1,60.0,98.4,51.5,67.9,39,63,0.040000000000000036,-38.400000000000006,-16.400000000000006,-24,STABLE,DETERIORATING,DETERIORATING
STU1225,Student 1225,Engineering College A,Computer Science,B.Tech,1,2,2023,0,Fall 2025,3.37,3.44,0,0,76.6,79.4,76.1,74.9,76,65,-0.06999999999999984,-2.8000000000000114,1.1999999999999886,11,STABLE,DETERIORATING,STABLE
STU1226,Student 1226,Engineering College A,Business,B.Tech,3,2,2023,0,Fall 2025,1.67,1.85,0,0,76.2,75.3,84.6,89.2,48,58,-0.18000000000000016,0.9000000000000057,-4.6000000000000085,-10,DETERIORATING,STABLE,STABLE
STU1227,Student 1227,Engineering College A,Civil,B.Tech,1,1,2023,1,Fall 2025,3.06,2.85,0,0,90.5,88.3,100.0,96.9,43,49,0.20999999999999996,2.200000000000003,3.0999999999999943,-6,IMPROVING,IMPROVING,STABLE
STU1228,Student 1228,Engineering College A,Mechanical,B.Tech,1,1,2023,1,Fall 2025,2.82,2.85,0,0,94.7,99.4,100.0,95.0,36,25,-0.03000000000000025,-4.700000000000003,5.0,11,STABLE,DETERIORATING,STABLE
STU1229,Student 1229,Engineering College A,Mechanical,B.Tech,4,1,2023,1,Fall 2025,1.97,3.39,2,2,37.1,64.6,52.0,76.3,89,97,-1.4200000000000002,-27.499999999999993,-24.299999999999997,-8,DETERIORATING,DETERIORATING,DETERIORATING
STU1230,Student 1230,Engineering College A,Computer Science,B.Tech,2,2,2023,0,Fall 2025,2.64,2.44,1,0,89.7,91.9,66.3,66.0,64,63,0.20000000000000018,-2.200000000000003,0.29999999999999716,1,IMPROVING,DETERIORATING,STABLE
STU1231,Student 1231,Engineering College A,Business,B.Tech,1,1,2023,1,Fall 2025,1.93,2.63,3,0,72.8,92.3,78.1,88.4,0,16,-0.7,-19.5,-10.300000000000011,-16,DETERIORATING,DETERIORATING,DETERIORATING
STU1232,Student 1232,Engineering College A,Computer Science,B.Tech,3,2,2023,0,Fall 2025,3.45,3.35,0,0,78.8,83.4,56.7,59.7,26,34,0.10000000000000009,-4.6000000000000085,-3.0,-8,IMPROVING,DETERIORATING,STABLE
STU1233,Student 1233,Engineering College A,Computer Science,B.Tech,1,2,2023,0,Fall 2025,2.68,2.91,0,0,76.8,78.8,82.4,73.5,34,39,0.0,-2.0,8.900000000000006,-5,UNKNOWN,STABLE,IMPROVING
STU1234,Student 1234,Engineering College A,Business,B.Tech,3,2,2023,0,Fall 2025,3.95,3.82,0,0,78.6,76.5,82.7,78.8,13,18,0.13000000000000034,2.0999999999999943,3.9000000000000057,-5,IMPROVING,IMPROVING,STABLE
STU1235,Student 1235,Engineering College A,Civil,B.Tech,4,1,2023,0,Fall 2025,3.96,3.98,1,0,94.2,90.4,100.0,100.0,39,49,-0.020000000000000018,3.799999999999997,0.0,-10,STABLE,IMPROVING,STABLE
STU1236,Student 1236,Engineering College A,Mechanical,B.Tech,2,1,2023,0,Fall 2025,2.41,2.6,1,0,84.4,92.0,82.7,86.9,10,0,-0.18999999999999995,-7.599999999999994,-4.200000000000003,10,DETERIORATING,DETERIORATING,STABLE
STU1237,Student 1237,Engineering College A,Civil,B.Tech,1,2,2023,1,Fall 2025,2.95,3.08,0,0,69.2,77.1,77.5,87.2,25,46,-0.1299999999999999,-7.8999999999999915,-9.700000000000003,-21,DETERIORATING,DETERIORATING,DETERIORATING
STU1238,Student 1238,Engineering College A,Electrical,B.Tech,2,2,2023,0,Fall 2025,2.87,3.23,0,0,69.4,83.0,96.1,82.4,12,24,-0.3599999999999999,-13.599999999999994,13.699999999999989,-12,DETERIORATING,DETERIORATING,IMPROVING
STU1239,Student 1239,Engineering College A,Electrical,B.Tech,1,2,2023,1,Fall 2025,3.15,3.42,1,2,70.1,84.9,83.2,93.6,58,73,-0.27,-14.800000000000011,-10.399999999999991,-15,DETERIORATING,DETERIORATING,DETERIORATING
STU1240,Student 1240,Engineering College A,Electrical,B.Tech,3,2,2023,0,Fall 2025,2.07,2.25,1,0,72.1,75.6,100.0,94.9,45,47,-0.18000000000000016,-3.5,5.099999999999994,-2,DETERIORATING,DETERIORATING,IMPROVING
STU1241,Student 1241,Engineering College A,Business,B.Tech,2,1,2023,1,Fall 2025,3.22,3.21,1,2,40.8,77.2,46.9,54.4,4,23,0.010000000000000231,-36.400000000000006,-7.5,-19,STABLE,DETERIORATING,DETERIORATING
STU1242,Student 1242,Engineering College A,Computer Science,B.Tech,1,1,2023,0,Fall 2025,3.07,2.91,0,0,79.5,76.8,100.0,97.6,48,55,0.0,2.700000000000003,2.4000000000000057,-7,UNKNOWN,IMPROVING,STABLE
STU1243,Student 1243,Engineering College A,Civil,B.Tech,4,2,2023,0,Fall 2025,3.35,3.12,0,0,76.2,78.1,64.3,58.3,53,43,0.22999999999999998,-1.8999999999999915,6.0,10,IMPROVING,STABLE,IMPROVING
STU1244,Student 1244,Engineering College A,Mechanical,B.Tech,3,2,2023,1,Fall 2025,3.53,3.76,0,0,60.4,73.9,43.1,55.3,72,86,-0.22999999999999998,-13.500000000000007,-12.199999999999996,-14,DETERIORATING,DETERIORATING,DETERIORATING
STU1245,Student 1245,Engineering College A,Electrical,B.Tech,2,2,2023,1,Fall 2025,2.21,2.39,0,1,92.8,92.3,84.6,74.5,58,61,-0.18000000000000016,0.5,10.099999999999994,-3,DETERIORATING,STABLE,IMPROVING
STU1246,Student 1246,Engineering College A,Civil,B.Tech,1,1,2023,0,Fall 2025,3.1,2.5,0,0,81.7,74.8,88.6,86.5,44,45,0.6000000000000001,6.900000000000006,2.0999999999999943,-1,IMPROVING,IMPROVING,STABLE
STU1247,Student 1247,Engineering College A,Electrical,B.Tech,2,2,2023,0,Fall 2025,3.21,2.93,0,0,94.9,93.4,86.3,93.0,10,0,0.2799999999999998,1.5,-6.700000000000003,10,IMPROVING,STABLE,DETERIORATING
STU1248,Student 1248,Engineering College A,Electrical,B.Tech,1,1,2023,0,Fall 2025,2.09,2.26,0,0,89.1,85.9,72.2,76.9,52,40,-0.16999999999999993,3.1999999999999886,-4.700000000000003,12,DETERIORATING,IMPROVING,STABLE
STU1249,Student 1249,Engineering College A,Mechanical,B.Tech,3,2,2023,1,Fall 2025,2.01,2.18,1,0,70.0,81.1,71.5,88.9,33,42,-0.17000000000000037,-11.099999999999994,-17.400000000000006,-9,DETERIORATING,DETERIORATING,DETERIORATING
STU1250,Student 1250,Engineering College A,Business,B.Tech,4,1,2023,0,Fall 2025,2.42,2.13,0,0,72.1,63.3,83.5,93.2,26,36,0.29000000000000004,8.799999999999997,-9.700000000000003,-10,IMPROVING,IMPROVING,DETERIORATING
STU1251,Student 1251,Engineering College A,Computer Science,B.Tech,3,1,2023,0,Fall 2025,2.19,2.52,0,0,57.0,71.5,73.8,75.5,47,49,-0.33000000000000007,-14.5,-1.7000000000000028,-2,DETERIORATING,DETERIORATING,STABLE
STU1252,Student 1252,Engineering College A,Business,B.Tech,2,2,2023,0,Fall 2025,2.52,2.41,0,0,91.2,93.4,70.6,72.8,42,43,0.10999999999999988,-2.200000000000003,-2.200000000000003,-1,IMPROVING,DETERIORATING,STABLE
STU1253,Student 1253,Engineering College A,Civil,B.Tech,2,1,2023,0,Fall 2025,2.75,2.73,0,0,75.6,72.0,100.0,96.7,39,29,0.020000000000000018,3.5999999999999943,3.299999999999997,10,STABLE,IMPROVING,STABLE
STU1254,Student 1254,Engineering College A,Business,B.Tech,1,1,2023,0,Fall 2025,2.75,2.63,2,0,78.1,75.0,62.3,73.1,36,28,0.1200000000000001,3.0999999999999943,-10.799999999999997,8,IMPROVING,IMPROVING,DETERIORATING
STU1255,Student 1255,Engineering College A,Civil,B.Tech,3,1,2023,0,Fall 2025,2.43,1.73,0,0,100.0,91.3,94.5,96.1,65,77,0.7000000000000002,8.700000000000003,-1.5999999999999943,-12,IMPROVING,IMPROVING,STABLE
STU1256,Student 1256,Engineering College A,Civil,B.Tech,1,1,2023,0,Fall 2025,2.7,2.9,0,1,81.2,81.5,89.8,96.1,34,35,-0.19999999999999973,-0.29999999999999716,-6.299999999999997,-1,DETERIORATING,STABLE,DETERIORATING
STU1257,Student 1257,Engineering College A,Computer Science,B.Tech,3,2,2023,0,Fall 2025,3.1,3.05,0,0,75.8,79.6,90.0,79.9,10,18,0.050000000000000266,-3.799999999999997,10.099999999999994,-8,STABLE,DETERIORATING,IMPROVING
STU1258,Student 1258,Engineering College A,Mechanical,B.Tech,2,2,2023,0,Fall 2025,3.21,3.03,0,0,85.8,83.9,66.6,63.3,14,28,0.18000000000000016,1.8999999999999915,3.299999999999997,-14,IMPROVING,STABLE,STABLE
STU1259,Student 1259,Engineering College A,Computer Science,B.Tech,1,2,2023,0,Fall 2025,3.21,3.05,0,1,89.7,87.7,55.3,64.3,10,14,0.16000000000000014,2.0,-9.0,-4,IMPROVING,STABLE,DETERIORATING
STU1260,Student 1260,Engineering College A,Business,B.Tech,1,2,2023,0,Fall 2025,2.65,1.9,0,0,77.9,67.6,82.9,68.5,10,12,0.75,10.300000000000011,14.400000000000006,-2,IMPROVING,IMPROVING,IMPROVING
STU1261,Student 1261,Engineering College A,Civil,B.Tech,3,2,2023,1,Fall 2025,3.26,3.14,0,0,95.8,94.8,96.7,91.7,74,84,0.11999999999999966,1.0,5.0,-10,IMPROVING,STABLE,STABLE
STU1262,Student 1262,Engineering College A,Electrical,B.Tech,4,1,2023,0,Fall 2025,2.65,2.74,0,0,100.0,100.0,72.7,73.6,29,23,-0.0900000000000003,0.0,-0.8999999999999915,6,STABLE,STABLE,STABLE
STU1263,Student 1263,Engineering College A,Electrical,B.Tech,3,1,2023,0,Fall 2025,2.73,2.75,0,0,86.2,82.3,81.6,94.9,51,49,-0.020000000000000018,3.9000000000000057,-13.300000000000011,2,STABLE,IMPROVING,DETERIORATING
STU1264,Student 1264,Engineering College A,Civil,B.Tech,4,1,2023,0,Fall 2025,3.75,3.9,0,0,64.0,63.6,82.1,88.0,10,0,-0.1499999999999999,0.3999999999999986,-5.900000000000006,10,DETERIORATING,STABLE,DETERIORATING
STU1265,Student 1265,Engineering College A,Computer Science,B.Tech,3,1,2023,0,Fall 2025,2.82,2.06,0,0,83.7,81.6,82.8,78.1,73,66,0.7599999999999998,-0.9000000000000057,4.700000000000003,7,IMPROVING,UNKNOWN,STABLE
STU1266,Student 1266,Engineering College A,Mechanical,B.Tech,2,2,2023,0,Fall 2025,2.41,2.44,0,1,75.9,72.3,68.6,82.8,48,63,-0.029999999999999805,3.6000000000000085,-14.200000000000003,-15,STABLE,IMPROVING,DETERIORATING
STU1267,Student 1267,Engineering College A,Computer Science,B.Tech,1,2,2023,0,Fall 2025,3.23,3.03,0,0,89.3,93.2,48.4,48.8,61,57,0.20000000000000018,-3.9000000000000057,-0.3999999999999986,4,IMPROVING,DETERIORATING,STABLE
STU1268,Student 1268,Engineering College A,Civil,B.Tech,3,1,2023,0,Fall 2025,4.0,3.94,1,0,85.2,88.0,81.0,66.4,31,25,0.06000000000000005,-2.799999999999997,14.599999999999994,6,STABLE,DETERIORATING,IMPROVING
STU1269,Student 1269,Engineering College A,Civil,B.Tech,2,2,2023,0,Fall 2025,2.89,2.81,0,0,75.4,80.3,86.2,79.8,34,44,0.08000000000000007,-4.8999999999999915,6.400000000000006,-10,STABLE,DETERIORATING,IMPROVING
STU1270,Student 1270,Engineering College A,Mechanical,B.Tech,3,1,2023,1,Fall 2025,2.21,1.53,0,0,91.9,84.9,76.3,79.2,55,53,0.6799999999999999,7.0,-2.9000000000000057,2,IMPROVING,IMPROVING,STABLE
STU1271,Student 1271,Engineering College A,Business,B.Tech,1,1,2023,0,Fall 2025,3.35,3.24,0,0,73.4,77.2,70.0,81.2,30,43,0.10999999999999988,-3.799999999999997,-11.200000000000003,-13,IMPROVING,DETERIORATING,DETERIORATING
STU1272,Student 1272,Engineering College A,Business,B.Tech,3,2,2023,1,Fall 2025,2.54,4.0,1,2,79.6,93.0,52.5,82.3,33,39,-1.46,-13.400000000000006,-29.799999999999997,-6,DETERIORATING,DETERIORATING,DETERIORATING
STU1273,Student 1273,Engineering College A,Mechanical,B.Tech,4,2,2023,0,Fall 2025,3.2,3.02,1,0,60.0,58.5,51.3,54.8,44,51,0.18000000000000016,1.5,-3.5,-7,IMPROVING,STABLE,STABLE
STU1274,Student 1274,Engineering College A,Business,B.Tech,1,2,2023,0,Fall 2025,2.69,2.93,0,1,68.9,83.5,66.0,79.8,32,20,-0.2400000000000002,-14.599999999999994,-13.799999999999997,12,DETERIORATING,DETERIORATING,DETERIORATING
STU1275,Student 1275,Engineering College A,Electrical,B.Tech,4,2,2023,0,Fall 2025,2.91,2.62,0,0,71.5,70.4,48.9,42.2,28,41,0.29000000000000004,1.0999999999999943,6.699999999999996,-13,IMPROVING,STABLE,IMPROVING
STU1276,Student 1276,Engineering College A,Business,B.Tech,2,2,2023,0,Fall 2025,2.83,2.84,1,0,90.8,92.8,54.2,61.6,45,59,-0.009999999999999787,-2.0,-7.399999999999999,-14,STABLE,STABLE,DETERIORATING
STU1277,Student 1277,Engineering College A,Business,B.Tech,2,2,2023,0,Fall 2025,3.01,3.06,1,0,75.1,73.5,20.2,20.2,61,66,-0.050000000000000266,1.5999999999999943,0.0,-5,STABLE,STABLE,STABLE
STU1278,Student 1278,Engineering College A,Business,B.Tech,3,2,2023,1,Fall 2025,2.91,3.65,0,2,69.2,78.0,72.9,79.1,49,61,-0.7399999999999998,-8.799999999999997,-6.199999999999989,-12,DETERIORATING,DETERIORATING,DETERIORATING
STU1279,Student 1279,Engineering College A,Electrical,B.Tech,4,1,2023,0,Fall 2025,2.83,3.13,0,0,84.3,89.8,71.8,80.2,24,32,-0.2999999999999998,-5.5,-8.400000000000006,-8,DETERIORATING,DETERIORATING,DETERIORATING
STU1280,Student 1280,Engineering College A,Business,B.Tech,4,2,2023,0,Fall 2025,3.11,3.02,1,0,96.9,93.0,71.4,70.5,59,48,0.08999999999999986,3.9000000000000057,0.9000000000000057,11,STABLE,IMPROVING,STABLE
STU1281,Student 1281,Engineering College A,Electrical,B.Tech,1,1,2023,0,Fall 2025,3.37,3.35,0,0,72.8,68.7,39.6,51.5,28,35,0.020000000000000018,4.099999999999994,-11.899999999999999,-7,STABLE,IMPROVING,DETERIORATING
STU1282,Student 1282,Engineering College A,Mechanical,B.Tech,4,1,2023,0,Fall 2025,3.36,3.33,0,0,85.9,84.0,92.2,82.1,85,72,0.029999999999999805,1.9000000000000057,10.100000000000009,13,STABLE,STABLE,IMPROVING
STU1283,Student 1283,Engineering College A,Computer Science,B.Tech,4,2,2023,1,Fall 2025,2.03,1.99,1,0,67.5,69.8,100.0,86.5,75,88,0.039999999999999813,-2.299999999999997,13.5,-13,STABLE,DETERIORATING,IMPROVING
STU1284,Student 1284,Engineering College A,Mechanical,B.Tech,1,1,2023,0,Fall 2025,2.65,2.22,0,0,93.2,82.4,88.4,76.2,40,30,0.4299999999999997,10.799999999999997,12.200000000000003,10,IMPROVING,IMPROVING,IMPROVING
STU1285,Student 1285,Engineering College A,Computer Science,B.Tech,1,2,2023,0,Fall 2025,2.29,2.0,0,0,93.6,88.8,76.0,69.8,23,16,0.29000000000000004,4.799999999999997,6.200000000000003,7,IMPROVING,IMPROVING,IMPROVING
STU1286,Student 1286,Engineering College A,Mechanical,B.Tech,4,1,2023,1,Fall 2025,2.48,2.23,0,0,80.0,81.5,86.4,95.2,56,58,0.25,-1.5,-8.799999999999997,-2,IMPROVING,STABLE,DETERIORATING
STU1287,Student 1287,Engineering College A,Computer Science,B.Tech,3,1,2023,0,Fall 2025,3.66,4.0,0,0,79.5,84.8,94.0,90.0,53,40,-0.33999999999999986,-5.299999999999997,4.0,13,DETERIORATING,DETERIORATING,STABLE
STU1288,Student 1288,Engineering College A,Computer Science,B.Tech,1,1,2023,0,Fall 2025,3.32,3.14,0,0,71.8,76.8,94.2,100.0,69,69,0.17999999999999972,-5.0,-5.799999999999997,0,IMPROVING,DETERIORATING,DETERIORATING
STU1289,Student 1289,Engineering College A,Civil,B.Tech,1,2,2023,1,Fall 2025,2.16,2.12,0,0,87.2,82.8,95.9,94.1,17,12,0.040000000000000036,4.400000000000006,1.8000000000000114,5,STABLE,IMPROVING,STABLE
STU1290,Student 1290,Engineering College A,Computer Science,B.Tech,4,1,2023,0,Fall 2025,2.71,2.6,0,0,90.6,89.5,88.1,77.3,47,62,0.10999999999999988,1.0999999999999943,10.799999999999997,-15,IMPROVING,STABLE,IMPROVING
STU1291,Student 1291,Engineering College A,Computer Science,B.Tech,4,1,2023,0,Fall 2025,2.49,2.81,1,0,68.2,82.5,76.6,69.9,61,69,-0.31999999999999984,-14.299999999999997,6.699999999999989,-8,DETERIORATING,DETERIORATING,IMPROVING
STU1292,Student 1292,Engineering College A,Civil,B.Tech,1,1,2023,1,Fall 2025,2.74,1.88,0,0,100.0,100.0,57.5,65.6,39,26,0.8600000000000003,0.0,-8.099999999999994,13,IMPROVING,STABLE,DETERIORATING
STU1293,Student 1293,Engineering College A,Business,B.Tech,4,2,2023,0,Fall 2025,2.77,1.94,0,0,78.5,66.2,72.5,75.9,72,72,0.8300000000000001,12.299999999999997,-3.4000000000000057,0,IMPROVING,IMPROVING,STABLE
STU1294,Student 1294,Engineering College A,Business,B.Tech,1,1,2023,0,Fall 2025,3.73,3.73,0,0,88.7,93.4,44.7,49.3,40,31,0.0,-4.700000000000003,-4.599999999999994,9,STABLE,DETERIORATING,STABLE
STU1295,Student 1295,Engineering College A,Civil,B.Tech,3,2,2023,1,Fall 2025,2.68,2.65,0,0,98.4,100.0,70.2,64.9,51,47,0.03000000000000025,-1.5999999999999943,5.299999999999997,4,STABLE,STABLE,IMPROVING
STU1296,Student 1296,Engineering College A,Electrical,B.Tech,3,1,2023,0,Fall 2025,2.14,2.1,1,0,95.1,90.6,71.3,58.0,64,70,0.040000000000000036,4.5,13.299999999999997,-6,STABLE,IMPROVING,IMPROVING
STU1297,Student 1297,Engineering College A,Computer Science,B.Tech,1,1,2023,0,Fall 2025,3.63,3.43,1,0,79.4,81.7,73.3,84.6,56,59,0.19999999999999973,-2.299999999999997,-11.299999999999997,-3,IMPROVING,DETERIORATING,DETERIORATING
STU1298,Student 1298,Engineering College A,Computer Science,B.Tech,1,1,2023,1,Fall 2025,2.48,2.91,0,0,100.0,98.2,97.3,100.0,26,39,0.0,1.7999999999999972,-2.700000000000003,-13,UNKNOWN,STABLE,STABLE
STU1299,Student 1299,Engineering College A,Civil,B.Tech,2,2,2023,0,Fall 2025,1.85,2.08,0,0,72.9,84.8,81.5,88.7,42,30,-0.22999999999999998,-11.899999999999991,-7.200000000000003,12,DETERIORATING,DETERIORATING,DETERIORATING
STU1300,Student 1300,Engineering College A,Civil,B.Tech,2,1,2023,0,Fall 2025,3.16,3.07,0,0,77.4,75.3,36.2,50.2,51,49,0.0900000000000003,2.1000000000000085,-14.0,2,STABLE,IMPROVING,DETERIORATING
STU1301,Student 1301,Engineering College A,Electrical,B.Tech,4,1,2023,0,Fall 2025,2.14,2.1,0,0,98.3,93.7,43.4,47.8,35,28,0.040000000000000036,4.599999999999994,-4.399999999999999,7,STABLE,IMPROVING,STABLE
STU1302,Student 1302,Engineering College A,Business,B.Tech,4,1,2023,1,Fall 2025,1.59,1.84,3,2,70.2,89.2,27.0,51.2,29,40,-0.25,-19.0,-24.200000000000003,-11,DETERIORATING,DETERIORATING,DETERIORATING
STU1303,Student 1303,Engineering College A,Mechanical,B.Tech,1,1,2023,0,Fall 2025,2.42,1.69,0,0,100.0,98.1,66.9,68.1,39,28,0.73,1.9000000000000057,-1.1999999999999886,11,IMPROVING,STABLE,STABLE
STU1304,Student 1304,Engineering College A,Business,B.Tech,1,2,2023,0,Fall 2025,3.36,2.5,0,0,93.5,86.4,67.9,61.7,54,42,0.8599999999999999,7.099999999999994,6.200000000000003,12,IMPROVING,IMPROVING,IMPROVING
STU1305,Student 1305,Engineering College A,Computer Science,B.Tech,2,1,2023,0,Fall 2025,2.69,2.78,0,0,74.4,75.0,77.7,78.5,26,25,-0.08999999999999986,-0.5999999999999943,-0.7999999999999972,1,STABLE,STABLE,STABLE
STU1306,Student 1306,Engineering College A,Civil,B.Tech,2,1,2023,1,Fall 2025,0.86,2.64,2,2,49.5,80.9,45.5,65.7,35,59,-1.7800000000000002,-31.400000000000006,-20.200000000000003,-24,DETERIORATING,DETERIORATING,DETERIORATING
STU1307,Student 1307,Engineering College A,Electrical,B.Tech,1,1,2023,0,Fall 2025,2.7,2.56,0,0,73.5,76.4,87.8,96.0,29,35,0.14000000000000012,-2.9000000000000057,-8.200000000000003,-6,IMPROVING,DETERIORATING,DETERIORATING
STU1308,Student 1308,Engineering College A,Business,B.Tech,3,1,2023,0,Fall 2025,3.5,3.42,0,0,91.8,93.6,77.3,85.7,27,29,0.08000000000000007,-1.7999999999999972,-8.400000000000006,-2,STABLE,STABLE,DETERIORATING
STU1309,Student 1309,Engineering College A,Electrical,B.Tech,3,2,2023,1,Fall 2025,2.71,3.05,0,2,76.7,81.6,87.5,90.0,66,64,-0.33999999999999986,-0.9000000000000057,-2.5,2,DETERIORATING,UNKNOWN,STABLE
STU1310,Student 1310,Engineering College A,Business,B.Tech,4,1,2023,1,Fall 2025,2.42,2.19,0,0,85.1,86.2,75.2,82.2,27,26,0.22999999999999998,-1.1000000000000085,-7.0,1,IMPROVING,STABLE,DETERIORATING
STU1311,Student 1311,Engineering College A,Computer Science,B.Tech,1,1,2023,0,Fall 2025,3.37,3.35,0,0,100.0,100.0,71.6,75.6,34,38,0.020000000000000018,0.0,-4.0,-4,STABLE,STABLE,STABLE
STU1312,Student 1312,Engineering College A,Mechanical,B.Tech,1,2,2023,1,Fall 2025,3.25,3.24,0,2,60.0,100.0,53.2,81.1,33,47,0.009999999999999787,-40.0,-27.89999999999999,-14,STABLE,DETERIORATING,DETERIORATING
STU1313,Student 1313,Engineering College A,Electrical,B.Tech,4,1,2023,0,Fall 2025,2.7,2.8,1,1,80.2,81.0,84.1,71.3,37,36,-0.09999999999999964,-0.7999999999999972,12.799999999999997,1,STABLE,STABLE,IMPROVING
STU1314,Student 1314,Engineering College A,Electrical,B.Tech,2,1,2023,0,Fall 2025,3.75,3.71,0,0,79.5,80.1,78.6,70.9,10,17,0.040000000000000036,-0.5999999999999943,7.699999999999989,-7,STABLE,STABLE,IMPROVING
STU1315,Student 1315,Engineering College A,Mechanical,B.Tech,2,1,2023,0,Fall 2025,3.99,4.0,0,0,96.5,91.8,45.7,53.7,12,3,-0.009999999999999787,4.700000000000003,-8.0,9,STABLE,IMPROVING,DETERIORATING
STU1316,Student 1316,Engineering College A,Electrical,B.Tech,3,2,2023,0,Fall 2025,3.0,2.78,0,0,75.5,71.6,89.9,100.0,20,12,0.2200000000000002,3.9000000000000057,-10.099999999999994,8,IMPROVING,IMPROVING,DETERIORATING
STU1317,Student 1317,Engineering College A,Electrical,B.Tech,1,1,2023,0,Fall 2025,3.3,2.91,0,0,63.9,61.2,60.3,51.7,46,57,0.0,2.6999999999999957,8.599999999999994,-11,UNKNOWN,IMPROVING,IMPROVING
STU1318,Student 1318,Engineering College A,Business,B.Tech,2,2,2023,0,Fall 2025,3.21,3.29,0,1,69.0,73.1,39.0,51.2,41,36,-0.08000000000000007,-4.099999999999994,-12.200000000000003,5,STABLE,DETERIORATING,DETERIORATING
STU1319,Student 1319,Engineering College A,Business,B.Tech,3,2,2023,0,Fall 2025,3.35,3.48,0,0,60.0,47.3,93.7,95.9,67,80,-0.1299999999999999,12.700000000000003,-2.200000000000003,-13,DETERIORATING,IMPROVING,STABLE
STU1320,Student 1320,Engineering College A,Mechanical,B.Tech,3,2,2023,0,Fall 2025,2.91,2.63,0,0,90.1,92.3,70.7,68.4,62,68,0.28000000000000025,-2.200000000000003,2.299999999999997,-6,IMPROVING,DETERIORATING,STABLE
STU1321,Student 1321,Engineering College A,Computer Science,B.Tech,3,2,2023,0,Fall 2025,3.69,3.8,1,0,63.7,59.1,68.8,66.1,72,76,-0.10999999999999988,4.600000000000001,2.700000000000003,-4,DETERIORATING,IMPROVING,STABLE
STU1322,Student 1322,Engineering College A,Electrical,B.Tech,2,2,2023,0,Fall 2025,3.41,3.5,0,0,77.0,73.1,56.8,68.2,68,65,-0.08999999999999986,3.9000000000000057,-11.400000000000006,3,STABLE,IMPROVING,DETERIORATING
STU1323,Student 1323,Engineering College A,Computer Science,B.Tech,2,2,2023,1,Fall 2025,2.28,2.82,3,2,57.1,72.1,56.4,74.4,61,79,-0.54,-14.999999999999993,-18.000000000000007,-18,DETERIORATING,DETERIORATING,DETERIORATING
STU1324,Student 1324,Engineering College A,Mechanical,B.Tech,1,2,2023,0,Fall 2025,3.73,3.47,0,0,96.5,94.0,100.0,100.0,28,36,0.2599999999999998,2.5,0.0,-8,IMPROVING,IMPROVING,STABLE
STU1325,Student 1325,Engineering College A,Mechanical,B.Tech,1,1,2023,1,Fall 2025,2.05,2.7,1,2,72.5,79.0,86.0,99.0,56,68,-0.6500000000000004,-6.5,-13.0,-12,DETERIORATING,DETERIORATING,DETERIORATING
STU1326,Student 1326,Engineering College A,Business,B.Tech,3,1,2023,1,Fall 2025,2.25,1.57,0,0,74.9,60.1,69.6,78.3,10,3,0.6799999999999999,14.800000000000004,-8.700000000000003,7,IMPROVING,IMPROVING,DETERIORATING
STU1327,Student 1327,Engineering College A,Electrical,B.Tech,3,2,2023,0,Fall 2025,3.14,2.88,0,1,76.9,80.7,77.7,83.2,16,29,0.26000000000000023,-3.799999999999997,-5.5,-13,IMPROVING,DETERIORATING,DETERIORATING
STU1328,Student 1328,Engineering College A,Civil,B.Tech,2,2,2023,0,Fall 2025,3.3,3.43,0,0,96.2,92.8,86.7,93.3,32,46,-0.13000000000000034,3.4000000000000057,-6.599999999999994,-14,DETERIORATING,IMPROVING,DETERIORATING
STU1329,Student 1329,Engineering College A,Mechanical,B.Tech,2,2,2023,0,Fall 2025,1.79,2.12,0,0,77.1,89.9,99.1,91.5,51,59,-0.33000000000000007,-12.800000000000011,7.599999999999994,-8,DETERIORATING,DETERIORATING,IMPROVING
STU1330,Student 1330,Engineering College A,Electrical,B.Tech,1,2,2023,0,Fall 2025,2.67,2.09,0,0,92.0,81.2,67.2,76.4,12,23,0.5800000000000001,10.799999999999997,-9.200000000000003,-11,IMPROVING,IMPROVING,DETERIORATING
STU1331,Student 1331,Engineering College A,Computer Science,B.Tech,1,2,2023,0,Fall 2025,3.76,3.75,1,0,90.5,90.1,100.0,92.4,54,45,0.009999999999999787,0.4000000000000057,7.599999999999994,9,STABLE,STABLE,IMPROVING
STU1332,Student 1332,Engineering College A,Business,B.Tech,4,2,2023,0,Fall 2025,1.68,2.16,0,0,70.5,77.2,63.9,53.3,44,45,-0.4800000000000002,-6.700000000000003,10.600000000000001,-1,DETERIORATING,DETERIORATING,IMPROVING
STU1333,Student 1333,Engineering College A,Computer Science,B.Tech,1,1,2023,0,Fall 2025,3.88,4.0,0,1,89.8,91.6,71.6,83.5,54,45,-0.1200000000000001,-1.7999999999999972,-11.900000000000006,9,DETERIORATING,STABLE,DETERIORATING
STU1334,Student 1334,Engineering College A,Mechanical,B.Tech,2,1,2023,1,Fall 2025,2.65,3.12,3,2,65.9,71.5,64.0,86.1,0,0,-0.4700000000000002,-5.599999999999994,-22.099999999999994,0,DETERIORATING,DETERIORATING,DETERIORATING
STU1335,Student 1335,Engineering College A,Mechanical,B.Tech,3,2,2023,1,Fall 2025,2.0,3.45,2,1,57.5,75.3,78.9,87.9,35,46,-1.4500000000000002,-17.799999999999997,-9.0,-11,DETERIORATING,DETERIORATING,DETERIORATING
STU1336,Student 1336,Engineering College A,Computer Science,B.Tech,4,2,2023,0,Fall 2025,4.0,4.0,0,0,71.2,71.1,86.3,93.0,27,37,0.0,0.10000000000000853,-6.700000000000003,-10,STABLE,STABLE,DETERIORATING
STU1337,Student 1337,Engineering College A,Mechanical,B.Tech,1,2,2023,0,Fall 2025,3.93,3.86,0,0,90.1,89.0,69.8,80.3,70,73,0.07000000000000028,1.0999999999999943,-10.5,-3,STABLE,STABLE,DETERIORATING
STU1338,Student 1338,Engineering College A,Electrical,B.Tech,1,1,2023,1,Fall 2025,2.72,2.76,0,2,72.1,69.2,62.2,75.7,39,49,-0.03999999999999959,2.8999999999999915,-13.5,-10,STABLE,IMPROVING,DETERIORATING
STU1339,Student 1339,Engineering College A,Mechanical,B.Tech,2,2,2023,0,Fall 2025,2.55,2.35,0,0,84.5,84.6,70.4,66.5,28,34,0.19999999999999973,-0.09999999999999432,3.9000000000000057,-6,IMPROVING,STABLE,STABLE
STU1340,Student 1340,Engineering College A,Business,B.Tech,4,1,2023,0,Fall 2025,3.48,3.63,0,0,52.1,66.1,70.6,83.3,19,24,-0.1499999999999999,-13.999999999999993,-12.700000000000003,-5,DETERIORATING,DETERIORATING,DETERIORATING
STU1341,Student 1341,Engineering College A,Electrical,B.Tech,1,1,2023,0,Fall 2025,2.98,3.08,0,0,96.4,93.3,86.2,83.2,55,60,-0.10000000000000009,3.1000000000000085,3.0,-5,DETERIORATING,IMPROVING,STABLE
STU1342,Student 1342,Engineering College A,Civil,B.Tech,3,1,2023,1,Fall 2025,2.51,2.6,1,0,82.9,78.9,66.4,74.8,64,60,-0.0900000000000003,4.0,-8.399999999999991,4,STABLE,IMPROVING,DETERIORATING
STU1343,Student 1343,Engineering College A,Mechanical,B.Tech,2,2,2023,1,Fall 2025,2.53,2.81,3,0,90.9,96.3,31.4,60.1,68,74,-0.28000000000000025,-5.3999999999999915,-28.700000000000003,-6,DETERIORATING,DETERIORATING,DETERIORATING
STU1344,Student 1344,Engineering College A,Mechanical,B.Tech,4,2,2023,0,Fall 2025,2.48,2.78,0,0,59.6,68.3,75.4,70.5,50,55,-0.2999999999999998,-8.699999999999996,4.900000000000006,-5,DETERIORATING,DETERIORATING,STABLE
STU1345,Student 1345,Engineering College A,Business,B.Tech,1,1,2023,0,Fall 2025,2.47,2.41,2,0,76.4,74.5,86.3,86.0,52,55,0.06000000000000005,1.9000000000000057,0.29999999999999716,-3,STABLE,STABLE,STABLE
STU1346,Student 1346,Engineering College A,Business,B.Tech,1,1,2023,0,Fall 2025,3.5,3.56,0,0,88.2,84.7,85.7,88.9,58,52,-0.06000000000000005,3.5,-3.200000000000003,6,STABLE,IMPROVING,STABLE
STU1347,Student 1347,Engineering College A,Computer Science,B.Tech,4,1,2023,0,Fall 2025,2.1,1.98,0,0,86.7,86.3,91.6,100.0,50,43,0.1200000000000001,0.4000000000000057,-8.400000000000006,7,IMPROVING,STABLE,DETERIORATING
STU1348,Student 1348,Engineering College A,Computer Science,B.Tech,2,1,2023,0,Fall 2025,2.96,2.5,0,0,95.7,78.1,69.1,68.1,54,41,0.45999999999999996,17.60000000000001,1.0,13,IMPROVING,IMPROVING,STABLE
STU1349,Student 1349,Engineering College A,Computer Science,B.Tech,4,2,2023,1,Fall 2025,2.25,2.73,3,1,68.0,81.6,84.2,99.1,10,24,-0.48,-0.9000000000000057,-14.899999999999991,-14,DETERIORATING,UNKNOWN,DETERIORATING
STU1350,Student 1350,Engineering College A,Business,B.Tech,4,1,2023,1,Fall 2025,2.39,2.5,0,0,83.2,80.2,97.9,95.5,51,38,-0.10999999999999988,3.0,2.4000000000000057,13,DETERIORATING,IMPROVING,STABLE
STU1351,Student 1351,Engineering College A,Computer Science,B.Tech,2,2,2023,1,Fall 2025,2.17,2.69,3,0,55.0,72.2,63.9,87.0,12,31,-0.52,-17.200000000000003,-23.1,-19,DETERIORATING,DETERIORATING,DETERIORATING
STU1352,Student 1352,Engineering College A,Computer Science,B.Tech,1,1,2023,1,Fall 2025,4.0,3.72,0,1,64.8,67.0,94.1,93.1,36,29,0.2799999999999998,-2.200000000000003,1.0,7,IMPROVING,DETERIORATING,STABLE
STU1353,Student 1353,Engineering College A,Civil,B.Tech,3,2,2023,0,Fall 2025,1.55,1.35,0,0,100.0,93.7,62.5,73.5,31,22,0.19999999999999996,6.299999999999997,-11.0,9,IMPROVING,IMPROVING,DETERIORATING
STU1354,Student 1354,Engineering College A,Computer Science,B.Tech,2,1,2023,0,Fall 2025,3.64,3.34,2,0,71.2,81.6,75.2,72.4,37,36,0.30000000000000027,-0.9000000000000057,2.799999999999997,1,IMPROVING,UNKNOWN,STABLE
STU1355,Student 1355,Engineering College A,Mechanical,B.Tech,3,2,2023,0,Fall 2025,3.35,3.5,2,0,78.8,80.0,71.0,73.3,41,40,-0.1499999999999999,-1.2000000000000028,-2.299999999999997,1,DETERIORATING,STABLE,STABLE
STU1356,Student 1356,Engineering College A,Business,B.Tech,1,2,2023,0,Fall 2025,2.16,2.43,2,2,60.7,78.1,81.5,100.0,50,59,-0.27,-17.39999999999999,-18.5,-9,DETERIORATING,DETERIORATING,DETERIORATING
STU1357,Student 1357,Engineering College A,Electrical,B.Tech,4,2,2023,1,Fall 2025,2.58,3.64,2,1,57.8,81.5,61.3,84.9,41,58,-1.06,-23.700000000000003,-23.60000000000001,-17,DETERIORATING,DETERIORATING,DETERIORATING
STU1358,Student 1358,Engineering College A,Civil,B.Tech,3,1,2023,0,Fall 2025,3.39,3.16,0,0,69.0,66.6,71.2,61.2,39,28,0.22999999999999998,2.4000000000000057,10.0,11,IMPROVING,IMPROVING,IMPROVING
STU1359,Student 1359,Engineering College A,Business,B.Tech,1,2,2023,0,Fall 2025,2.46,2.25,2,0,80.8,83.0,69.8,75.8,57,55,0.20999999999999996,-2.200000000000003,-6.0,2,IMPROVING,DETERIORATING,DETERIORATING
STU1360,Student 1360,Engineering College A,Business,B.Tech,1,1,2023,0,Fall 2025,2.43,2.92,2,0,65.9,78.4,92.7,98.8,12,20,-0.48999999999999977,-12.5,-6.099999999999994,-8,DETERIORATING,DETERIORATING,DETERIORATING
STU1361,Student 1361,Engineering College A,Mechanical,B.Tech,4,2,2023,1,Fall 2025,2.38,2.73,0,2,52.9,77.0,70.5,93.0,47,68,-0.3500000000000001,-24.1,-22.5,-21,DETERIORATING,DETERIORATING,DETERIORATING
STU1362,Student 1362,Engineering College A,Computer Science,B.Tech,4,2,2023,0,Fall 2025,2.98,2.82,0,0,82.4,81.6,94.4,88.0,32,46,0.16000000000000014,0.8000000000000114,6.400000000000006,-14,IMPROVING,STABLE,IMPROVING
STU1363,Student 1363,Engineering College A,Mechanical,B.Tech,1,1,2023,0,Fall 2025,3.13,2.91,0,0,72.9,69.7,100.0,88.8,63,51,0.21999999999999975,3.200000000000003,11.200000000000003,12,IMPROVING,IMPROVING,IMPROVING
STU1364,Student 1364,Engineering College A,Computer Science,B.Tech,1,2,2023,0,Fall 2025,3.15,2.97,0,0,68.4,63.8,100.0,92.2,17,26,0.17999999999999972,4.6000000000000085,7.799999999999997,-9,IMPROVING,IMPROVING,IMPROVING
STU1365,Student 1365,Engineering College A,Computer Science,B.Tech,3,2,2023,1,Fall 2025,2.09,2.24,0,0,93.5,96.0,72.4,72.1,70,56,-0.15000000000000036,-2.5,0.30000000000001137,14,DETERIORATING,DETERIORATING,STABLE
STU1366,Student 1366,Engineering College A,Business,B.Tech,1,1,2023,0,Fall 2025,2.47,1.71,0,0,76.2,64.4,86.6,92.3,78,65,0.7600000000000002,11.799999999999997,-5.700000000000003,13,IMPROVING,IMPROVING,DETERIORATING
STU1367,Student 1367,Engineering College A,Computer Science,B.Tech,1,2,2023,0,Fall 2025,2.57,1.92,1,0,84.9,81.6,55.9,63.1,49,37,0.6499999999999999,-0.9000000000000057,-7.200000000000003,12,IMPROVING,UNKNOWN,DETERIORATING
STU1368,Student 1368,Engineering College A,Civil,B.Tech,3,2,2023,1,Fall 2025,2.08,2.78,3,1,47.3,63.0,49.5,64.9,37,49,-0.6999999999999997,-15.700000000000003,-15.400000000000006,-12,DETERIORATING,DETERIORATING,DETERIORATING
STU1369,Student 1369,Engineering College A,Civil,B.Tech,2,2,2023,0,Fall 2025,3.68,3.67,0,0,76.3,81.6,77.4,83.9,94,100,0.010000000000000231,-0.9000000000000057,-6.5,-6,STABLE,UNKNOWN,DETERIORATING
STU1370,Student 1370,Engineering College A,Civil,B.Tech,3,2,2023,1,Fall 2025,3.31,3.35,0,0,71.2,70.5,84.5,81.2,21,16,-0.040000000000000036,0.7000000000000028,3.299999999999997,5,STABLE,STABLE,STABLE
STU1371,Student 1371,Engineering College A,Business,B.Tech,3,1,2023,1,Fall 2025,4.0,3.97,1,2,60.0,93.5,59.2,80.3,15,37,0.029999999999999805,-33.5,-21.099999999999994,-22,STABLE,DETERIORATING,DETERIORATING
STU1372,Student 1372,Engineering College A,Mechanical,B.Tech,4,2,2023,0,Fall 2025,2.93,2.94,0,0,60.1,56.9,90.2,98.6,57,69,-0.009999999999999787,3.200000000000003,-8.399999999999991,-12,STABLE,IMPROVING,DETERIORATING
STU1373,Student 1373,Engineering College A,Electrical,B.Tech,3,2,2023,1,Fall 2025,2.67,3.3,1,2,77.5,100.0,76.9,89.0,35,42,-0.6299999999999999,-22.5,-12.099999999999994,-7,DETERIORATING,DETERIORATING,DETERIORATING
STU1374,Student 1374,Engineering College A,Computer Science,B.Tech,1,2,2023,0,Fall 2025,2.52,2.61,0,0,75.0,78.3,57.9,67.7,43,53,-0.08999999999999986,-3.299999999999997,-9.800000000000004,-10,STABLE,DETERIORATING,DETERIORATING
STU1375,Student 1375,Engineering College A,Electrical,B.Tech,1,2,2023,1,Fall 2025,3.06,3.02,0,0,80.4,82.1,72.9,79.9,14,2,0.040000000000000036,-1.6999999999999886,-7.0,12,STABLE,STABLE,DETERIORATING
STU1376,Student 1376,Engineering College A,Mechanical,B.Tech,1,2,2023,1,Fall 2025,3.01,3.39,2,1,53.3,73.9,51.6,74.4,26,35,-0.38000000000000034,-20.60000000000001,-22.800000000000004,-9,DETERIORATING,DETERIORATING,DETERIORATING
STU1377,Student 1377,Engineering College A,Mechanical,B.Tech,2,2,2023,0,Fall 2025,2.87,2.7,1,0,88.6,90.9,100.0,98.2,66,74,0.16999999999999993,-2.3000000000000114,1.7999999999999972,-8,IMPROVING,DETERIORATING,STABLE
STU1378,Student 1378,Engineering College A,Business,B.Tech,1,2,2023,0,Fall 2025,3.6,3.37,0,0,97.3,96.1,89.8,86.5,62,50,0.22999999999999998,1.2000000000000028,3.299999999999997,12,IMPROVING,STABLE,STABLE
STU1379,Student 1379,Engineering College A,Civil,B.Tech,2,2,2023,0,Fall 2025,3.41,3.31,0,0,100.0,100.0,69.7,79.3,91,86,0.10000000000000009,0.0,-9.599999999999994,5,IMPROVING,STABLE,DETERIORATING
STU1380,Student 1380,Engineering College A,Civil,B.Tech,1,1,2023,0,Fall 2025,2.66,2.51,0,0,77.3,74.6,90.7,93.9,21,17,0.15000000000000036,2.700000000000003,-3.200000000000003,4,IMPROVING,IMPROVING,STABLE
STU1381,Student 1381,Engineering College A,Mechanical,B.Tech,3,1,2023,0,Fall 2025,1.8,2.28,0,0,82.0,95.5,83.6,98.2,79,68,-0.47999999999999976,-13.5,-14.600000000000009,11,DETERIORATING,DETERIORATING,DETERIORATING
STU1382,Student 1382,Engineering College A,Business,B.Tech,4,1,2023,0,Fall 2025,2.29,1.54,0,1,96.1,91.1,52.5,55.4,26,40,0.75,5.0,-2.8999999999999986,-14,IMPROVING,IMPROVING,STABLE
STU1383,Student 1383,Engineering College A,Business,B.Tech,1,1,2023,1,Fall 2025,1.8,2.29,2,2,77.0,90.0,55.5,79.7,21,44,-0.49,-13.0,-24.200000000000003,-23,DETERIORATING,DETERIORATING,DETERIORATING
STU1384,Student 1384,Engineering College A,Computer Science,B.Tech,2,2,2023,0,Fall 2025,3.24,3.37,0,0,100.0,100.0,50.6,63.5,13,26,-0.1299999999999999,0.0,-12.899999999999999,-13,DETERIORATING,STABLE,DETERIORATING
STU1385,Student 1385,Engineering College A,Civil,B.Tech,2,2,2023,0,Fall 2025,1.28,1.54,1,0,65.2,74.9,65.1,67.4,49,56,-0.26,-9.700000000000003,-2.3000000000000114,-7,DETERIORATING,DETERIORATING,STABLE
STU1386,Student 1386,Engineering College A,Mechanical,B.Tech,4,1,2023,0,Fall 2025,2.24,2.1,0,0,89.5,87.4,89.2,87.4,61,58,0.14000000000000012,2.0999999999999943,1.7999999999999972,3,IMPROVING,IMPROVING,STABLE
STU1387,Student 1387,Engineering College A,Electrical,B.Tech,1,1,2023,0,Fall 2025,2.71,2.78,2,0,96.2,100.0,80.6,94.6,34,41,-0.06999999999999984,-3.799999999999997,-14.0,-7,STABLE,DETERIORATING,DETERIORATING
STU1388,Student 1388,Engineering College A,Civil,B.Tech,3,1,2023,0,Fall 2025,2.75,2.52,0,0,91.1,86.1,83.6,80.9,39,45,0.22999999999999998,5.0,2.6999999999999886,-6,IMPROVING,IMPROVING,STABLE
STU1389,Student 1389,Engineering College A,Computer Science,B.Tech,1,2,2023,1,Fall 2025,1.35,2.95,0,0,50.2,66.8,49.8,60.6,9,25,-1.6,-16.599999999999994,-10.800000000000004,-16,DETERIORATING,DETERIORATING,DETERIORATING
STU1390,Student 1390,Engineering College A,Business,B.Tech,1,2,2023,0,Fall 2025,2.27,2.47,1,1,68.0,79.0,87.0,76.3,68,71,-0.20000000000000018,-11.0,10.700000000000003,-3,DETERIORATING,DETERIORATING,IMPROVING
STU1391,Student 1391,Engineering College A,Mechanical,B.Tech,4,1,2023,0,Fall 2025,2.58,3.05,0,0,68.4,73.9,68.6,65.8,36,35,-0.46999999999999975,-5.5,2.799999999999997,1,DETERIORATING,DETERIORATING,STABLE
STU1392,Student 1392,Engineering College A,Civil,B.Tech,1,1,2023,0,Fall 2025,1.51,1.0,0,0,74.9,65.0,69.9,60.1,57,47,0.51,9.900000000000006,9.800000000000004,10,IMPROVING,IMPROVING,IMPROVING
STU1393,Student 1393,Engineering College A,Electrical,B.Tech,3,1,2023,0,Fall 2025,2.83,2.66,0,0,62.2,58.8,85.2,70.9,22,35,0.16999999999999993,3.4000000000000057,14.299999999999997,-13,IMPROVING,IMPROVING,IMPROVING
STU1394,Student 1394,Engineering College A,Computer Science,B.Tech,2,1,2023,0,Fall 2025,1.7,1.81,1,0,92.3,87.6,56.3,68.0,41,27,-0.1100000000000001,4.700000000000003,-11.700000000000003,14,DETERIORATING,IMPROVING,DETERIORATING
STU1395,Student 1395,Engineering College A,Computer Science,B.Tech,4,1,2023,0,Fall 2025,3.63,3.51,0,0,96.6,96.2,67.7,68.5,20,22,0.1200000000000001,0.3999999999999915,-0.7999999999999972,-2,IMPROVING,STABLE,STABLE
STU1396,Student 1396,Engineering College A,Civil,B.Tech,3,2,2023,0,Fall 2025,3.72,3.59,0,0,84.0,83.3,84.7,98.9,75,61,0.13000000000000034,0.7000000000000028,-14.200000000000003,14,IMPROVING,STABLE,DETERIORATING
STU1397,Student 1397,Engineering College A,Electrical,B.Tech,2,1,2023,1,Fall 2025,2.72,2.79,0,1,99.6,98.5,77.9,68.4,59,61,-0.06999999999999984,1.0999999999999943,9.5,-2,STABLE,STABLE,IMPROVING
STU1398,Student 1398,Engineering College A,Computer Science,B.Tech,4,2,2023,0,Fall 2025,2.79,2.98,0,0,73.4,69.6,68.4,65.1,50,41,-0.18999999999999995,3.8000000000000114,3.3000000000000114,9,DETERIORATING,IMPROVING,STABLE
STU1399,Student 1399,Engineering College A,Mechanical,B.Tech,4,1,2023,0,Fall 2025,1.72,1.43,1,0,100.0,85.3,72.0,74.0,22,32,0.29000000000000004,14.700000000000003,-2.0,-10,IMPROVING,IMPROVING,STABLE
STU1400,Student 1400,Engineering College A,Computer Science,B.Tech,2,1,2023,0,Fall 2025,3.41,3.31,0,0,91.0,91.3,84.3,99.2,53,39,0.10000000000000009,-0.29999999999999716,-14.900000000000006,14,IMPROVING,STABLE,DETERIORATING
STU1401,Student 1401,Engineering College A,Electrical,B.Tech,2,2,2023,0,Fall 2025,2.59,2.61,0,1,79.3,75.3,78.7,71.2,55,64,-0.020000000000000018,4.0,7.5,-9,STABLE,IMPROVING,IMPROVING
STU1402,Student 1402,Engineering College A,Business,B.Tech,3,1,2023,0,Fall 2025,2.79,2.85,0,0,100.0,100.0,74.8,77.6,37,39,-0.06000000000000005,0.0,-2.799999999999997,-2,STABLE,STABLE,STABLE
STU1403,Student 1403,Engineering College A,Business,B.Tech,1,2,2023,0,Fall 2025,2.75,2.76,0,0,70.0,73.7,84.6,75.1,78,65,-0.009999999999999787,-3.700000000000003,9.5,13,STABLE,DETERIORATING,IMPROVING
STU1404,Student 1404,Engineering College A,Civil,B.Tech,1,2,2023,0,Fall 2025,3.28,2.91,0,0,78.1,82.8,41.4,38.6,10,15,0.0,-4.700000000000003,2.799999999999997,-5,UNKNOWN,DETERIORATING,STABLE
STU1405,Student 1405,Engineering College A,Electrical,B.Tech,1,1,2023,0,Fall 2025,2.96,3.09,0,0,92.5,91.7,100.0,97.6,78,66,-0.1299999999999999,0.7999999999999972,2.4000000000000057,12,DETERIORATING,STABLE,STABLE
STU1406,Student 1406,Engineering College A,Computer Science,B.Tech,1,1,2023,0,Fall 2025,3.84,3.99,0,0,80.3,81.5,82.1,69.1,51,60,-0.15000000000000036,-1.2000000000000028,13.0,-9,DETERIORATING,STABLE,IMPROVING
STU1407,Student 1407,Engineering College A,Computer Science,B.Tech,1,2,2023,0,Fall 2025,3.67,3.4,0,0,89.5,86.8,91.4,81.4,39,51,0.27,2.700000000000003,10.0,-12,IMPROVING,IMPROVING,IMPROVING
STU1408,Student 1408,Engineering College A,Business,B.Tech,3,2,2023,0,Fall 2025,1.69,1.55,1,0,66.2,69.3,97.7,100.0,55,52,0.1399999999999999,-3.0999999999999943,-2.299999999999997,3,IMPROVING,DETERIORATING,STABLE
STU1409,Student 1409,Engineering College A,Business,B.Tech,4,1,2023,0,Fall 2025,1.22,1.0,2,0,100.0,88.8,95.4,87.3,37,45,0.21999999999999997,11.200000000000003,8.100000000000009,-8,IMPROVING,IMPROVING,IMPROVING
STU1410,Student 1410,Engineering College A,Mechanical,B.Tech,3,2,2023,1,Fall 2025,2.79,2.85,1,2,60.0,89.2,66.6,74.1,53,76,-0.06000000000000005,-29.200000000000003,-7.5,-23,STABLE,DETERIORATING,DETERIORATING
STU1411,Student 1411,Engineering College A,Business,B.Tech,3,1,2023,1,Fall 2025,2.51,1.98,0,1,100.0,88.7,72.2,76.4,60,47,0.5299999999999998,11.299999999999997,-4.200000000000003,13,IMPROVING,IMPROVING,STABLE
STU1412,Student 1412,Engineering College A,Mechanical,B.Tech,3,2,2023,0,Fall 2025,2.03,2.09,0,0,92.1,90.9,92.8,86.0,34,48,-0.06000000000000005,1.1999999999999886,6.799999999999997,-14,STABLE,STABLE,IMPROVING
STU1413,Student 1413,Engineering College A,Computer Science,B.Tech,4,1,2023,1,Fall 2025,2.7,2.04,0,0,99.5,82.0,57.1,65.6,50,41,0.6600000000000001,17.5,-8.499999999999993,9,IMPROVING,IMPROVING,DETERIORATING
STU1414,Student 1414,Engineering College A,Mechanical,B.Tech,3,2,2023,0,Fall 2025,3.45,3.18,0,0,83.6,79.1,88.2,83.4,10,25,0.27,4.5,4.799999999999997,-15,IMPROVING,IMPROVING,STABLE
STU1415,Student 1415,Engineering College A,Mechanical,B.Tech,3,2,2023,0,Fall 2025,2.51,1.72,1,0,96.8,81.8,72.5,73.3,25,34,0.7899999999999998,15.0,-0.7999999999999972,-9,IMPROVING,IMPROVING,STABLE
STU1416,Student 1416,Engineering College A,Civil,B.Tech,4,1,2023,1,Fall 2025,2.69,3.48,0,2,80.3,88.3,45.2,65.2,36,55,-0.79,-8.0,-20.0,-19,DETERIORATING,DETERIORATING,DETERIORATING
STU1417,Student 1417,Engineering College A,Business,B.Tech,3,2,2023,0,Fall 2025,3.01,3.19,0,0,75.9,81.0,60.5,69.8,33,22,-0.18000000000000016,-5.099999999999994,-9.299999999999997,11,DETERIORATING,DETERIORATING,DETERIORATING
STU1418,Student 1418,Engineering College A,Mechanical,B.Tech,1,2,2023,0,Fall 2025,4.0,3.95,0,0,100.0,100.0,61.9,64.9,62,48,0.04999999999999982,0.0,-3.000000000000007,14,STABLE,STABLE,STABLE
STU1419,Student 1419,Engineering College A,Computer Science,B.Tech,2,2,2023,0,Fall 2025,2.84,2.73,0,0,60.0,60.0,57.4,50.7,49,46,0.10999999999999988,0.0,6.699999999999996,3,IMPROVING,STABLE,IMPROVING
STU1420,Student 1420,Engineering College A,Electrical,B.Tech,3,2,2023,1,Fall 2025,1.76,3.67,2,2,64.3,90.2,56.2,74.7,54,77,-1.91,-25.900000000000006,-18.5,-23,DETERIORATING,DETERIORATING,DETERIORATING
STU1421,Student 1421,Engineering College A,Mechanical,B.Tech,2,2,2023,0,Fall 2025,1.74,1.34,0,0,100.0,100.0,58.7,55.0,67,71,0.3999999999999999,0.0,3.700000000000003,-4,IMPROVING,STABLE,STABLE
STU1422,Student 1422,Engineering College A,Business,B.Tech,3,2,2023,0,Fall 2025,3.22,3.34,0,0,72.7,80.5,44.6,57.8,48,58,-0.11999999999999966,-7.799999999999997,-13.199999999999996,-10,DETERIORATING,DETERIORATING,DETERIORATING
STU1423,Student 1423,Engineering College A,Civil,B.Tech,3,2,2023,0,Fall 2025,4.0,4.0,0,1,88.1,89.9,81.8,75.0,84,80,0.0,-1.8000000000000114,6.799999999999997,4,STABLE,STABLE,IMPROVING
STU1424,Student 1424,Engineering College A,Computer Science,B.Tech,1,1,2023,0,Fall 2025,2.75,2.69,0,0,99.3,96.5,100.0,100.0,67,53,0.06000000000000005,2.799999999999997,0.0,14,STABLE,IMPROVING,STABLE
STU1425,Student 1425,Engineering College A,Civil,B.Tech,4,2,2023,1,Fall 2025,3.5,3.6,0,2,76.0,100.0,76.5,91.3,35,60,-0.10000000000000009,-24.0,-14.799999999999997,-25,DETERIORATING,DETERIORATING,DETERIORATING
STU1426,Student 1426,Engineering College A,Electrical,B.Tech,2,2,2023,0,Fall 2025,1.98,2.67,3,0,71.2,81.6,70.7,96.9,35,49,-0.69,-10.399999999999991,-26.200000000000003,-14,DETERIORATING,DETERIORATING,DETERIORATING
STU1427,Student 1427,Engineering College A,Mechanical,B.Tech,4,1,2023,0,Fall 2025,2.8,2.65,0,0,79.1,77.6,54.6,66.8,27,25,0.1499999999999999,1.5,-12.199999999999996,2,IMPROVING,STABLE,DETERIORATING
STU1428,Student 1428,Engineering College A,Mechanical,B.Tech,1,2,2023,1,Fall 2025,2.22,3.65,1,0,34.0,70.3,47.5,76.5,47,56,-1.4299999999999997,-36.3,-29.0,-9,DETERIORATING,DETERIORATING,DETERIORATING
STU1429,Student 1429,Engineering College A,Business,B.Tech,1,2,2023,0,Fall 2025,2.28,2.02,0,1,83.8,75.0,64.4,57.8,45,52,0.2599999999999998,8.799999999999997,6.6000000000000085,-7,IMPROVING,IMPROVING,IMPROVING
STU1430,Student 1430,Engineering College A,Mechanical,B.Tech,2,1,2023,0,Fall 2025,2.3,2.94,2,2,76.5,97.1,76.1,86.9,13,22,-0.6400000000000001,-20.599999999999994,-10.800000000000011,-9,DETERIORATING,DETERIORATING,DETERIORATING
STU1431,Student 1431,Engineering College A,Computer Science,B.Tech,4,2,2023,0,Fall 2025,2.8,2.79,0,0,80.3,78.6,77.7,86.4,39,44,0.009999999999999787,1.7000000000000028,-8.700000000000003,-5,STABLE,STABLE,DETERIORATING
STU1432,Student 1432,Engineering College A,Electrical,B.Tech,1,2,2023,0,Fall 2025,2.32,2.52,0,0,99.2,96.2,69.0,59.3,59,54,-0.20000000000000018,3.0,9.700000000000003,5,DETERIORATING,IMPROVING,IMPROVING
STU1433,Student 1433,Engineering College A,Civil,B.Tech,3,1,2023,0,Fall 2025,1.59,1.35,0,0,91.1,77.1,100.0,95.7,55,52,0.24,14.0,4.299999999999997,3,IMPROVING,IMPROVING,STABLE
STU1434,Student 1434,Engineering College A,Electrical,B.Tech,3,1,2023,0,Fall 2025,2.92,2.78,0,0,73.4,76.0,78.6,75.7,46,45,0.14000000000000012,-2.5999999999999943,2.8999999999999915,1,IMPROVING,DETERIORATING,STABLE
STU1435,Student 1435,Engineering College A,Mechanical,B.Tech,3,2,2023,0,Fall 2025,2.75,2.91,0,0,94.9,92.1,68.0,72.5,38,47,-0.16000000000000014,2.8000000000000114,-4.5,-9,DETERIORATING,IMPROVING,STABLE
STU1436,Student 1436,Engineering College A,Civil,B.Tech,4,2,2023,0,Fall 2025,2.74,2.75,1,0,67.1,63.4,100.0,91.4,18,9,-0.009999999999999787,3.6999999999999957,8.599999999999994,9,STABLE,IMPROVING,IMPROVING
STU1437,Student 1437,Engineering College A,Business,B.Tech,3,1,2023,0,Fall 2025,3.68,3.47,0,0,100.0,100.0,91.5,81.9,64,74,0.20999999999999996,0.0,9.599999999999994,-10,IMPROVING,STABLE,IMPROVING
STU1438,Student 1438,Engineering College A,Electrical,B.Tech,3,2,2023,0,Fall 2025,2.48,2.33,0,0,85.8,82.3,46.0,60.3,37,36,0.1499999999999999,3.5,-14.299999999999997,1,IMPROVING,IMPROVING,DETERIORATING
STU1439,Student 1439,Engineering College A,Civil,B.Tech,1,1,2023,0,Fall 2025,3.45,3.62,0,0,85.3,92.8,65.4,76.3,80,72,-0.16999999999999993,-7.5,-10.899999999999991,8,DETERIORATING,DETERIORATING,DETERIORATING
STU1440,Student 1440,Engineering College A,Civil,B.Tech,1,1,2023,0,Fall 2025,2.8,2.59,0,1,84.4,84.4,62.8,56.8,49,51,0.20999999999999996,0.0,6.0,-2,IMPROVING,STABLE,IMPROVING
STU1441,Student 1441,Engineering College A,Civil,B.Tech,3,1,2023,1,Fall 2025,1.61,2.37,0,1,61.6,84.3,42.5,52.5,13,26,-0.76,-22.699999999999996,-10.0,-13,DETERIORATING,DETERIORATING,DETERIORATING
STU1442,Student 1442,Engineering College A,Computer Science,B.Tech,3,2,2023,0,Fall 2025,2.49,2.49,0,0,94.9,90.5,100.0,100.0,63,49,0.0,4.400000000000006,0.0,14,STABLE,IMPROVING,STABLE
STU1443,Student 1443,Engineering College A,Electrical,B.Tech,1,1,2023,1,Fall 2025,3.41,3.49,2,0,94.9,96.7,94.0,90.3,50,48,-0.08000000000000007,-1.7999999999999972,3.700000000000003,2,STABLE,STABLE,STABLE
STU1444,Student 1444,Engineering College A,Civil,B.Tech,2,1,2023,0,Fall 2025,3.19,3.23,0,1,60.0,55.8,68.1,81.1,67,74,-0.040000000000000036,4.200000000000003,-13.0,-7,STABLE,IMPROVING,DETERIORATING
STU1445,Student 1445,Engineering College A,Electrical,B.Tech,4,1,2023,0,Fall 2025,3.13,3.11,2,0,50.4,78.4,87.1,99.3,55,72,0.020000000000000018,-28.000000000000007,-12.200000000000003,-17,STABLE,DETERIORATING,DETERIORATING
STU1446,Student 1446,Engineering College A,Civil,B.Tech,4,2,2023,1,Fall 2025,3.39,3.13,0,0,89.1,87.4,81.4,71.8,59,71,0.26000000000000023,1.6999999999999886,9.600000000000009,-12,IMPROVING,STABLE,IMPROVING
STU1447,Student 1447,Engineering College A,Business,B.Tech,1,2,2023,0,Fall 2025,2.69,3.18,0,0,55.0,64.6,82.1,87.3,60,66,-0.4900000000000002,-9.599999999999994,-5.200000000000003,-6,DETERIORATING,DETERIORATING,DETERIORATING
STU1448,Student 1448,Engineering College A,Business,B.Tech,4,2,2023,0,Fall 2025,2.93,2.5,0,0,86.8,80.8,89.6,89.5,30,32,0.43000000000000016,6.0,0.09999999999999432,-2,IMPROVING,IMPROVING,STABLE
STU1449,Student 1449,Engineering College A,Business,B.Tech,1,1,2023,1,Fall 2025,2.18,2.37,2,2,82.4,92.5,84.5,90.1,29,52,-0.18999999999999995,-10.099999999999994,-5.599999999999994,-23,DETERIORATING,DETERIORATING,DETERIORATING
STU1450,Student 1450,Engineering College A,Mechanical,B.Tech,1,2,2023,0,Fall 2025,2.25,1.97,0,0,86.0,82.7,59.2,50.8,46,36,0.28,3.299999999999997,8.400000000000006,10,IMPROVING,IMPROVING,IMPROVING
STU1451,Student 1451,Engineering College A,Civil,B.Tech,1,2,2023,1,Fall 2025,3.02,3.19,0,0,60.0,48.3,82.4,90.5,73,62,-0.16999999999999993,11.700000000000003,-8.099999999999994,11,DETERIORATING,IMPROVING,DETERIORATING
STU1452,Student 1452,Engineering College A,Mechanical,B.Tech,1,1,2023,0,Fall 2025,2.21,2.7,0,0,85.0,100.0,84.5,79.5,63,51,-0.4900000000000002,-15.0,5.0,12,DETERIORATING,DETERIORATING,STABLE
STU1453,Student 1453,Engineering College A,Electrical,B.Tech,2,1,2023,1,Fall 2025,3.92,3.95,3,1,48.4,78.0,76.5,95.7,17,35,-0.03000000000000025,-29.6,-19.200000000000003,-18,STABLE,DETERIORATING,DETERIORATING
STU1454,Student 1454,Engineering College A,Mechanical,B.Tech,3,2,2023,1,Fall 2025,2.34,2.43,0,0,99.8,95.5,93.4,87.5,73,68,-0.0900000000000003,4.299999999999997,5.900000000000006,5,STABLE,IMPROVING,IMPROVING
STU1455,Student 1455,Engineering College A,Electrical,B.Tech,3,2,2023,0,Fall 2025,3.29,3.18,0,0,74.3,69.8,84.8,80.2,15,4,0.10999999999999988,4.5,4.599999999999994,11,IMPROVING,IMPROVING,STABLE
STU1456,Student 1456,Engineering College A,Electrical,B.Tech,2,1,2023,1,Fall 2025,1.95,3.92,1,0,45.5,59.9,84.2,99.1,30,49,-1.97,-14.399999999999999,-14.899999999999991,-19,DETERIORATING,DETERIORATING,DETERIORATING
STU1457,Student 1457,Engineering College A,Electrical,B.Tech,4,2,2023,0,Fall 2025,3.51,3.48,0,0,74.9,74.9,29.1,37.9,78,66,0.029999999999999805,0.0,-8.799999999999997,12,STABLE,STABLE,DETERIORATING
STU1458,Student 1458,Engineering College A,Mechanical,B.Tech,4,1,2023,0,Fall 2025,3.23,2.98,0,1,82.5,83.0,91.1,79.1,22,29,0.25,-0.5,12.0,-7,IMPROVING,STABLE,IMPROVING
STU1459,Student 1459,Engineering College A,Civil,B.Tech,3,1,2023,1,Fall 2025,3.23,3.21,0,0,67.9,65.9,95.3,98.1,20,34,0.020000000000000018,2.0,-2.799999999999997,-14,STABLE,STABLE,STABLE
STU1460,Student 1460,Engineering College A,Mechanical,B.Tech,4,2,2023,1,Fall 2025,4.0,3.94,2,0,91.0,89.5,94.7,99.7,41,41,0.06000000000000005,1.5,-5.0,0,STABLE,STABLE,STABLE
STU1461,Student 1461,Engineering College A,Civil,B.Tech,3,2,2023,0,Fall 2025,3.96,4.0,0,0,80.8,81.9,85.0,71.8,39,43,-0.040000000000000036,-1.1000000000000085,13.200000000000003,-4,STABLE,STABLE,IMPROVING
STU1462,Student 1462,Engineering College A,Civil,B.Tech,3,2,2023,0,Fall 2025,3.31,3.17,1,0,65.9,70.1,91.4,99.3,26,37,0.14000000000000012,-4.199999999999989,-7.8999999999999915,-11,IMPROVING,DETERIORATING,DETERIORATING
STU1463,Student 1463,Engineering College A,Electrical,B.Tech,2,2,2023,1,Fall 2025,3.23,3.06,0,0,76.9,75.9,58.1,62.2,10,10,0.16999999999999993,1.0,-4.100000000000001,0,IMPROVING,STABLE,STABLE
STU1464,Student 1464,Engineering College A,Mechanical,B.Tech,4,1,2023,0,Fall 2025,3.41,3.4,0,0,73.6,69.4,59.7,72.3,49,41,0.010000000000000231,4.199999999999989,-12.599999999999994,8,STABLE,IMPROVING,DETERIORATING
STU1465,Student 1465,Engineering College A,Civil,B.Tech,2,2,2023,0,Fall 2025,2.17,2.66,2,2,60.7,82.2,62.8,92.5,29,49,-0.4900000000000002,-21.5,-29.700000000000003,-20,DETERIORATING,DETERIORATING,DETERIORATING
STU1466,Student 1466,Engineering College A,Business,B.Tech,3,2,2023,0,Fall 2025,3.5,3.64,2,1,95.9,94.5,100.0,89.9,51,53,-0.14000000000000012,1.4000000000000057,10.099999999999994,-2,DETERIORATING,STABLE,IMPROVING
STU1467,Student 1467,Engineering College A,Civil,B.Tech,3,2,2023,1,Fall 2025,2.94,3.14,2,0,66.5,89.2,79.7,93.2,13,32,-0.20000000000000018,-22.700000000000003,-13.5,-19,DETERIORATING,DETERIORATING,DETERIORATING
STU1468,Student 1468,Engineering College A,Business,B.Tech,3,1,2023,1,Fall 2025,2.58,2.77,0,0,79.8,86.3,97.4,90.7,32,46,-0.18999999999999995,-6.5,6.700000000000003,-14,DETERIORATING,DETERIORATING,IMPROVING
STU1469,Student 1469,Engineering College A,Mechanical,B.Tech,1,2,2023,1,Fall 2025,1.6,2.21,2,2,73.3,85.1,80.7,90.4,33,44,-0.6099999999999999,-11.799999999999997,-9.700000000000003,-11,DETERIORATING,DETERIORATING,DETERIORATING
STU1470,Student 1470,Engineering College A,Mechanical,B.Tech,1,2,2023,0,Fall 2025,3.38,3.2,0,0,62.6,60.9,78.7,93.4,49,63,0.17999999999999972,1.7000000000000028,-14.700000000000003,-14,IMPROVING,STABLE,DETERIORATING
STU1471,Student 1471,Engineering College A,Mechanical,B.Tech,1,1,2023,0,Fall 2025,2.64,2.33,0,0,100.0,100.0,66.3,80.3,47,56,0.31000000000000005,0.0,-14.0,-9,IMPROVING,STABLE,DETERIORATING
STU1472,Student 1472,Engineering College A,Civil,B.Tech,2,1,2023,0,Fall 2025,1.95,2.03,0,0,81.7,77.5,80.5,93.9,59,54,-0.07999999999999985,4.200000000000003,-13.400000000000006,5,STABLE,IMPROVING,DETERIORATING
STU1473,Student 1473,Engineering College A,Computer Science,B.Tech,3,1,2023,1,Fall 2025,3.49,3.6,3,0,53.3,77.1,41.9,55.2,27,41,-0.10999999999999988,-23.799999999999997,-13.300000000000004,-14,DETERIORATING,DETERIORATING,DETERIORATING
STU1474,Student 1474,Engineering College A,Civil,B.Tech,4,1,2023,0,Fall 2025,2.89,3.21,0,0,92.4,100.0,79.5,93.6,39,44,-0.31999999999999984,-7.599999999999994,-14.099999999999994,-5,DETERIORATING,DETERIORATING,DETERIORATING
STU1475,Student 1475,Engineering College A,Civil,B.Tech,2,1,2023,0,Fall 2025,2.49,2.21,0,0,84.7,88.1,100.0,100.0,41,47,0.28000000000000025,-3.3999999999999915,0.0,-6,IMPROVING,DETERIORATING,STABLE
STU1476,Student 1476,Engineering College A,Electrical,B.Tech,2,2,2023,0,Fall 2025,3.86,3.91,0,0,86.6,85.1,57.2,68.1,75,70,-0.050000000000000266,1.5,-10.899999999999991,5,STABLE,STABLE,DETERIORATING
STU1477,Student 1477,Engineering College A,Electrical,B.Tech,2,1,2023,0,Fall 2025,2.79,2.17,0,1,100.0,87.2,92.1,86.3,65,62,0.6200000000000001,12.799999999999997,5.799999999999997,3,IMPROVING,IMPROVING,IMPROVING
STU1478,Student 1478,Engineering College A,Civil,B.Tech,4,1,2023,0,Fall 2025,2.78,2.9,0,0,83.3,80.4,92.3,92.2,34,34,-0.1200000000000001,2.8999999999999915,0.09999999999999432,0,DETERIORATING,IMPROVING,STABLE
STU1479,Student 1479,Engineering College A,Business,B.Tech,3,1,2023,1,Fall 2025,2.52,2.62,0,0,74.8,78.6,99.0,94.2,30,25,-0.10000000000000009,-3.799999999999997,4.799999999999997,5,DETERIORATING,DETERIORATING,STABLE
STU1480,Student 1480,Engineering College A,Electrical,B.Tech,1,1,2023,0,Fall 2025,3.33,2.5,0,0,100.0,100.0,89.6,87.1,38,30,0.8300000000000001,0.0,2.5,8,IMPROVING,STABLE,STABLE
STU1481,Student 1481,Engineering College A,Civil,B.Tech,3,1,2023,0,Fall 2025,2.32,2.11,1,1,93.6,94.5,74.1,78.7,43,29,0.20999999999999996,-0.9000000000000057,-4.6000000000000085,14,IMPROVING,STABLE,STABLE
STU1482,Student 1482,Engineering College A,Computer Science,B.Tech,3,1,2023,0,Fall 2025,2.02,1.51,0,0,94.8,84.5,36.3,41.1,58,46,0.51,10.299999999999997,-4.800000000000004,12,IMPROVING,IMPROVING,STABLE
STU1483,Student 1483,Engineering College A,Business,B.Tech,2,1,2023,0,Fall 2025,3.55,3.3,2,0,75.5,78.4,79.5,75.2,16,27,0.25,-2.9000000000000057,4.299999999999997,-11,IMPROVING,DETERIORATING,STABLE
STU1484,Student 1484,Engineering College A,Mechanical,B.Tech,2,1,2023,0,Fall 2025,2.65,2.38,1,0,98.6,100.0,72.4,60.9,21,32,0.27,-1.4000000000000057,11.500000000000007,-11,IMPROVING,STABLE,IMPROVING
STU1485,Student 1485,Engineering College A,Civil,B.Tech,2,2,2023,0,Fall 2025,2.65,2.58,0,0,60.0,55.1,86.9,92.7,59,64,0.06999999999999984,4.899999999999999,-5.799999999999997,-5,STABLE,IMPROVING,DETERIORATING
STU1486,Student 1486,Engineering College A,Civil,B.Tech,1,2,2023,0,Fall 2025,3.77,3.61,0,0,89.9,93.9,96.2,89.3,30,30,0.16000000000000014,-4.0,6.900000000000006,0,IMPROVING,DETERIORATING,IMPROVING
STU1487,Student 1487,Engineering College A,Business,B.Tech,1,2,2023,1,Fall 2025,3.75,3.63,0,0,85.5,86.3,68.1,56.8,31,31,0.1200000000000001,-0.7999999999999972,11.299999999999997,0,IMPROVING,STABLE,IMPROVING
STU1488,Student 1488,Engineering College A,Electrical,B.Tech,1,1,2023,0,Fall 2025,4.0,4.0,0,0,79.4,76.5,74.1,83.3,17,5,0.0,2.9000000000000057,-9.200000000000003,12,STABLE,IMPROVING,DETERIORATING
STU1489,Student 1489,Engineering College A,Electrical,B.Tech,3,1,2023,0,Fall 2025,2.48,1.61,0,0,100.0,91.1,90.0,92.8,10,16,0.8699999999999999,8.900000000000006,-2.799999999999997,-6,IMPROVING,IMPROVING,STABLE
STU1490,Student 1490,Engineering College A,Electrical,B.Tech,2,1,2023,0,Fall 2025,2.98,3.04,0,0,89.1,88.4,88.4,81.9,57,47,-0.06000000000000005,0.6999999999999886,6.5,10,STABLE,STABLE,IMPROVING
STU1491,Student 1491,Engineering College A,Mechanical,B.Tech,4,2,2023,1,Fall 2025,2.41,2.47,0,0,71.7,70.1,72.2,67.8,21,34,-0.06000000000000005,1.6000000000000085,4.400000000000006,-13,STABLE,STABLE,STABLE
STU1492,Student 1492,Engineering College A,Business,B.Tech,3,1,2023,0,Fall 2025,2.61,2.33,0,0,71.3,72.5,52.6,51.8,38,31,0.2799999999999998,-1.2000000000000028,0.8000000000000043,7,IMPROVING,STABLE,STABLE
STU1493,Student 1493,Engineering College A,Business,B.Tech,1,1,2023,0,Fall 2025,1.71,1.28,0,0,91.1,84.3,73.4,80.7,12,16,0.42999999999999994,6.799999999999997,-7.299999999999997,-4,IMPROVING,IMPROVING,DETERIORATING
STU1494,Student 1494,Engineering College A,Electrical,B.Tech,4,1,2023,1,Fall 2025,2.36,1.41,0,0,100.0,100.0,70.0,76.4,35,29,0.95,0.0,-6.400000000000006,6,IMPROVING,STABLE,DETERIORATING
STU1495,Student 1495,Engineering College A,Electrical,B.Tech,4,2,2023,0,Fall 2025,2.91,2.7,0,0,92.4,90.2,63.5,59.1,44,32,0.20999999999999996,2.200000000000003,4.399999999999999,12,IMPROVING,IMPROVING,STABLE
STU1496,Student 1496,Engineering College A,Computer Science,B.Tech,2,2,2023,0,Fall 2025,2.7,2.64,0,0,64.6,60.3,56.6,59.8,10,17,0.06000000000000005,4.299999999999997,-3.1999999999999957,-7,STABLE,IMPROVING,STABLE
STU1497,Student 1497,Engineering College A,Computer Science,B.Tech,4,1,2023,0,Fall 2025,2.73,2.77,0,0,70.7,72.6,49.6,60.9,73,61,-0.040000000000000036,-1.8999999999999915,-11.299999999999997,12,STABLE,STABLE,DETERIORATING
STU1498,Student 1498,Engineering College A,Civil,B.Tech,1,2,2023,0,Fall 2025,3.24,3.34,0,0,76.3,74.3,100.0,100.0,40,55,-0.09999999999999964,2.0,0.0,-15,STABLE,STABLE,STABLE
STU1499,Student 1499,Engineering College A,Civil,B.Tech,2,1,2023,0,Fall 2025,2.41,2.52,0,0,71.2,77.2,52.5,64.0,23,23,-0.10999999999999988,-6.0,-11.5,0,DETERIORATING,DETERIORATING,DETERIORATING
STU1500,Student 1500,Engineering College A,Business,B.Tech,4,1,2023,1,Fall 2025,3.04,3.15,1,1,80.6,92.6,59.0,68.9,30,41,-0.10999999999999988,-12.0,-9.900000000000006,-11,DETERIORATING,DETERIORATING,DETERIORATING
STU1501,Student 1501,Engineering College A,Business,B.Tech,2,2,2023,0,Fall 2025,2.83,2.81,1,0,83.9,87.6,81.8,69.6,23,21,0.020000000000000018,-3.6999999999999886,12.200000000000003,2,STABLE,DETERIORATING,IMPROVING
STU1502,Student 1502,Engineering College A,Mechanical,B.Tech,4,2,2023,0,Fall 2025,3.58,3.72,0,0,88.0,84.9,87.1,74.2,36,46,-0.14000000000000012,3.0999999999999943,12.899999999999991,-10,DETERIORATING,IMPROVING,IMPROVING
STU1503,Student 1503,Engineering College A,Mechanical,B.Tech,3,2,2023,0,Fall 2025,3.86,3.68,0,0,100.0,100.0,71.8,76.0,10,9,0.17999999999999972,0.0,-4.200000000000003,1,IMPROVING,STABLE,STABLE
STU1504,Student 1504,Engineering College A,Computer Science,B.Tech,3,2,2023,0,Fall 2025,2.39,2.39,0,0,81.9,85.3,100.0,100.0,71,69,0.0,-3.3999999999999915,0.0,2,STABLE,DETERIORATING,STABLE
STU1505,Student 1505,Engineering College A,Civil,B.Tech,1,1,2023,1,Fall 2025,2.62,2.38,0,0,100.0,97.6,81.0,73.3,47,48,0.2400000000000002,2.4000000000000057,7.700000000000003,-1,IMPROVING,IMPROVING,IMPROVING
STU1506,Student 1506,Engineering College A,Computer Science,B.Tech,3,1,2023,0,Fall 2025,2.55,1.74,0,0,96.2,88.5,76.0,83.9,60,64,0.8099999999999998,7.700000000000003,-7.900000000000006,-4,IMPROVING,IMPROVING,DETERIORATING
STU1507,Student 1507,Engineering College A,Computer Science,B.Tech,3,2,2023,0,Fall 2025,2.69,1.8,0,0,93.0,75.7,62.8,65.3,50,44,0.8899999999999999,17.299999999999997,-2.5,6,IMPROVING,IMPROVING,STABLE
STU1508,Student 1508,Engineering College A,Civil,B.Tech,3,2,2023,0,Fall 2025,3.91,3.68,0,0,99.4,98.1,94.3,85.1,77,69,0.22999999999999998,1.3000000000000114,9.200000000000003,8,IMPROVING,STABLE,IMPROVING
STU1509,Student 1509,Engineering College A,Mechanical,B.Tech,4,1,2023,0,Fall 2025,3.05,2.85,0,0,67.0,62.8,92.9,97.3,28,22,0.19999999999999973,4.200000000000003,-4.3999999999999915,6,IMPROVING,IMPROVING,STABLE
STU1510,Student 1510,Engineering College A,Civil,B.Tech,4,1,2023,1,Fall 2025,3.8,3.61,0,0,98.8,94.1,84.3,72.7,97,89,0.18999999999999995,4.700000000000003,11.599999999999994,8,IMPROVING,IMPROVING,IMPROVING
STU1511,Student 1511,Engineering College A,Electrical,B.Tech,2,1,2023,1,Fall 2025,3.26,3.29,0,0,87.4,88.2,61.2,61.6,97,85,-0.03000000000000025,-0.7999999999999972,-0.3999999999999986,12,STABLE,STABLE,STABLE
STU1512,Student 1512,Engineering College A,Electrical,B.Tech,4,1,2023,0,Fall 2025,2.97,2.89,0,0,92.4,95.2,82.1,78.0,58,45,0.08000000000000007,-2.799999999999997,4.099999999999994,13,STABLE,DETERIORATING,STABLE
STU1513,Student 1513,Engineering College A,Electrical,B.Tech,3,2,2023,1,Fall 2025,2.16,2.76,0,2,59.7,79.7,63.9,70.4,27,39,-0.5999999999999996,-20.0,-6.500000000000007,-12,DETERIORATING,DETERIORATING,DETERIORATING
STU1514,Student 1514,Engineering College A,Business,B.Tech,4,2,2023,0,Fall 2025,2.55,2.83,0,0,60.0,81.6,81.6,92.2,27,16,-0.28000000000000025,-0.9000000000000057,-10.600000000000009,11,DETERIORATING,UNKNOWN,DETERIORATING
STU1515,Student 1515,Engineering College A,Mechanical,B.Tech,1,2,2023,0,Fall 2025,3.2,2.5,0,0,91.4,74.1,89.2,82.1,47,45,0.7000000000000002,17.30000000000001,7.1000000000000085,2,IMPROVING,IMPROVING,IMPROVING
STU1516,Student 1516,Engineering College A,Mechanical,B.Tech,2,1,2023,0,Fall 2025,2.15,1.86,1,0,75.6,78.5,70.1,72.6,57,61,0.2899999999999998,-2.9000000000000057,-2.5,-4,IMPROVING,DETERIORATING,STABLE
STU1517,Student 1517,Engineering College A,Business,B.Tech,2,1,2023,0,Fall 2025,3.48,3.27,0,0,69.8,65.7,63.3,76.1,75,68,0.20999999999999996,4.099999999999994,-12.799999999999997,7,IMPROVING,IMPROVING,DETERIORATING
STU1518,Student 1518,Engineering College A,Computer Science,B.Tech,4,2,2023,1,Fall 2025,1.74,3.47,0,1,81.8,100.0,72.3,89.7,29,35,-1.7300000000000002,-18.200000000000003,-17.400000000000006,-6,DETERIORATING,DETERIORATING,DETERIORATING
STU1519,Student 1519,Engineering College A,Electrical,B.Tech,3,2,2023,0,Fall 2025,2.63,2.98,0,0,62.3,69.4,100.0,96.2,26,26,-0.3500000000000001,-7.1000000000000085,3.799999999999997,0,DETERIORATING,DETERIORATING,STABLE
STU1520,Student 1520,Engineering College A,Electrical,B.Tech,2,2,2023,1,Fall 2025,2.53,3.0,1,1,70.7,85.4,66.8,82.3,51,71,-0.4700000000000002,-14.700000000000003,-15.5,-20,DETERIORATING,DETERIORATING,DETERIORATING
STU1521,Student 1521,Engineering College A,Computer Science,B.Tech,1,1,2023,0,Fall 2025,3.42,3.9,2,0,80.3,91.8,81.4,73.3,56,59,-0.48,-11.5,8.100000000000009,-3,DETERIORATING,DETERIORATING,IMPROVING
STU1522,Student 1522,Engineering College A,Civil,B.Tech,1,2,2023,1,Fall 2025,2.5,2.5,3,1,30.3,62.2,35.4,57.8,33,56,0.0,-31.900000000000002,-22.4,-23,STABLE,DETERIORATING,DETERIORATING
STU1523,Student 1523,Engineering College A,Civil,B.Tech,2,1,2023,0,Fall 2025,2.63,2.78,0,0,90.1,87.7,61.8,68.9,66,62,-0.1499999999999999,2.3999999999999915,-7.1000000000000085,4,DETERIORATING,IMPROVING,DETERIORATING
STU1524,Student 1524,Engineering College A,Mechanical,B.Tech,3,2,2023,0,Fall 2025,1.51,1.52,1,0,76.0,74.3,81.8,75.9,64,52,-0.010000000000000009,1.7000000000000028,5.8999999999999915,12,STABLE,STABLE,IMPROVING
STU1525,Student 1525,Engineering College A,Business,B.Tech,3,2,2023,0,Fall 2025,4.0,3.98,1,0,77.0,78.4,73.8,74.4,69,57,0.020000000000000018,-1.4000000000000057,-0.6000000000000085,12,STABLE,STABLE,STABLE
STU1526,Student 1526,Engineering College A,Mechanical,B.Tech,4,2,2023,0,Fall 2025,2.47,2.32,0,1,64.6,65.7,80.7,76.7,78,75,0.15000000000000036,-1.1000000000000085,4.0,3,IMPROVING,STABLE,STABLE
STU1527,Student 1527,Engineering College A,Civil,B.Tech,4,1,2023,0,Fall 2025,4.0,3.97,0,0,71.2,73.8,64.2,64.9,24,32,0.029999999999999805,-2.5999999999999943,-0.7000000000000028,-8,STABLE,DETERIORATING,STABLE
STU1528,Student 1528,Engineering College A,Computer Science,B.Tech,2,1,2023,0,Fall 2025,3.67,3.6,0,0,60.0,62.3,72.7,63.1,54,68,0.06999999999999984,-2.299999999999997,9.600000000000001,-14,STABLE,DETERIORATING,IMPROVING
STU1529,Student 1529,Engineering College A,Mechanical,B.Tech,4,1,2023,0,Fall 2025,3.64,3.94,0,0,76.7,89.3,89.1,88.4,22,35,-0.2999999999999998,-12.599999999999994,0.6999999999999886,-13,DETERIORATING,DETERIORATING,STABLE
STU1530,Student 1530,Engineering College A,Electrical,B.Tech,4,1,2023,0,Fall 2025,2.49,2.24,0,0,100.0,92.5,71.5,60.8,45,57,0.25,7.5,10.700000000000003,-12,IMPROVING,IMPROVING,IMPROVING
STU1531,Student 1531,Engineering College A,Electrical,B.Tech,4,1,2023,0,Fall 2025,3.61,3.54,0,0,70.1,71.2,74.1,67.1,10,7,0.06999999999999984,-1.1000000000000085,7.0,3,STABLE,STABLE,IMPROVING
STU1532,Student 1532,Engineering College A,Computer Science,B.Tech,1,1,2023,0,Fall 2025,3.35,3.68,0,0,56.0,65.0,63.6,70.5,81,68,-0.33000000000000007,-9.0,-6.899999999999999,13,DETERIORATING,DETERIORATING,DETERIORATING
STU1533,Student 1533,Engineering College A,Civil,B.Tech,4,2,2023,1,Fall 2025,2.33,2.31,0,0,90.9,95.9,83.5,74.3,12,24,0.020000000000000018,-5.0,9.200000000000003,-12,STABLE,DETERIORATING,IMPROVING
STU1534,Student 1534,Engineering College A,Electrical,B.Tech,2,1,2023,0,Fall 2025,3.45,3.59,0,0,73.9,78.4,31.9,46.3,50,53,-0.13999999999999968,-4.5,-14.399999999999999,-3,DETERIORATING,DETERIORATING,DETERIORATING
STU1535,Student 1535,Engineering College A,Electrical,B.Tech,3,2,2023,0,Fall 2025,2.57,2.29,0,0,75.1,77.0,81.3,82.8,41,48,0.2799999999999998,-1.9000000000000057,-1.5,-7,IMPROVING,STABLE,STABLE
STU1536,Student 1536,Engineering College A,Business,B.Tech,4,1,2023,0,Fall 2025,1.86,1.43,0,1,80.1,71.0,99.8,89.8,33,44,0.43000000000000016,9.099999999999994,10.0,-11,IMPROVING,IMPROVING,IMPROVING
STU1537,Student 1537,Engineering College A,Mechanical,B.Tech,3,2,2023,0,Fall 2025,1.87,1.66,0,0,88.1,76.9,100.0,89.0,34,22,0.2100000000000002,11.199999999999989,11.0,12,IMPROVING,IMPROVING,IMPROVING
STU1538,Student 1538,Engineering College A,Civil,B.Tech,4,2,2023,0,Fall 2025,2.5,2.65,0,0,98.3,98.6,86.0,71.2,37,50,-0.1499999999999999,-0.29999999999999716,14.799999999999997,-13,DETERIORATING,STABLE,IMPROVING
STU1539,Student 1539,Engineering College A,Mechanical,B.Tech,2,1,2023,0,Fall 2025,4.0,4.0,1,0,95.1,100.0,100.0,97.1,59,67,0.0,-4.900000000000006,2.9000000000000057,-8,STABLE,DETERIORATING,STABLE
STU1540,Student 1540,Engineering College A,Civil,B.Tech,1,2,2023,0,Fall 2025,3.02,3.15,0,0,80.8,81.5,80.7,77.7,10,15,-0.1299999999999999,-0.7000000000000028,3.0,-5,DETERIORATING,STABLE,STABLE
STU1541,Student 1541,Engineering College A,Electrical,B.Tech,2,1,2023,0,Fall 2025,2.98,3.04,0,0,85.9,88.8,58.0,56.8,78,80,-0.06000000000000005,-2.8999999999999915,1.2000000000000028,-2,STABLE,DETERIORATING,STABLE
STU1542,Student 1542,Engineering College A,Business,B.Tech,1,1,2023,0,Fall 2025,3.71,3.72,0,0,83.8,85.4,86.8,72.0,77,63,-0.010000000000000231,-1.6000000000000085,14.799999999999997,14,STABLE,STABLE,IMPROVING
STU1543,Student 1543,Engineering College A,Mechanical,B.Tech,4,1,2023,0,Fall 2025,2.73,2.8,0,0,67.7,67.6,74.9,79.9,21,23,-0.06999999999999984,0.10000000000000853,-5.0,-2,STABLE,STABLE,STABLE
STU1544,Student 1544,Engineering College A,Electrical,B.Tech,4,1,2023,0,Fall 2025,3.07,2.92,0,0,93.0,89.5,60.6,67.0,29,37,0.1499999999999999,3.5,-6.399999999999999,-8,IMPROVING,IMPROVING,DETERIORATING
STU1545,Student 1545,Engineering College A,Civil,B.Tech,1,2,2023,1,Fall 2025,1.16,1.71,1,1,59.2,73.1,71.4,81.8,37,50,-0.55,-13.899999999999991,-10.399999999999991,-13,DETERIORATING,DETERIORATING,DETERIORATING
STU1546,Student 1546,Engineering College A,Mechanical,B.Tech,2,1,2023,0,Fall 2025,2.85,1.86,1,0,88.8,70.4,73.8,72.9,17,14,0.99,18.39999999999999,0.8999999999999915,3,IMPROVING,IMPROVING,STABLE
STU1547,Student 1547,Engineering College A,Mechanical,B.Tech,2,2,2023,0,Fall 2025,3.97,3.81,0,0,100.0,99.3,89.0,91.9,79,72,0.16000000000000014,0.7000000000000028,-2.9000000000000057,7,IMPROVING,STABLE,STABLE
STU1548,Student 1548,Engineering College A,Electrical,B.Tech,1,2,2023,0,Fall 2025,2.47,2.56,0,0,67.4,62.8,73.5,85.9,53,68,-0.08999999999999986,4.6000000000000085,-12.400000000000006,-15,STABLE,IMPROVING,DETERIORATING
STU1549,Student 1549,Engineering College A,Mechanical,B.Tech,4,2,2023,0,Fall 2025,3.66,3.54,1,0,93.4,93.0,57.0,67.2,61,59,0.1200000000000001,0.4000000000000057,-10.200000000000003,2,IMPROVING,STABLE,DETERIORATING
STU1550,Student 1550,Engineering College A,Business,B.Tech,1,1,2023,0,Fall 2025,3.71,3.64,0,0,100.0,100.0,100.0,93.9,10,5,0.06999999999999984,0.0,6.099999999999994,5,STABLE,STABLE,IMPROVING
STU1551,Student 1551,Engineering College A,Business,B.Tech,4,2,2023,1,Fall 2025,3.32,3.99,0,1,67.8,77.5,53.8,69.0,12,26,-0.6700000000000004,-9.700000000000003,-15.200000000000003,-14,DETERIORATING,DETERIORATING,DETERIORATING
STU1552,Student 1552,Engineering College A,Electrical,B.Tech,1,1,2023,0,Fall 2025,2.0,1.91,0,0,85.9,83.0,89.8,93.5,56,59,0.09000000000000008,2.9000000000000057,-3.700000000000003,-3,STABLE,IMPROVING,STABLE
STU1553,Student 1553,Engineering College A,Civil,B.Tech,4,2,2023,0,Fall 2025,2.12,2.24,0,1,84.4,81.6,77.0,88.1,36,43,-0.1200000000000001,2.8000000000000114,-11.099999999999994,-7,DETERIORATING,IMPROVING,DETERIORATING
STU1554,Student 1554,Engineering College A,Electrical,B.Tech,1,1,2023,1,Fall 2025,2.78,3.57,2,0,79.9,96.5,56.5,73.7,10,31,-0.79,-16.599999999999994,-17.200000000000003,-21,DETERIORATING,DETERIORATING,DETERIORATING
STU1555,Student 1555,Engineering College A,Business,B.Tech,3,1,2023,0,Fall 2025,2.13,1.2,1,0,89.1,79.9,88.4,81.2,47,55,0.9299999999999999,9.199999999999989,7.200000000000003,-8,IMPROVING,IMPROVING,IMPROVING
STU1556,Student 1556,Engineering College A,Computer Science,B.Tech,4,1,2023,1,Fall 2025,3.29,3.05,1,0,76.4,73.0,81.8,82.0,55,60,0.2400000000000002,3.4000000000000057,-0.20000000000000284,-5,IMPROVING,IMPROVING,STABLE
STU1557,Student 1557,Engineering College A,Computer Science,B.Tech,2,1,2023,0,Fall 2025,1.54,1.47,0,0,80.4,81.8,80.0,69.5,67,61,0.07000000000000006,-1.3999999999999915,10.5,6,STABLE,STABLE,IMPROVING
STU1558,Student 1558,Engineering College A,Mechanical,B.Tech,1,2,2023,1,Fall 2025,2.12,2.35,0,0,68.0,76.5,67.0,64.2,26,24,-0.22999999999999998,-8.5,2.799999999999997,2,DETERIORATING,DETERIORATING,STABLE
STU1559,Student 1559,Engineering College A,Mechanical,B.Tech,2,2,2023,0,Fall 2025,3.62,3.47,0,0,78.6,74.4,58.5,50.8,66,79,0.1499999999999999,4.199999999999989,7.700000000000003,-13,IMPROVING,IMPROVING,IMPROVING
STU1560,Student 1560,Engineering College A,Computer Science,B.Tech,1,1,2023,1,Fall 2025,3.31,3.56,0,0,68.7,80.7,37.0,46.3,35,42,-0.25,-12.0,-9.299999999999997,-7,DETERIORATING,DETERIORATING,DETERIORATING
STU1561,Student 1561,Engineering College A,Business,B.Tech,2,2,2023,0,Fall 2025,3.08,2.99,0,0,82.7,86.3,94.4,84.4,53,65,0.08999999999999986,-3.5999999999999943,10.0,-12,STABLE,DETERIORATING,IMPROVING
STU1562,Student 1562,Engineering College A,Mechanical,B.Tech,2,1,2023,0,Fall 2025,2.91,2.91,1,0,67.8,67.3,47.9,61.1,34,38,0.0,0.5,-13.200000000000003,-4,STABLE,STABLE,DETERIORATING
STU1563,Student 1563,Engineering College A,Electrical,B.Tech,1,1,2023,0,Fall 2025,3.8,3.8,1,0,96.4,100.0,63.3,70.0,43,30,0.0,-3.5999999999999943,-6.700000000000003,13,STABLE,DETERIORATING,DETERIORATING
STU1564,Student 1564,Engineering College A,Electrical,B.Tech,1,2,2023,0,Fall 2025,3.44,2.5,0,0,73.8,63.9,59.7,68.5,64,67,0.94,9.899999999999999,-8.799999999999997,-3,IMPROVING,IMPROVING,DETERIORATING
STU1565,Student 1565,Engineering College A,Business,B.Tech,2,1,2023,0,Fall 2025,2.44,2.46,0,0,84.2,88.1,83.7,97.2,33,37,-0.020000000000000018,-3.8999999999999915,-13.5,-4,STABLE,DETERIORATING,DETERIORATING
STU1566,Student 1566,Engineering College A,Mechanical,B.Tech,2,1,2023,1,Fall 2025,2.89,3.04,1,0,60.0,52.0,82.3,86.6,11,25,-0.1499999999999999,8.0,-4.299999999999997,-14,DETERIORATING,IMPROVING,STABLE
STU1567,Student 1567,Engineering College A,Electrical,B.Tech,2,1,2023,1,Fall 2025,3.84,3.69,0,0,76.8,81.1,87.7,84.8,58,53,0.1499999999999999,-4.299999999999997,2.9000000000000057,5,IMPROVING,DETERIORATING,STABLE
STU1568,Student 1568,Engineering College A,Mechanical,B.Tech,4,1,2023,0,Fall 2025,2.62,2.66,0,0,89.0,89.6,91.2,98.0,40,42,-0.040000000000000036,-0.5999999999999943,-6.799999999999997,-2,STABLE,STABLE,DETERIORATING
STU1569,Student 1569,Engineering College A,Mechanical,B.Tech,4,1,2023,0,Fall 2025,3.11,2.81,0,0,97.2,96.2,62.8,58.9,45,57,0.2999999999999998,1.0,3.8999999999999986,-12,IMPROVING,STABLE,STABLE
STU1570,Student 1570,Engineering College A,Electrical,B.Tech,3,2,2023,0,Fall 2025,2.89,3.05,0,0,100.0,97.2,68.3,59.7,51,60,-0.1599999999999997,2.799999999999997,8.599999999999994,-9,DETERIORATING,IMPROVING,IMPROVING
STU1571,Student 1571,Engineering College A,Computer Science,B.Tech,4,2,2023,0,Fall 2025,2.99,2.98,0,0,81.3,81.7,65.7,64.4,51,37,0.010000000000000231,-0.4000000000000057,1.2999999999999972,14,STABLE,STABLE,STABLE
STU1572,Student 1572,Engineering College A,Electrical,B.Tech,4,2,2023,0,Fall 2025,2.82,2.86,1,0,85.1,81.2,82.7,83.1,44,33,-0.040000000000000036,3.8999999999999915,-0.3999999999999915,11,STABLE,IMPROVING,STABLE
STU1573,Student 1573,Engineering College A,Business,B.Tech,1,1,2023,0,Fall 2025,3.08,2.97,0,0,92.8,88.3,100.0,89.9,69,65,0.10999999999999988,4.5,10.099999999999994,4,IMPROVING,IMPROVING,IMPROVING
STU1574,Student 1574,Engineering College A,Civil,B.Tech,3,1,2023,1,Fall 2025,3.03,3.26,3,2,88.5,95.1,65.8,85.4,54,65,-0.22999999999999998,-6.599999999999994,-19.60000000000001,-11,DETERIORATING,DETERIORATING,DETERIORATING
STU1575,Student 1575,Engineering College A,Electrical,B.Tech,3,1,2023,0,Fall 2025,3.07,2.9,0,0,71.4,75.2,52.3,66.9,30,17,0.16999999999999993,-3.799999999999997,-14.600000000000009,13,IMPROVING,DETERIORATING,DETERIORATING
STU1576,Student 1576,Engineering College A,Mechanical,B.Tech,4,1,2023,0,Fall 2025,3.06,3.02,0,0,84.9,88.4,40.3,44.3,62,53,0.040000000000000036,-3.5,-4.0,9,STABLE,DETERIORATING,STABLE
STU1577,Student 1577,Engineering College A,Mechanical,B.Tech,1,1,2023,0,Fall 2025,2.67,2.71,0,0,85.7,84.0,82.8,77.8,53,44,-0.040000000000000036,1.7000000000000028,5.0,9,STABLE,STABLE,STABLE
STU1578,Student 1578,Engineering College A,Electrical,B.Tech,1,1,2023,0,Fall 2025,3.65,3.72,0,0,71.7,69.9,73.7,77.7,45,46,-0.07000000000000028,1.7999999999999972,-4.0,-1,STABLE,STABLE,STABLE
STU1579,Student 1579,Engineering College A,Civil,B.Tech,3,2,2023,0,Fall 2025,3.29,3.05,0,1,77.5,73.7,48.0,62.0,45,40,0.2400000000000002,3.799999999999997,-14.0,5,IMPROVING,IMPROVING,DETERIORATING
STU1580,Student 1580,Engineering College A,Electrical,B.Tech,1,1,2023,0,Fall 2025,2.76,1.93,0,0,100.0,92.1,63.5,76.1,23,22,0.8299999999999998,7.900000000000006,-12.599999999999994,1,IMPROVING,IMPROVING,DETERIORATING
STU1581,Student 1581,Engineering College A,Civil,B.Tech,2,2,2023,0,Fall 2025,3.48,3.28,0,0,83.7,86.0,89.6,79.2,44,46,0.20000000000000018,-2.299999999999997,10.399999999999991,-2,IMPROVING,DETERIORATING,IMPROVING
STU1582,Student 1582,Engineering College A,Civil,B.Tech,4,1,2023,0,Fall 2025,3.03,2.95,0,0,81.7,83.2,98.5,94.2,49,48,0.07999999999999963,-1.5,4.299999999999997,1,STABLE,STABLE,STABLE
STU1583,Student 1583,Engineering College A,Business,B.Tech,2,2,2023,0,Fall 2025,2.53,2.91,0,0,84.9,84.1,85.0,77.5,76,76,0.0,0.8000000000000114,7.5,0,UNKNOWN,STABLE,IMPROVING
STU1584,Student 1584,Engineering College A,Mechanical,B.Tech,3,1,2023,0,Fall 2025,2.42,2.76,0,0,65.4,74.9,86.3,74.0,37,25,-0.33999999999999986,-9.5,12.299999999999997,12,DETERIORATING,DETERIORATING,IMPROVING
STU1585,Student 1585,Engineering College A,Mechanical,B.Tech,3,2,2023,1,Fall 2025,2.2,2.74,0,1,69.7,89.5,27.8,50.9,22,43,-0.54,-19.799999999999997,-23.099999999999998,-21,DETERIORATING,DETERIORATING,DETERIORATING
STU1586,Student 1586,Engineering College A,Civil,B.Tech,1,2,2023,1,Fall 2025,2.45,2.54,1,0,90.1,89.5,96.5,84.8,47,45,-0.08999999999999986,0.5999999999999943,11.700000000000003,2,STABLE,STABLE,IMPROVING
STU1587,Student 1587,Engineering College A,Mechanical,B.Tech,1,1,2023,1,Fall 2025,3.87,4.0,0,0,99.1,94.3,84.5,98.1,67,68,-0.1299999999999999,4.799999999999997,-13.599999999999994,-1,DETERIORATING,IMPROVING,DETERIORATING
STU1588,Student 1588,Engineering College A,Computer Science,B.Tech,3,1,2023,0,Fall 2025,4.0,3.82,0,0,95.4,90.5,100.0,90.2,46,40,0.18000000000000016,4.900000000000006,9.799999999999997,6,IMPROVING,IMPROVING,IMPROVING
STU1589,Student 1589,Engineering College A,Civil,B.Tech,3,2,2023,0,Fall 2025,3.45,3.49,0,0,85.7,86.2,79.5,83.0,39,27,-0.040000000000000036,-0.5,-3.5,12,STABLE,STABLE,STABLE
STU1590,Student 1590,Engineering College A,Mechanical,B.Tech,2,1,2023,1,Fall 2025,3.49,3.58,0,0,100.0,98.8,56.1,60.1,49,60,-0.08999999999999986,1.2000000000000028,-4.0,-11,STABLE,STABLE,STABLE
STU1591,Student 1591,Engineering College A,Computer Science,B.Tech,2,1,2023,0,Fall 2025,3.01,2.27,0,0,95.2,83.1,100.0,98.7,17,21,0.7399999999999998,12.100000000000009,1.2999999999999972,-4,IMPROVING,IMPROVING,STABLE
STU1592,Student 1592,Engineering College A,Business,B.Tech,1,1,2023,1,Fall 2025,1.3,1.89,2,0,73.8,91.9,45.7,61.7,0,11,-0.5899999999999999,-18.10000000000001,-16.0,-11,DETERIORATING,DETERIORATING,DETERIORATING
STU1593,Student 1593,Engineering College A,Mechanical,B.Tech,2,2,2023,0,Fall 2025,2.91,2.72,2,0,78.1,79.1,77.9,64.6,30,21,0.18999999999999995,-1.0,13.300000000000011,9,IMPROVING,STABLE,IMPROVING
STU1594,Student 1594,Engineering College A,Computer Science,B.Tech,1,1,2023,0,Fall 2025,3.9,3.84,0,0,100.0,100.0,82.2,83.9,31,31,0.06000000000000005,0.0,-1.7000000000000028,0,STABLE,STABLE,STABLE
STU1595,Student 1595,Engineering College A,Electrical,B.Tech,1,2,2023,0,Fall 2025,3.03,2.91,0,0,88.7,87.3,73.2,75.7,53,48,0.0,1.4000000000000057,-2.5,5,UNKNOWN,STABLE,STABLE
STU1596,Student 1596,Engineering College A,Electrical,B.Tech,4,2,2023,0,Fall 2025,2.36,2.31,0,0,90.3,88.9,58.9,44.9,75,66,0.04999999999999982,1.3999999999999915,14.0,9,STABLE,STABLE,IMPROVING
STU1597,Student 1597,Engineering College A,Computer Science,B.Tech,1,1,2023,1,Fall 2025,2.79,2.76,0,0,78.6,80.9,86.1,92.9,22,36,0.03000000000000025,-2.3000000000000114,-6.800000000000011,-14,STABLE,DETERIORATING,DETERIORATING
STU1598,Student 1598,Engineering College A,Civil,B.Tech,2,2,2023,1,Fall 2025,1.95,1.0,0,0,100.0,100.0,77.2,87.6,57,60,0.95,0.0,-10.399999999999991,-3,IMPROVING,STABLE,DETERIORATING
STU1599,Student 1599,Engineering College A,Civil,B.Tech,3,1,2023,0,Fall 2025,2.87,2.99,0,0,83.6,87.5,93.7,100.0,10,0,-0.1200000000000001,-3.9000000000000057,-6.299999999999997,10,DETERIORATING,DETERIORATING,DETERIORATING
STU1600,Student 1600,Engineering College A,Mechanical,B.Tech,3,1,2023,0,Fall 2025,1.81,3.41,1,0,69.1,100.0,83.4,100.0,11,32,-1.6,-30.900000000000006,-16.599999999999994,-21,DETERIORATING,DETERIORATING,DETERIORATING
STU1601,Student 1601,Engineering College A,Electrical,B.Tech,2,2,2023,0,Fall 2025,3.58,3.74,0,1,78.2,75.5,98.6,94.8,42,41,-0.16000000000000014,2.700000000000003,3.799999999999997,1,DETERIORATING,IMPROVING,STABLE
STU1602,Student 1602,Engineering College A,Civil,B.Tech,3,2,2023,0,Fall 2025,3.87,3.76,0,0,98.9,81.6,75.1,86.0,52,52,0.11000000000000032,-0.9000000000000057,-10.900000000000006,0,IMPROVING,UNKNOWN,DETERIORATING
STU1603,Student 1603,Engineering College A,Civil,B.Tech,1,2,2023,0,Fall 2025,2.17,1.93,0,0,90.3,91.5,50.6,55.0,49,51,0.24,-1.2000000000000028,-4.399999999999999,-2,IMPROVING,STABLE,STABLE
STU1604,Student 1604,Engineering College A,Electrical,B.Tech,3,2,2023,0,Fall 2025,2.82,3.0,0,1,82.8,79.2,77.2,80.6,82,68,-0.18000000000000016,3.5999999999999943,-3.3999999999999915,14,DETERIORATING,IMPROVING,STABLE
STU1605,Student 1605,Engineering College A,Business,B.Tech,2,2,2023,0,Fall 2025,2.67,2.7,0,0,84.4,83.8,91.5,86.1,62,51,-0.03000000000000025,0.6000000000000085,5.400000000000006,11,STABLE,STABLE,IMPROVING
STU1606,Student 1606,Engineering College A,Civil,B.Tech,3,1,2023,0,Fall 2025,3.62,3.59,0,0,82.1,79.7,49.7,47.0,56,43,0.03000000000000025,2.3999999999999915,2.700000000000003,13,STABLE,IMPROVING,STABLE
STU1607,Student 1607,Engineering College A,Computer Science,B.Tech,1,2,2023,0,Fall 2025,2.45,2.72,0,0,85.6,95.9,100.0,100.0,23,37,-0.27,-10.300000000000011,0.0,-14,DETERIORATING,DETERIORATING,STABLE
STU1608,Student 1608,Engineering College A,Mechanical,B.Tech,1,1,2023,1,Fall 2025,3.58,3.66,0,0,60.0,59.2,73.8,66.4,35,34,-0.08000000000000007,0.7999999999999972,7.3999999999999915,1,STABLE,STABLE,IMPROVING
STU1609,Student 1609,Engineering College A,Civil,B.Tech,2,1,2023,0,Fall 2025,2.87,2.5,0,0,94.8,76.9,100.0,98.4,15,21,0.3700000000000001,17.89999999999999,1.5999999999999943,-6,IMPROVING,IMPROVING,STABLE
STU1610,Student 1610,Engineering College A,Civil,B.Tech,2,2,2023,0,Fall 2025,2.57,2.72,2,0,88.6,92.5,71.1,77.1,52,61,-0.15000000000000036,-3.9000000000000057,-6.0,-9,DETERIORATING,DETERIORATING,DETERIORATING
STU1611,Student 1611,Engineering College A,Business,B.Tech,2,2,2023,1,Fall 2025,3.38,3.71,1,2,59.4,83.8,53.8,80.7,23,33,-0.33000000000000007,-24.4,-26.900000000000006,-10,DETERIORATING,DETERIORATING,DETERIORATING
STU1612,Student 1612,Engineering College A,Computer Science,B.Tech,4,2,2023,0,Fall 2025,3.6,3.36,0,0,100.0,100.0,80.3,77.0,56,49,0.2400000000000002,0.0,3.299999999999997,7,IMPROVING,STABLE,STABLE
STU1613,Student 1613,Engineering College A,Mechanical,B.Tech,4,2,2023,1,Fall 2025,2.93,3.12,0,0,99.3,96.9,48.3,55.5,25,37,-0.18999999999999995,2.3999999999999915,-7.200000000000003,-12,DETERIORATING,IMPROVING,DETERIORATING
STU1614,Student 1614,Engineering College A,Civil,B.Tech,1,2,2023,1,Fall 2025,2.7,2.79,2,0,76.1,80.3,98.3,86.4,56,42,-0.08999999999999986,-4.200000000000003,11.899999999999991,14,STABLE,DETERIORATING,IMPROVING
STU1615,Student 1615,Engineering College A,Mechanical,B.Tech,4,1,2023,0,Fall 2025,3.24,3.12,0,0,91.0,87.2,96.9,92.1,45,35,0.1200000000000001,3.799999999999997,4.800000000000011,10,IMPROVING,IMPROVING,STABLE
STU1616,Student 1616,Engineering College A,Electrical,B.Tech,4,1,2023,0,Fall 2025,3.34,3.33,0,1,82.8,82.5,75.4,89.9,61,62,0.009999999999999787,0.29999999999999716,-14.5,-1,STABLE,STABLE,DETERIORATING
STU1617,Student 1617,Engineering College A,Civil,B.Tech,3,1,2023,1,Fall 2025,2.84,3.2,1,2,74.2,81.0,40.4,65.1,47,59,-0.3600000000000003,-6.799999999999997,-24.699999999999996,-12,DETERIORATING,DETERIORATING,DETERIORATING
STU1618,Student 1618,Engineering College A,Civil,B.Tech,4,2,2023,0,Fall 2025,3.91,3.99,0,0,89.4,94.0,89.9,79.6,34,42,-0.08000000000000007,-4.599999999999994,10.300000000000011,-8,STABLE,DETERIORATING,IMPROVING
STU1619,Student 1619,Engineering College A,Electrical,B.Tech,3,2,2023,1,Fall 2025,3.68,3.62,1,0,83.7,80.7,67.8,62.5,41,41,0.06000000000000005,3.0,5.299999999999997,0,STABLE,IMPROVING,IMPROVING
STU1620,Student 1620,Engineering College A,Business,B.Tech,2,1,2023,0,Fall 2025,2.65,2.38,0,0,72.5,75.6,84.8,89.8,26,26,0.27,-3.0999999999999943,-5.0,0,IMPROVING,DETERIORATING,STABLE
STU1621,Student 1621,Engineering College A,Civil,B.Tech,3,2,2023,0,Fall 2025,2.98,2.8,0,0,77.7,78.5,79.0,88.1,10,8,0.18000000000000016,-0.7999999999999972,-9.099999999999994,2,IMPROVING,STABLE,DETERIORATING
STU1622,Student 1622,Engineering College A,Mechanical,B.Tech,3,2,2023,0,Fall 2025,2.46,2.87,0,0,64.7,76.6,65.4,54.8,12,8,-0.41000000000000014,-11.899999999999991,10.600000000000009,4,DETERIORATING,DETERIORATING,IMPROVING
STU1623,Student 1623,Engineering College A,Computer Science,B.Tech,2,2,2023,0,Fall 2025,2.79,2.76,0,0,75.5,74.5,84.4,78.0,14,28,0.03000000000000025,1.0,6.400000000000006,-14,STABLE,STABLE,IMPROVING
STU1624,Student 1624,Engineering College A,Mechanical,B.Tech,2,1,2023,1,Fall 2025,2.5,2.16,3,0,55.2,82.2,35.4,57.4,19,27,0.33999999999999986,-27.0,-22.0,-8,IMPROVING,DETERIORATING,DETERIORATING
STU1625,Student 1625,Engineering College A,Business,B.Tech,1,2,2023,0,Fall 2025,3.38,3.56,2,0,87.8,88.0,73.4,64.5,63,59,-0.18000000000000016,-0.20000000000000284,8.900000000000006,4,DETERIORATING,STABLE,IMPROVING
STU1626,Student 1626,Engineering College A,Computer Science,B.Tech,1,1,2023,0,Fall 2025,3.08,2.92,1,0,65.4,64.6,90.3,80.0,29,42,0.16000000000000014,0.8000000000000114,10.299999999999997,-13,IMPROVING,STABLE,IMPROVING
STU1627,Student 1627,Engineering College A,Mechanical,B.Tech,1,2,2023,0,Fall 2025,3.0,2.38,0,0,64.1,48.8,58.7,63.5,100,92,0.6200000000000001,15.299999999999997,-4.799999999999997,8,IMPROVING,IMPROVING,STABLE
STU1628,Student 1628,Engineering College A,Mechanical,B.Tech,1,2,2023,0,Fall 2025,2.93,2.93,1,0,74.7,71.8,69.3,78.7,53,44,0.0,2.9000000000000057,-9.400000000000006,9,STABLE,IMPROVING,DETERIORATING
STU1629,Student 1629,Engineering College A,Electrical,B.Tech,3,1,2023,0,Fall 2025,2.82,2.59,0,0,71.9,71.6,66.8,72.0,29,36,0.22999999999999998,0.30000000000001137,-5.200000000000003,-7,IMPROVING,STABLE,DETERIORATING
STU1630,Student 1630,Engineering College A,Business,B.Tech,3,2,2023,1,Fall 2025,2.69,2.8,0,0,81.5,87.1,83.1,83.1,72,60,-0.10999999999999988,-5.599999999999994,0.0,12,DETERIORATING,DETERIORATING,STABLE
STU1631,Student 1631,Engineering College A,Electrical,B.Tech,1,2,2023,0,Fall 2025,2.88,2.95,0,2,80.0,78.8,99.8,86.4,10,3,-0.07000000000000028,1.2000000000000028,13.399999999999991,7,STABLE,STABLE,IMPROVING
STU1632,Student 1632,Engineering College A,Computer Science,B.Tech,4,2,2023,0,Fall 2025,2.78,2.76,1,2,98.5,100.0,54.4,56.1,33,37,0.020000000000000018,-1.5,-1.7000000000000028,-4,STABLE,STABLE,STABLE
STU1633,Student 1633,Engineering College A,Electrical,B.Tech,1,1,2023,0,Fall 2025,3.63,3.43,0,0,72.0,76.2,93.1,100.0,42,33,0.19999999999999973,-4.200000000000003,-6.900000000000006,9,IMPROVING,DETERIORATING,DETERIORATING
STU1634,Student 1634,Engineering College A,Business,B.Tech,4,2,2023,0,Fall 2025,2.1,2.39,0,0,79.3,88.7,77.4,78.9,65,70,-0.29000000000000004,-9.400000000000006,-1.5,-5,DETERIORATING,DETERIORATING,STABLE
STU1635,Student 1635,Engineering College A,Civil,B.Tech,2,2,2023,1,Fall 2025,3.15,3.37,1,2,46.5,53.8,64.9,92.4,29,49,-0.2200000000000002,-7.299999999999997,-27.5,-20,DETERIORATING,DETERIORATING,DETERIORATING
STU1636,Student 1636,Engineering College A,Civil,B.Tech,3,2,2023,1,Fall 2025,3.62,4.0,0,0,87.8,99.6,100.0,100.0,45,40,-0.3799999999999999,-11.799999999999997,0.0,5,DETERIORATING,DETERIORATING,STABLE
STU1637,Student 1637,Engineering College A,Computer Science,B.Tech,3,2,2023,0,Fall 2025,3.31,3.42,0,0,87.5,88.9,100.0,91.3,59,45,-0.10999999999999988,-1.4000000000000057,8.700000000000003,14,DETERIORATING,STABLE,IMPROVING
STU1638,Student 1638,Engineering College A,Civil,B.Tech,4,2,2023,0,Fall 2025,2.01,1.5,0,0,78.5,60.9,100.0,100.0,55,66,0.5099999999999998,17.6,0.0,-11,IMPROVING,IMPROVING,STABLE
STU1639,Student 1639,Engineering College A,Electrical,B.Tech,1,1,2023,1,Fall 2025,3.33,3.53,0,2,75.4,88.3,51.7,64.4,3,22,-0.19999999999999973,-12.899999999999991,-12.700000000000003,-19,DETERIORATING,DETERIORATING,DETERIORATING
STU1640,Student 1640,Engineering College A,Computer Science,B.Tech,3,1,2023,1,Fall 2025,2.71,3.12,2,2,59.0,72.5,61.2,82.8,0,10,-0.41000000000000014,-13.5,-21.599999999999994,-10,DETERIORATING,DETERIORATING,DETERIORATING
STU1641,Student 1641,Engineering College A,Business,B.Tech,4,2,2023,0,Fall 2025,3.57,3.47,0,0,96.7,100.0,66.5,55.0,30,25,0.09999999999999964,-3.299999999999997,11.5,5,STABLE,DETERIORATING,IMPROVING
STU1642,Student 1642,Engineering College A,Computer Science,B.Tech,2,2,2023,1,Fall 2025,2.61,2.47,0,0,77.5,81.0,48.7,63.0,34,26,0.13999999999999968,-3.5,-14.299999999999997,8,IMPROVING,DETERIORATING,DETERIORATING
STU1643,Student 1643,Engineering College A,Computer Science,B.Tech,2,1,2023,1,Fall 2025,2.9,2.74,0,0,95.6,98.1,69.1,77.7,56,55,0.1599999999999997,-2.5,-8.600000000000009,1,IMPROVING,DETERIORATING,DETERIORATING
STU1644,Student 1644,Engineering College A,Mechanical,B.Tech,3,2,2023,0,Fall 2025,2.54,1.88,0,0,95.4,85.6,84.4,93.5,65,68,0.6600000000000001,9.800000000000011,-9.099999999999994,-3,IMPROVING,IMPROVING,DETERIORATING
STU1645,Student 1645,Engineering College A,Mechanical,B.Tech,1,2,2023,0,Fall 2025,2.4,2.23,1,2,82.6,82.7,68.0,72.2,50,51,0.16999999999999993,-0.10000000000000853,-4.200000000000003,-1,IMPROVING,STABLE,STABLE
STU1646,Student 1646,Engineering College A,Computer Science,B.Tech,4,2,2023,0,Fall 2025,1.96,1.08,1,0,100.0,88.5,81.8,79.4,60,56,0.8799999999999999,11.5,2.3999999999999915,4,IMPROVING,IMPROVING,STABLE
STU1647,Student 1647,Engineering College A,Civil,B.Tech,3,2,2023,1,Fall 2025,2.64,3.07,0,0,68.3,80.0,51.5,56.1,39,45,-0.4299999999999997,-11.700000000000003,-4.600000000000001,-6,DETERIORATING,DETERIORATING,STABLE
STU1648,Student 1648,Engineering College A,Mechanical,B.Tech,2,2,2023,0,Fall 2025,3.18,3.22,0,0,88.7,89.6,100.0,88.9,62,67,-0.040000000000000036,-0.8999999999999915,11.099999999999994,-5,STABLE,STABLE,IMPROVING
STU1649,Student 1649,Engineering College A,Business,B.Tech,1,2,2023,0,Fall 2025,2.47,2.37,1,0,81.0,84.7,70.4,56.0,49,51,0.10000000000000009,-3.700000000000003,14.400000000000006,-2,IMPROVING,DETERIORATING,IMPROVING
STU1650,Student 1650,Engineering College A,Electrical,B.Tech,4,2,2023,0,Fall 2025,2.99,2.8,0,0,96.5,92.0,98.2,86.1,38,50,0.1900000000000004,4.5,12.100000000000009,-12,IMPROVING,IMPROVING,IMPROVING
STU1651,Student 1651,Engineering College A,Mechanical,B.Tech,3,2,2023,1,Fall 2025,2.26,2.6,0,0,94.3,100.0,94.5,94.7,100,86,-0.3400000000000003,-5.700000000000003,-0.20000000000000284,14,DETERIORATING,DETERIORATING,STABLE
STU1652,Student 1652,Engineering College A,Computer Science,B.Tech,4,1,2023,1,Fall 2025,2.64,2.78,2,0,64.2,77.4,84.0,88.7,37,27,-0.13999999999999968,-13.200000000000003,-4.700000000000003,10,DETERIORATING,DETERIORATING,STABLE
STU1653,Student 1653,Engineering College A,Civil,B.Tech,1,1,2023,0,Fall 2025,1.91,2.07,0,0,78.6,75.0,95.2,84.4,25,28,-0.15999999999999992,3.5999999999999943,10.799999999999997,-3,DETERIORATING,IMPROVING,IMPROVING
STU1654,Student 1654,Engineering College A,Electrical,B.Tech,1,2,2023,0,Fall 2025,2.57,2.09,0,0,93.6,83.7,93.1,100.0,92,91,0.48,9.899999999999991,-6.900000000000006,1,IMPROVING,IMPROVING,DETERIORATING
STU1655,Student 1655,Engineering College A,Mechanical,B.Tech,2,2,2023,0,Fall 2025,3.68,3.69,1,0,77.3,78.1,88.9,79.9,23,30,-0.009999999999999787,-0.7999999999999972,9.0,-7,STABLE,STABLE,IMPROVING
STU1656,Student 1656,Engineering College A,Civil,B.Tech,1,2,2023,0,Fall 2025,1.98,3.27,3,1,61.5,90.0,76.3,85.9,68,92,-1.29,-28.5,-9.600000000000009,-24,DETERIORATING,DETERIORATING,DETERIORATING
STU1657,Student 1657,Engineering College A,Civil,B.Tech,3,2,2023,0,Fall 2025,2.76,2.71,0,0,81.1,76.6,84.1,87.4,41,37,0.04999999999999982,4.5,-3.3000000000000114,4,STABLE,IMPROVING,STABLE
STU1658,Student 1658,Engineering College A,Civil,B.Tech,4,1,2023,0,Fall 2025,3.02,2.9,1,0,69.1,73.0,84.2,78.1,60,51,0.1200000000000001,-3.9000000000000057,6.1000000000000085,9,IMPROVING,DETERIORATING,IMPROVING
STU1659,Student 1659,Engineering College A,Computer Science,B.Tech,1,1,2023,0,Fall 2025,3.09,3.29,0,0,70.6,83.9,45.2,52.2,64,69,-0.20000000000000018,-13.300000000000011,-7.0,-5,DETERIORATING,DETERIORATING,DETERIORATING
STU1660,Student 1660,Engineering College A,Business,B.Tech,1,1,2023,0,Fall 2025,2.72,2.63,1,0,84.0,83.2,83.6,96.3,44,37,0.0900000000000003,0.7999999999999972,-12.700000000000003,7,STABLE,STABLE,DETERIORATING
STU1661,Student 1661,Engineering College A,Civil,B.Tech,3,1,2023,0,Fall 2025,2.91,2.91,1,0,100.0,87.4,91.9,81.6,65,72,0.0,12.599999999999994,10.300000000000011,-7,UNKNOWN,IMPROVING,IMPROVING
STU1662,Student 1662,Engineering College A,Electrical,B.Tech,4,2,2023,1,Fall 2025,4.0,4.0,0,0,68.0,67.9,99.9,95.1,52,38,0.0,0.09999999999999432,4.800000000000011,14,STABLE,STABLE,STABLE
STU1663,Student 1663,Engineering College A,Mechanical,B.Tech,4,2,2023,1,Fall 2025,2.47,3.63,1,0,66.4,80.3,68.5,87.6,41,47,-1.1599999999999997,-13.899999999999991,-19.099999999999994,-6,DETERIORATING,DETERIORATING,DETERIORATING
STU1664,Student 1664,Engineering College A,Electrical,B.Tech,2,2,2023,0,Fall 2025,3.97,4.0,0,0,85.2,88.9,92.5,87.2,52,48,-0.029999999999999805,-3.700000000000003,5.299999999999997,4,STABLE,DETERIORATING,IMPROVING
STU1665,Student 1665,Engineering College A,Computer Science,B.Tech,2,1,2023,1,Fall 2025,2.48,3.01,2,1,59.0,81.0,72.5,100.0,51,64,-0.5299999999999998,-22.0,-27.5,-13,DETERIORATING,DETERIORATING,DETERIORATING
STU1666,Student 1666,Engineering College A,Computer Science,B.Tech,4,2,2023,1,Fall 2025,3.35,3.33,0,2,35.8,75.7,76.1,86.8,37,48,0.020000000000000018,-39.900000000000006,-10.700000000000003,-11,STABLE,DETERIORATING,DETERIORATING
STU1667,Student 1667,Engineering College A,Electrical,B.Tech,3,2,2023,0,Fall 2025,3.09,3.45,0,0,70.5,81.2,94.7,88.4,75,68,-0.3600000000000003,-10.700000000000003,6.299999999999997,7,DETERIORATING,DETERIORATING,IMPROVING
STU1668,Student 1668,Engineering College A,Business,B.Tech,3,1,2023,0,Fall 2025,2.16,3.49,0,0,46.8,79.6,49.7,68.0,83,93,-1.33,-32.8,-18.299999999999997,-10,DETERIORATING,DETERIORATING,DETERIORATING
STU1669,Student 1669,Engineering College A,Computer Science,B.Tech,2,1,2023,0,Fall 2025,2.79,1.86,1,0,91.7,82.1,100.0,93.4,13,14,0.9299999999999999,9.600000000000009,6.599999999999994,-1,IMPROVING,IMPROVING,IMPROVING
STU1670,Student 1670,Engineering College A,Computer Science,B.Tech,1,1,2023,1,Fall 2025,3.03,2.91,1,0,85.5,80.3,73.8,80.9,62,68,0.0,5.200000000000003,-7.1000000000000085,-6,UNKNOWN,IMPROVING,DETERIORATING
STU1671,Student 1671,Engineering College A,Electrical,B.Tech,3,1,2023,0,Fall 2025,2.85,2.5,1,0,77.7,67.0,81.2,84.9,29,37,0.3500000000000001,10.700000000000003,-3.700000000000003,-8,IMPROVING,IMPROVING,STABLE
STU1672,Student 1672,Engineering College A,Computer Science,B.Tech,1,1,2023,1,Fall 2025,2.5,2.34,3,1,44.3,70.6,37.4,65.9,0,9,0.16000000000000014,-26.299999999999997,-28.500000000000007,-9,IMPROVING,DETERIORATING,DETERIORATING
STU1673,Student 1673,Engineering College A,Business,B.Tech,3,2,2023,1,Fall 2025,1.43,3.2,3,0,35.2,65.6,52.2,68.7,15,31,-1.7700000000000002,-30.39999999999999,-16.5,-16,DETERIORATING,DETERIORATING,DETERIORATING
STU1674,Student 1674,Engineering College A,Business,B.Tech,4,2,2023,0,Fall 2025,2.8,2.87,0,0,74.1,75.4,64.3,67.5,32,44,-0.07000000000000028,-1.3000000000000114,-3.200000000000003,-12,STABLE,STABLE,STABLE
STU1675,Student 1675,Engineering College A,Business,B.Tech,2,1,2023,0,Fall 2025,2.84,2.88,2,0,72.4,76.1,72.8,81.0,27,36,-0.040000000000000036,-3.6999999999999886,-8.200000000000003,-9,STABLE,DETERIORATING,DETERIORATING
STU1676,Student 1676,Engineering College A,Mechanical,B.Tech,1,2,2023,0,Fall 2025,2.62,1.92,0,0,94.1,80.8,85.4,71.1,47,39,0.7000000000000002,13.299999999999997,14.300000000000011,8,IMPROVING,IMPROVING,IMPROVING
STU1677,Student 1677,Engineering College A,Business,B.Tech,1,2,2023,0,Fall 2025,2.61,2.36,0,0,72.1,71.7,69.0,70.0,81,73,0.25,0.3999999999999915,-1.0,8,IMPROVING,STABLE,STABLE
STU1678,Student 1678,Engineering College A,Business,B.Tech,4,2,2023,0,Fall 2025,3.05,2.93,0,0,75.0,72.2,56.5,63.7,70,61,0.11999999999999966,2.799999999999997,-7.200000000000003,9,IMPROVING,IMPROVING,DETERIORATING
STU1679,Student 1679,Engineering College A,Mechanical,B.Tech,3,2,2023,0,Fall 2025,3.26,3.13,0,0,67.8,67.0,71.4,66.9,24,29,0.1299999999999999,0.7999999999999972,4.5,-5,IMPROVING,STABLE,STABLE
STU1680,Student 1680,Engineering College A,Civil,B.Tech,1,1,2023,0,Fall 2025,3.07,2.16,1,0,78.3,62.2,76.1,85.9,10,4,0.9099999999999997,16.099999999999994,-9.800000000000011,6,IMPROVING,IMPROVING,DETERIORATING
STU1681,Student 1681,Engineering College A,Computer Science,B.Tech,3,2,2023,0,Fall 2025,2.74,2.91,1,0,80.2,89.2,100.0,89.9,43,41,-0.16999999999999993,-9.0,10.099999999999994,2,DETERIORATING,DETERIORATING,IMPROVING
STU1682,Student 1682,Engineering College A,Business,B.Tech,4,2,2023,1,Fall 2025,2.31,2.97,2,2,71.2,90.9,53.0,75.2,29,35,-0.6600000000000001,-19.700000000000003,-22.200000000000003,-6,DETERIORATING,DETERIORATING,DETERIORATING
STU1683,Student 1683,Engineering College A,Computer Science,B.Tech,2,2,2023,0,Fall 2025,2.66,3.03,2,0,57.7,65.8,100.0,97.8,37,45,-0.36999999999999966,-8.099999999999994,2.200000000000003,-8,DETERIORATING,DETERIORATING,STABLE
STU1684,Student 1684,Engineering College A,Electrical,B.Tech,1,1,2023,0,Fall 2025,2.79,2.35,0,0,95.5,81.6,72.5,67.1,51,41,0.43999999999999995,-0.9000000000000057,5.400000000000006,10,IMPROVING,UNKNOWN,IMPROVING
STU1685,Student 1685,Engineering College A,Computer Science,B.Tech,3,2,2023,1,Fall 2025,2.51,2.91,2,0,76.6,87.7,100.0,94.1,46,48,-0.40000000000000036,-11.100000000000009,5.900000000000006,-2,DETERIORATING,DETERIORATING,IMPROVING
STU1686,Student 1686,Engineering College A,Mechanical,B.Tech,1,1,2023,1,Fall 2025,2.5,1.65,0,0,35.8,74.7,66.6,74.2,48,66,0.8500000000000001,-38.900000000000006,-7.6000000000000085,-18,IMPROVING,DETERIORATING,DETERIORATING
STU1687,Student 1687,Engineering College A,Computer Science,B.Tech,3,1,2023,0,Fall 2025,1.19,1.82,1,1,66.8,84.1,36.0,58.9,14,33,-0.6300000000000001,-17.299999999999997,-22.9,-19,DETERIORATING,DETERIORATING,DETERIORATING
STU1688,Student 1688,Engineering College A,Computer Science,B.Tech,3,1,2023,0,Fall 2025,2.59,2.86,0,0,86.4,95.7,76.6,71.3,27,19,-0.27,-9.299999999999997,5.299999999999997,8,DETERIORATING,DETERIORATING,IMPROVING
STU1689,Student 1689,Engineering College A,Computer Science,B.Tech,3,1,2023,0,Fall 2025,3.87,3.59,2,0,74.7,73.4,100.0,94.3,48,53,0.28000000000000025,1.2999999999999972,5.700000000000003,-5,IMPROVING,STABLE,IMPROVING
STU1690,Student 1690,Engineering College A,Civil,B.Tech,4,2,2023,0,Fall 2025,2.46,2.34,1,0,68.5,71.9,84.9,76.9,10,3,0.1200000000000001,-3.4000000000000057,8.0,7,IMPROVING,DETERIORATING,IMPROVING
STU1691,Student 1691,Engineering College A,Civil,B.Tech,2,1,2023,0,Fall 2025,3.18,3.09,0,0,85.6,82.6,84.3,82.5,47,61,0.0900000000000003,3.0,1.7999999999999972,-14,STABLE,IMPROVING,STABLE
STU1692,Student 1692,Engineering College A,Electrical,B.Tech,1,1,2023,0,Fall 2025,3.22,3.35,0,0,75.7,77.0,77.9,67.8,47,48,-0.1299999999999999,-1.2999999999999972,10.100000000000009,-1,DETERIORATING,STABLE,IMPROVING
STU1693,Student 1693,Engineering College A,Mechanical,B.Tech,2,1,2023,0,Fall 2025,2.63,3.03,0,0,65.2,74.6,55.6,55.5,54,66,-0.3999999999999999,-9.399999999999991,0.10000000000000142,-12,DETERIORATING,DETERIORATING,STABLE
STU1694,Student 1694,Engineering College A,Computer Science,B.Tech,3,1,2023,0,Fall 2025,2.18,2.65,0,0,79.1,91.3,80.9,94.4,73,62,-0.46999999999999975,-12.200000000000003,-13.5,11,DETERIORATING,DETERIORATING,DETERIORATING
STU1695,Student 1695,Engineering College A,Computer Science,B.Tech,3,1,2023,0,Fall 2025,2.1,2.27,0,0,77.0,80.2,81.5,76.1,23,36,-0.16999999999999993,-3.200000000000003,5.400000000000006,-13,DETERIORATING,DETERIORATING,IMPROVING
STU1696,Student 1696,Engineering College A,Computer Science,B.Tech,2,2,2023,0,Fall 2025,1.67,1.41,0,0,94.6,76.7,68.7,59.3,25,18,0.26,17.89999999999999,9.400000000000006,7,IMPROVING,IMPROVING,IMPROVING
STU1697,Student 1697,Engineering College A,Computer Science,B.Tech,2,1,2023,1,Fall 2025,3.13,2.88,1,1,84.0,80.0,98.6,85.9,39,40,0.25,4.0,12.699999999999989,-1,IMPROVING,IMPROVING,IMPROVING
STU1698,Student 1698,Engineering College A,Civil,B.Tech,1,2,2023,0,Fall 2025,2.32,2.02,0,0,70.2,60.8,56.2,63.4,76,66,0.2999999999999998,9.400000000000006,-7.199999999999996,10,IMPROVING,IMPROVING,DETERIORATING
STU1699,Student 1699,Engineering College A,Electrical,B.Tech,3,2,2023,1,Fall 2025,2.42,2.52,3,2,66.3,81.9,71.0,99.9,21,30,-0.10000000000000009,-15.600000000000009,-28.900000000000006,-9,DETERIORATING,DETERIORATING,DETERIORATING
STU1700,Student 1700,Engineering College A,Business,B.Tech,2,1,2023,0,Fall 2025,2.27,2.56,0,0,77.1,85.6,80.4,82.9,53,58,-0.29000000000000004,-8.5,-2.5,-5,DETERIORATING,DETERIORATING,STABLE
STU1701,Student 1701,Engineering College A,Mechanical,B.Tech,4,2,2023,1,Fall 2025,2.45,2.8,3,1,44.5,64.9,79.6,100.0,4,17,-0.34999999999999964,-20.400000000000006,-20.400000000000006,-13,DETERIORATING,DETERIORATING,DETERIORATING
STU1702,Student 1702,Engineering College A,Computer Science,B.Tech,3,2,2023,0,Fall 2025,4.0,3.99,0,1,96.1,92.2,90.5,82.3,79,67,0.009999999999999787,3.8999999999999915,8.200000000000003,12,STABLE,IMPROVING,IMPROVING
STU1703,Student 1703,Engineering College A,Electrical,B.Tech,3,2,2023,1,Fall 2025,2.19,1.85,0,0,100.0,93.4,92.4,82.7,40,47,0.33999999999999986,6.599999999999994,9.700000000000003,-7,IMPROVING,IMPROVING,IMPROVING
STU1704,Student 1704,Engineering College A,Business,B.Tech,1,1,2023,0,Fall 2025,2.76,2.5,0,0,94.6,82.3,59.5,64.8,38,28,0.2599999999999998,12.299999999999997,-5.299999999999997,10,IMPROVING,IMPROVING,DETERIORATING
STU1705,Student 1705,Engineering College A,Electrical,B.Tech,4,1,2023,1,Fall 2025,3.38,3.25,2,0,95.2,97.5,66.0,80.4,86,100,0.1299999999999999,-2.299999999999997,-14.400000000000006,-14,IMPROVING,DETERIORATING,DETERIORATING
STU1706,Student 1706,Engineering College A,Civil,B.Tech,1,1,2023,0,Fall 2025,3.18,3.33,0,0,80.0,78.2,88.7,86.8,62,52,-0.1499999999999999,1.7999999999999972,1.9000000000000057,10,DETERIORATING,STABLE,STABLE
STU1707,Student 1707,Engineering College A,Business,B.Tech,4,1,2023,0,Fall 2025,2.34,2.4,1,0,62.0,64.1,34.4,42.4,79,84,-0.06000000000000005,-2.0999999999999943,-8.0,-5,STABLE,DETERIORATING,DETERIORATING
STU1708,Student 1708,Engineering College A,Electrical,B.Tech,1,1,2023,0,Fall 2025,2.81,2.59,0,0,72.2,74.7,44.7,57.4,35,50,0.2200000000000002,-2.5,-12.699999999999996,-15,IMPROVING,DETERIORATING,DETERIORATING
STU1709,Student 1709,Engineering College A,Civil,B.Tech,4,1,2023,1,Fall 2025,2.06,1.46,0,1,100.0,97.6,70.8,74.5,24,28,0.6000000000000001,2.4000000000000057,-3.700000000000003,-4,IMPROVING,IMPROVING,STABLE
STU1710,Student 1710,Engineering College A,Electrical,B.Tech,4,1,2023,1,Fall 2025,2.19,1.74,2,0,94.3,77.5,56.0,59.8,10,0,0.44999999999999996,16.799999999999997,-3.799999999999997,10,IMPROVING,IMPROVING,STABLE
STU1711,Student 1711,Engineering College A,Electrical,B.Tech,4,2,2023,1,Fall 2025,2.57,2.64,0,1,88.1,90.0,56.5,57.5,49,37,-0.07000000000000028,-1.9000000000000057,-1.0,12,STABLE,STABLE,STABLE
STU1712,Student 1712,Engineering College A,Business,B.Tech,2,2,2023,0,Fall 2025,3.02,3.06,0,0,84.8,87.3,72.5,74.2,39,35,-0.040000000000000036,-2.5,-1.7000000000000028,4,STABLE,DETERIORATING,STABLE
STU1713,Student 1713,Engineering College A,Civil,B.Tech,3,1,2023,0,Fall 2025,2.19,2.51,0,0,63.5,77.7,100.0,100.0,10,10,-0.31999999999999984,-14.200000000000003,0.0,0,DETERIORATING,DETERIORATING,STABLE
STU1714,Student 1714,Engineering College A,Computer Science,B.Tech,4,2,2023,0,Fall 2025,2.16,1.42,0,0,100.0,100.0,97.4,82.7,55,58,0.7400000000000002,0.0,14.700000000000003,-3,IMPROVING,STABLE,IMPROVING
STU1715,Student 1715,Engineering College A,Mechanical,B.Tech,2,1,2023,0,Fall 2025,3.31,3.41,1,0,73.5,70.9,80.3,72.2,32,23,-0.10000000000000009,2.5999999999999943,8.099999999999994,9,DETERIORATING,IMPROVING,IMPROVING
STU1716,Student 1716,Engineering College A,Business,B.Tech,2,1,2023,1,Fall 2025,2.39,3.05,3,1,81.6,95.2,91.8,100.0,32,40,-0.6599999999999997,-13.600000000000009,-8.200000000000003,-8,DETERIORATING,DETERIORATING,DETERIORATING
STU1717,Student 1717,Engineering College A,Civil,B.Tech,1,1,2023,1,Fall 2025,2.44,2.18,0,0,72.4,70.7,98.8,86.9,35,34,0.2599999999999998,1.7000000000000028,11.899999999999991,1,IMPROVING,STABLE,IMPROVING
STU1718,Student 1718,Engineering College A,Electrical,B.Tech,3,2,2023,0,Fall 2025,2.73,3.21,1,0,74.4,86.1,85.2,100.0,56,68,-0.48,-11.699999999999989,-14.799999999999997,-12,DETERIORATING,DETERIORATING,DETERIORATING
STU1719,Student 1719,Engineering College A,Civil,B.Tech,3,1,2023,1,Fall 2025,2.35,2.6,3,0,53.1,73.4,71.0,99.4,75,82,-0.25,-20.300000000000004,-28.400000000000006,-7,DETERIORATING,DETERIORATING,DETERIORATING
STU1720,Student 1720,Engineering College A,Mechanical,B.Tech,1,1,2023,0,Fall 2025,3.01,2.42,1,1,92.8,83.1,100.0,100.0,52,53,0.5899999999999999,9.700000000000003,0.0,-1,IMPROVING,IMPROVING,STABLE
STU1721,Student 1721,Engineering College A,Mechanical,B.Tech,3,1,2023,0,Fall 2025,3.33,3.3,0,0,95.3,91.1,73.4,73.6,41,29,0.03000000000000025,4.200000000000003,-0.19999999999998863,12,STABLE,IMPROVING,STABLE
STU1722,Student 1722,Engineering College A,Computer Science,B.Tech,1,1,2023,0,Fall 2025,2.95,2.79,0,1,92.2,91.6,81.9,92.2,54,68,0.16000000000000014,0.6000000000000085,-10.299999999999997,-14,IMPROVING,STABLE,DETERIORATING
STU1723,Student 1723,Engineering College A,Computer Science,B.Tech,2,2,2023,0,Fall 2025,2.46,2.63,0,0,100.0,98.9,86.2,80.1,55,55,-0.16999999999999993,1.0999999999999943,6.1000000000000085,0,DETERIORATING,STABLE,IMPROVING
STU1724,Student 1724,Engineering College A,Mechanical,B.Tech,2,1,2023,0,Fall 2025,2.91,3.05,0,0,100.0,100.0,81.7,74.7,10,13,-0.13999999999999968,0.0,7.0,-3,DETERIORATING,STABLE,IMPROVING
STU1725,Student 1725,Engineering College A,Business,B.Tech,4,2,2023,0,Fall 2025,4.0,4.0,2,1,60.0,55.3,44.8,47.1,40,46,0.0,4.700000000000003,-2.3000000000000043,-6,STABLE,IMPROVING,STABLE
STU1726,Student 1726,Engineering College A,Business,B.Tech,1,2,2023,0,Fall 2025,3.3,2.37,0,0,94.7,78.0,48.0,55.1,48,55,0.9299999999999997,16.700000000000003,-7.100000000000001,-7,IMPROVING,IMPROVING,DETERIORATING
STU1727,Student 1727,Engineering College A,Electrical,B.Tech,2,1,2023,0,Fall 2025,3.59,3.5,0,0,73.9,72.1,80.0,75.9,34,39,0.08999999999999986,1.8000000000000114,4.099999999999994,-5,STABLE,STABLE,STABLE
STU1728,Student 1728,Engineering College A,Computer Science,B.Tech,2,1,2023,1,Fall 2025,2.79,2.82,2,0,56.0,76.9,55.8,73.3,37,60,-0.029999999999999805,-20.900000000000006,-17.5,-23,STABLE,DETERIORATING,DETERIORATING
STU1729,Student 1729,Engineering College A,Electrical,B.Tech,1,2,2023,0,Fall 2025,3.26,3.21,0,0,79.9,79.4,55.8,68.4,56,44,0.04999999999999982,0.5,-12.600000000000009,12,STABLE,STABLE,DETERIORATING
STU1730,Student 1730,Engineering College A,Computer Science,B.Tech,2,2,2023,0,Fall 2025,3.64,4.0,0,0,84.6,93.0,93.6,100.0,38,25,-0.3599999999999999,-8.400000000000006,-6.400000000000006,13,DETERIORATING,DETERIORATING,DETERIORATING
STU1731,Student 1731,Engineering College A,Mechanical,B.Tech,3,2,2023,0,Fall 2025,1.37,1.55,1,0,65.8,64.1,55.2,68.5,40,53,-0.17999999999999994,1.7000000000000028,-13.299999999999997,-13,DETERIORATING,STABLE,DETERIORATING
STU1732,Student 1732,Engineering College A,Business,B.Tech,2,2,2023,0,Fall 2025,2.84,3.24,0,1,59.8,66.3,41.9,39.7,43,56,-0.40000000000000036,-6.5,2.1999999999999957,-13,DETERIORATING,DETERIORATING,STABLE
STU1733,Student 1733,Engineering College A,Business,B.Tech,1,1,2023,0,Fall 2025,3.57,3.58,0,0,83.3,80.9,74.2,71.3,35,34,-0.010000000000000231,2.3999999999999915,2.9000000000000057,1,STABLE,IMPROVING,STABLE
STU1734,Student 1734,Engineering College A,Mechanical,B.Tech,3,2,2023,0,Fall 2025,2.73,2.13,1,0,100.0,93.0,68.2,77.7,76,73,0.6000000000000001,7.0,-9.5,3,IMPROVING,IMPROVING,DETERIORATING
STU1735,Student 1735,Engineering College A,Electrical,B.Tech,3,2,2023,1,Fall 2025,2.65,1.71,0,0,86.7,71.9,87.4,77.6,51,44,0.94,14.799999999999997,9.800000000000011,7,IMPROVING,IMPROVING,IMPROVING
STU1736,Student 1736,Engineering College A,Electrical,B.Tech,2,2,2023,1,Fall 2025,0.84,1.13,1,1,71.3,86.7,52.5,81.8,18,39,-0.2899999999999999,-15.400000000000006,-29.299999999999997,-21,DETERIORATING,DETERIORATING,DETERIORATING
STU1737,Student 1737,Engineering College A,Civil,B.Tech,4,2,2023,1,Fall 2025,3.16,3.21,0,1,88.1,84.1,55.7,46.7,93,87,-0.04999999999999982,4.0,9.0,6,STABLE,IMPROVING,IMPROVING
STU1738,Student 1738,Engineering College A,Computer Science,B.Tech,3,1,2023,0,Fall 2025,2.98,2.5,1,0,75.8,70.2,82.7,90.1,29,27,0.48,5.599999999999994,-7.3999999999999915,2,IMPROVING,IMPROVING,DETERIORATING
STU1739,Student 1739,Engineering College A,Electrical,B.Tech,1,1,2023,0,Fall 2025,3.75,3.65,1,0,70.9,72.3,64.8,74.8,11,5,0.10000000000000009,-1.3999999999999915,-10.0,6,IMPROVING,STABLE,DETERIORATING
STU1740,Student 1740,Engineering College A,Mechanical,B.Tech,4,1,2023,0,Fall 2025,3.56,3.56,0,0,92.4,97.3,91.9,79.6,44,39,0.0,-4.8999999999999915,12.300000000000011,5,STABLE,DETERIORATING,IMPROVING
STU1741,Student 1741,Engineering College A,Electrical,B.Tech,4,2,2023,0,Fall 2025,1.62,2.02,0,0,74.1,80.2,93.8,83.3,37,48,-0.3999999999999999,-6.1000000000000085,10.5,-11,DETERIORATING,DETERIORATING,IMPROVING
STU1742,Student 1742,Engineering College A,Business,B.Tech,3,2,2023,0,Fall 2025,2.74,2.21,2,0,100.0,93.9,96.2,89.6,64,54,0.5300000000000002,6.099999999999994,6.6000000000000085,10,IMPROVING,IMPROVING,IMPROVING
STU1743,Student 1743,Engineering College A,Computer Science,B.Tech,2,1,2023,0,Fall 2025,3.6,3.71,0,0,61.6,76.0,93.6,79.3,21,27,-0.10999999999999988,-14.399999999999999,14.299999999999997,-6,DETERIORATING,DETERIORATING,IMPROVING
STU1744,Student 1744,Engineering College A,Civil,B.Tech,4,1,2023,0,Fall 2025,3.13,2.94,0,0,97.0,100.0,82.2,72.7,66,53,0.18999999999999995,-3.0,9.5,13,IMPROVING,DETERIORATING,IMPROVING
STU1745,Student 1745,Engineering College A,Computer Science,B.Tech,2,2,2023,0,Fall 2025,4.0,4.0,0,0,88.2,91.5,70.5,78.2,45,38,0.0,-3.299999999999997,-7.700000000000003,7,STABLE,DETERIORATING,DETERIORATING
STU1746,Student 1746,Engineering College A,Business,B.Tech,3,1,2023,0,Fall 2025,2.72,3.18,0,0,55.9,81.6,76.1,66.2,10,17,-0.45999999999999996,-0.9000000000000057,9.899999999999991,-7,DETERIORATING,UNKNOWN,IMPROVING
STU1747,Student 1747,Engineering College A,Business,B.Tech,1,2,2023,0,Fall 2025,3.58,3.47,0,0,64.7,68.8,70.8,70.2,39,39,0.10999999999999988,-4.099999999999994,0.5999999999999943,0,IMPROVING,DETERIORATING,STABLE
STU1748,Student 1748,Engineering College A,Business,B.Tech,4,2,2023,1,Fall 2025,4.0,4.0,0,0,69.1,67.1,79.4,68.6,57,50,0.0,2.0,10.800000000000011,7,STABLE,STABLE,IMPROVING
STU1749,Student 1749,Engineering College A,Business,B.Tech,1,2,2023,0,Fall 2025,3.21,3.06,0,0,95.7,97.7,84.9,70.1,53,65,0.1499999999999999,-2.0,14.800000000000011,-12,IMPROVING,STABLE,IMPROVING
STU1750,Student 1750,Engineering College A,Mechanical,B.Tech,2,2,2023,0,Fall 2025,2.41,2.83,0,0,57.7,71.1,100.0,90.7,59,58,-0.41999999999999993,-13.399999999999991,9.299999999999997,1,DETERIORATING,DETERIORATING,IMPROVING
STU1751,Student 1751,Engineering College A,Civil,B.Tech,2,2,2023,0,Fall 2025,2.39,2.28,0,0,76.3,79.5,37.1,40.7,54,43,0.11000000000000032,-3.200000000000003,-3.6000000000000014,11,IMPROVING,DETERIORATING,STABLE
STU1752,Student 1752,Engineering College A,Business,B.Tech,1,2,2023,1,Fall 2025,2.3,2.46,0,2,75.6,82.4,40.1,48.4,59,57,-0.16000000000000014,-6.800000000000011,-8.299999999999997,2,DETERIORATING,DETERIORATING,DETERIORATING
STU1753,Student 1753,Engineering College A,Business,B.Tech,3,1,2023,0,Fall 2025,3.61,3.33,1,0,70.8,75.5,80.7,74.0,22,30,0.2799999999999998,-4.700000000000003,6.700000000000003,-8,IMPROVING,DETERIORATING,IMPROVING
STU1754,Student 1754,Engineering College A,Electrical,B.Tech,3,1,2023,0,Fall 2025,3.51,3.35,0,0,69.7,70.7,65.7,76.5,18,11,0.1599999999999997,-1.0,-10.799999999999997,7,IMPROVING,STABLE,DETERIORATING
STU1755,Student 1755,Engineering College A,Civil,B.Tech,4,1,2023,1,Fall 2025,3.02,3.4,3,2,69.0,81.6,73.4,84.3,10,25,-0.3799999999999999,-0.9000000000000057,-10.899999999999991,-15,DETERIORATING,UNKNOWN,DETERIORATING
STU1756,Student 1756,Engineering College A,Computer Science,B.Tech,4,2,2023,0,Fall 2025,2.49,2.65,0,1,80.8,81.3,72.0,66.2,10,19,-0.1599999999999997,-0.5,5.799999999999997,-9,DETERIORATING,STABLE,IMPROVING
STU1757,Student 1757,Engineering College A,Civil,B.Tech,3,1,2023,1,Fall 2025,2.01,2.11,2,0,74.3,84.7,56.1,66.6,54,66,-0.10000000000000009,-10.400000000000006,-10.499999999999993,-12,DETERIORATING,DETERIORATING,DETERIORATING
STU1758,Student 1758,Engineering College A,Civil,B.Tech,3,2,2023,0,Fall 2025,3.56,3.39,2,0,76.0,75.9,52.7,64.2,22,31,0.16999999999999993,0.09999999999999432,-11.5,-9,IMPROVING,STABLE,DETERIORATING
STU1759,Student 1759,Engineering College A,Civil,B.Tech,1,2,2023,0,Fall 2025,2.54,1.66,0,0,70.1,57.1,57.8,70.8,35,43,0.8800000000000001,12.999999999999993,-13.0,-8,IMPROVING,IMPROVING,DETERIORATING
STU1760,Student 1760,Engineering College A,Business,B.Tech,2,2,2023,0,Fall 2025,3.64,3.96,0,0,58.8,70.0,89.7,80.8,53,48,-0.31999999999999984,-11.200000000000003,8.900000000000006,5,DETERIORATING,DETERIORATING,IMPROVING
STU1761,Student 1761,Engineering College A,Business,B.Tech,2,2,2023,1,Fall 2025,2.86,2.93,0,0,60.0,56.1,76.0,86.1,66,56,-0.07000000000000028,3.8999999999999986,-10.099999999999994,10,STABLE,IMPROVING,DETERIORATING
STU1762,Student 1762,Engineering College A,Mechanical,B.Tech,4,1,2023,0,Fall 2025,2.62,2.54,0,0,100.0,100.0,73.1,61.6,10,14,0.08000000000000007,0.0,11.499999999999993,-4,STABLE,STABLE,IMPROVING
STU1763,Student 1763,Engineering College A,Computer Science,B.Tech,3,1,2023,0,Fall 2025,3.57,3.83,1,0,69.4,76.8,65.3,63.0,52,61,-0.26000000000000023,-7.3999999999999915,2.299999999999997,-9,DETERIORATING,DETERIORATING,STABLE
STU1764,Student 1764,Engineering College A,Electrical,B.Tech,1,1,2023,0,Fall 2025,1.02,1.37,1,0,70.9,81.7,85.0,80.4,63,55,-0.3500000000000001,-10.799999999999997,4.599999999999994,8,DETERIORATING,DETERIORATING,STABLE
STU1765,Student 1765,Engineering College A,Civil,B.Tech,4,2,2023,0,Fall 2025,3.88,3.66,0,0,95.2,94.3,62.8,72.2,59,46,0.21999999999999975,0.9000000000000057,-9.400000000000006,13,IMPROVING,STABLE,DETERIORATING
STU1766,Student 1766,Engineering College A,Computer Science,B.Tech,1,1,2023,0,Fall 2025,2.38,2.54,0,0,87.3,85.1,92.0,84.1,84,73,-0.16000000000000014,2.200000000000003,7.900000000000006,11,DETERIORATING,IMPROVING,IMPROVING
STU1767,Student 1767,Engineering College A,Computer Science,B.Tech,3,1,2023,0,Fall 2025,2.11,2.19,0,0,60.8,59.7,57.0,68.5,72,61,-0.08000000000000007,1.0999999999999943,-11.5,11,STABLE,STABLE,DETERIORATING
STU1768,Student 1768,Engineering College A,Mechanical,B.Tech,3,1,2023,1,Fall 2025,2.83,2.9,0,0,74.4,75.9,70.5,75.9,52,53,-0.06999999999999984,-1.5,-5.400000000000006,-1,STABLE,STABLE,DETERIORATING
STU1769,Student 1769,Engineering College A,Electrical,B.Tech,3,2,2023,0,Fall 2025,3.55,3.61,0,0,79.5,82.7,33.9,46.7,48,46,-0.06000000000000005,-3.200000000000003,-12.800000000000004,2,STABLE,DETERIORATING,DETERIORATING
STU1770,Student 1770,Engineering College A,Civil,B.Tech,2,1,2023,0,Fall 2025,2.76,2.82,0,0,83.0,82.3,77.9,82.9,37,33,-0.06000000000000005,0.7000000000000028,-5.0,4,STABLE,STABLE,STABLE
STU1771,Student 1771,Engineering College A,Electrical,B.Tech,3,2,2023,0,Fall 2025,2.31,1.87,2,0,80.9,71.8,80.8,82.6,69,79,0.43999999999999995,9.100000000000009,-1.7999999999999972,-10,IMPROVING,IMPROVING,STABLE
STU1772,Student 1772,Engineering College A,Mechanical,B.Tech,4,1,2023,0,Fall 2025,2.06,2.2,0,2,72.1,73.2,54.4,67.0,52,59,-0.14000000000000012,-1.1000000000000085,-12.600000000000001,-7,DETERIORATING,STABLE,DETERIORATING
STU1773,Student 1773,Engineering College A,Business,B.Tech,2,2,2023,1,Fall 2025,2.28,2.89,3,2,54.0,61.9,34.3,58.2,20,40,-0.6100000000000003,-7.899999999999999,-23.900000000000006,-20,DETERIORATING,DETERIORATING,DETERIORATING
STU1774,Student 1774,Engineering College A,Computer Science,B.Tech,1,1,2023,1,Fall 2025,2.55,2.77,3,1,78.8,95.3,33.6,52.3,62,71,-0.2200000000000002,-16.5,-18.699999999999996,-9,DETERIORATING,DETERIORATING,DETERIORATING
STU1775,Student 1775,Engineering College A,Civil,B.Tech,4,1,2023,0,Fall 2025,3.4,3.51,0,0,84.2,81.5,76.1,62.1,44,49,-0.10999999999999988,2.700000000000003,13.999999999999993,-5,DETERIORATING,IMPROVING,IMPROVING
STU1776,Student 1776,Engineering College A,Business,B.Tech,4,1,2023,0,Fall 2025,2.76,2.5,1,0,84.2,74.0,77.8,68.8,47,48,0.2599999999999998,10.200000000000003,9.0,-1,IMPROVING,IMPROVING,IMPROVING
STU1777,Student 1777,Engineering College A,Mechanical,B.Tech,1,2,2023,0,Fall 2025,1.76,2.09,0,0,87.7,100.0,41.9,54.5,42,35,-0.32999999999999985,-12.299999999999997,-12.600000000000001,7,DETERIORATING,DETERIORATING,DETERIORATING
STU1778,Student 1778,Engineering College A,Electrical,B.Tech,2,1,2023,0,Fall 2025,3.16,3.34,2,0,60.0,60.6,91.4,79.1,65,68,-0.17999999999999972,-0.6000000000000014,12.300000000000011,-3,DETERIORATING,STABLE,IMPROVING
STU1779,Student 1779,Engineering College A,Computer Science,B.Tech,4,1,2023,1,Fall 2025,3.8,3.95,0,0,77.2,75.9,100.0,98.4,36,46,-0.15000000000000036,1.2999999999999972,1.5999999999999943,-10,DETERIORATING,STABLE,STABLE
STU1780,Student 1780,Engineering College A,Civil,B.Tech,4,2,2023,0,Fall 2025,3.47,3.53,0,0,72.3,72.5,59.2,73.6,27,41,-0.05999999999999961,-0.20000000000000284,-14.399999999999991,-14,STABLE,STABLE,DETERIORATING
STU1781,Student 1781,Engineering College A,Business,B.Tech,4,2,2023,0,Fall 2025,3.25,3.03,0,0,65.4,63.8,69.1,83.1,57,61,0.2200000000000002,1.6000000000000085,-14.0,-4,IMPROVING,STABLE,DETERIORATING
STU1782,Student 1782,Engineering College A,Business,B.Tech,2,2,2023,1,Fall 2025,3.31,3.19,0,0,45.8,69.8,80.1,100.0,9,15,0.1200000000000001,-24.0,-19.900000000000006,-6,IMPROVING,DETERIORATING,DETERIORATING
STU1783,Student 1783,Engineering College A,Computer Science,B.Tech,2,2,2023,0,Fall 2025,1.0,1.0,0,0,76.6,75.6,100.0,99.2,27,24,0.0,1.0,0.7999999999999972,3,STABLE,STABLE,STABLE
STU1784,Student 1784,Engineering College A,Electrical,B.Tech,2,1,2023,1,Fall 2025,3.48,3.19,0,0,81.0,76.5,90.6,88.3,62,52,0.29000000000000004,4.5,2.299999999999997,10,IMPROVING,IMPROVING,STABLE
STU1785,Student 1785,Engineering College A,Mechanical,B.Tech,4,1,2023,0,Fall 2025,3.38,3.52,0,0,78.6,83.0,54.3,57.8,12,15,-0.14000000000000012,-4.400000000000006,-3.5,-3,DETERIORATING,DETERIORATING,STABLE
STU1786,Student 1786,Engineering College A,Electrical,B.Tech,3,2,2023,1,Fall 2025,2.41,2.99,1,1,62.5,70.3,57.1,71.0,49,61,-0.5800000000000001,-7.799999999999997,-13.899999999999999,-12,DETERIORATING,DETERIORATING,DETERIORATING
STU1787,Student 1787,Engineering College A,Electrical,B.Tech,1,1,2023,0,Fall 2025,2.34,1.71,0,0,93.9,76.6,75.8,69.1,10,11,0.6299999999999999,17.30000000000001,6.700000000000003,-1,IMPROVING,IMPROVING,IMPROVING
STU1788,Student 1788,Engineering College A,Electrical,B.Tech,3,2,2023,0,Fall 2025,2.7,2.91,0,0,100.0,97.9,95.0,100.0,56,52,0.0,2.0999999999999943,-5.0,4,UNKNOWN,IMPROVING,STABLE
STU1789,Student 1789,Engineering College A,Computer Science,B.Tech,2,1,2023,0,Fall 2025,2.98,2.98,0,0,68.5,71.2,61.6,67.8,16,19,0.0,-2.700000000000003,-6.199999999999996,-3,STABLE,DETERIORATING,DETERIORATING
STU1790,Student 1790,Engineering College A,Computer Science,B.Tech,4,2,2023,0,Fall 2025,3.38,2.5,0,0,80.5,73.1,75.0,85.9,77,74,0.8799999999999999,7.400000000000006,-10.900000000000006,3,IMPROVING,IMPROVING,DETERIORATING
STU1791,Student 1791,Engineering College A,Mechanical,B.Tech,4,1,2023,0,Fall 2025,3.75,3.93,0,0,82.6,83.8,74.2,88.4,81,69,-0.18000000000000016,-1.2000000000000028,-14.200000000000003,12,DETERIORATING,STABLE,DETERIORATING
STU1792,Student 1792,Engineering College A,Electrical,B.Tech,3,2,2023,1,Fall 2025,2.96,2.91,0,0,63.6,69.0,100.0,100.0,64,55,0.0,-5.399999999999999,0.0,9,UNKNOWN,DETERIORATING,STABLE
STU1793,Student 1793,Engineering College A,Computer Science,B.Tech,3,2,2023,0,Fall 2025,2.78,2.64,0,0,94.9,97.7,84.5,97.7,46,42,0.13999999999999968,-2.799999999999997,-13.200000000000003,4,IMPROVING,DETERIORATING,DETERIORATING
STU1794,Student 1794,Engineering College A,Mechanical,B.Tech,1,1,2023,0,Fall 2025,2.38,2.13,1,0,75.2,70.6,97.5,100.0,38,41,0.25,4.6000000000000085,-2.5,-3,IMPROVING,IMPROVING,STABLE
STU1795,Student 1795,Engineering College A,Mechanical,B.Tech,4,1,2023,0,Fall 2025,3.64,3.38,2,0,78.8,81.8,77.9,65.2,30,26,0.26000000000000023,-3.0,12.700000000000003,4,IMPROVING,DETERIORATING,IMPROVING
STU1796,Student 1796,Engineering College A,Electrical,B.Tech,3,1,2023,0,Fall 2025,1.95,1.68,0,1,100.0,88.6,75.9,64.2,66,56,0.27,11.400000000000006,11.700000000000003,10,IMPROVING,IMPROVING,IMPROVING
STU1797,Student 1797,Engineering College A,Civil,B.Tech,1,2,2023,1,Fall 2025,3.49,3.43,0,0,75.4,72.2,63.0,58.7,29,37,0.06000000000000005,3.200000000000003,4.299999999999997,-8,STABLE,IMPROVING,STABLE
STU1798,Student 1798,Engineering College A,Electrical,B.Tech,2,1,2023,0,Fall 2025,2.05,2.38,0,0,50.0,60.0,95.5,98.2,53,39,-0.33000000000000007,-10.0,-2.700000000000003,14,DETERIORATING,DETERIORATING,STABLE
STU1799,Student 1799,Engineering College A,Civil,B.Tech,3,2,2023,0,Fall 2025,2.76,2.32,1,0,89.8,74.3,64.8,73.2,40,55,0.43999999999999995,15.5,-8.400000000000006,-15,IMPROVING,IMPROVING,DETERIORATING
STU1800,Student 1800,Engineering College A,Mechanical,B.Tech,2,1,2023,0,Fall 2025,2.93,2.98,0,0,87.0,83.8,89.7,79.8,51,54,-0.04999999999999982,3.200000000000003,9.900000000000006,-3,STABLE,IMPROVING,IMPROVING
STU1801,Student 1801,Engineering College A,Computer Science,B.Tech,1,1,2023,0,Fall 2025,1.53,3.32,0,0,39.1,65.7,74.8,91.0,0,1,-1.7899999999999998,-26.6,-16.200000000000003,-1,DETERIORATING,DETERIORATING,DETERIORATING
STU1802,Student 1802,Engineering College A,Business,B.Tech,2,2,2023,0,Fall 2025,2.68,2.87,0,0,76.0,74.2,92.9,100.0,42,28,-0.18999999999999995,1.7999999999999972,-7.099999999999994,14,DETERIORATING,STABLE,DETERIORATING
STU1803,Student 1803,Engineering College A,Mechanical,B.Tech,4,2,2023,0,Fall 2025,3.21,3.08,0,0,60.2,58.3,86.8,73.0,44,48,0.1299999999999999,1.9000000000000057,13.799999999999997,-4,IMPROVING,STABLE,IMPROVING
STU1804,Student 1804,Engineering College A,Computer Science,B.Tech,4,1,2023,0,Fall 2025,2.23,2.02,0,0,100.0,99.1,69.7,74.2,31,45,0.20999999999999996,0.9000000000000057,-4.5,-14,IMPROVING,STABLE,STABLE
STU1805,Student 1805,Engineering College A,Mechanical,B.Tech,2,2,2023,0,Fall 2025,3.94,3.93,1,0,73.2,77.8,47.1,49.4,33,46,0.009999999999999787,-4.599999999999994,-2.299999999999997,-13,STABLE,DETERIORATING,STABLE
STU1806,Student 1806,Engineering College A,Electrical,B.Tech,4,2,2023,1,Fall 2025,2.06,2.19,0,0,90.5,93.1,100.0,89.1,19,25,-0.1299999999999999,-2.5999999999999943,10.900000000000006,-6,DETERIORATING,DETERIORATING,IMPROVING
STU1807,Student 1807,Engineering College A,Civil,B.Tech,1,1,2023,0,Fall 2025,3.4,3.44,0,0,90.1,91.3,55.0,62.2,23,37,-0.040000000000000036,-1.2000000000000028,-7.200000000000003,-14,STABLE,STABLE,DETERIORATING
STU1808,Student 1808,Engineering College A,Mechanical,B.Tech,4,2,2023,0,Fall 2025,2.8,2.08,1,2,100.0,97.2,63.4,67.1,12,15,0.7199999999999998,2.799999999999997,-3.6999999999999957,-3,IMPROVING,IMPROVING,STABLE
STU1809,Student 1809,Engineering College A,Computer Science,B.Tech,2,1,2023,0,Fall 2025,2.74,3.07,0,0,75.2,83.3,67.3,69.0,10,0,-0.3299999999999996,-8.099999999999994,-1.7000000000000028,10,DETERIORATING,DETERIORATING,STABLE
STU1810,Student 1810,Engineering College A,Electrical,B.Tech,2,1,2023,0,Fall 2025,3.45,2.91,0,0,100.0,85.3,62.6,65.1,57,66,0.0,14.700000000000003,-2.499999999999993,-9,UNKNOWN,IMPROVING,STABLE
STU1811,Student 1811,Engineering College A,Business,B.Tech,2,2,2023,0,Fall 2025,3.55,3.26,0,0,94.5,91.3,100.0,100.0,64,64,0.29000000000000004,3.200000000000003,0.0,0,IMPROVING,IMPROVING,STABLE
STU1812,Student 1812,Engineering College A,Electrical,B.Tech,3,1,2023,0,Fall 2025,3.25,2.97,0,0,65.3,68.2,100.0,90.5,45,44,0.2799999999999998,-2.9000000000000057,9.5,1,IMPROVING,DETERIORATING,IMPROVING
STU1813,Student 1813,Engineering College A,Civil,B.Tech,2,2,2023,1,Fall 2025,3.52,3.91,0,0,82.9,91.7,67.1,77.6,65,51,-0.3900000000000001,-8.799999999999997,-10.5,14,DETERIORATING,DETERIORATING,DETERIORATING
STU1814,Student 1814,Engineering College A,Electrical,B.Tech,1,1,2023,0,Fall 2025,2.69,2.63,0,0,87.2,85.3,82.5,73.8,46,41,0.06000000000000005,1.9000000000000057,8.700000000000003,5,STABLE,STABLE,IMPROVING
STU1815,Student 1815,Engineering College A,Business,B.Tech,4,2,2023,0,Fall 2025,2.82,2.89,0,0,92.9,90.1,91.7,80.0,11,11,-0.07000000000000028,2.8000000000000114,11.700000000000003,0,STABLE,IMPROVING,IMPROVING
STU1816,Student 1816,Engineering College A,Computer Science,B.Tech,4,2,2023,1,Fall 2025,4.0,2.91,1,1,58.1,90.8,53.3,62.5,37,44,0.0,-32.699999999999996,-9.200000000000003,-7,UNKNOWN,DETERIORATING,DETERIORATING
STU1817,Student 1817,Engineering College A,Mechanical,B.Tech,3,2,2023,0,Fall 2025,3.2,3.33,0,0,100.0,100.0,65.0,66.8,40,54,-0.1299999999999999,0.0,-1.7999999999999972,-14,DETERIORATING,STABLE,STABLE
STU1818,Student 1818,Engineering College A,Civil,B.Tech,3,2,2023,1,Fall 2025,2.59,2.91,1,0,87.1,84.1,94.5,85.8,23,18,0.0,3.0,8.700000000000003,5,UNKNOWN,IMPROVING,IMPROVING
STU1819,Student 1819,Engineering College A,Business,B.Tech,1,2,2023,0,Fall 2025,2.25,1.51,0,0,93.0,75.7,65.4,80.1,10,4,0.74,17.299999999999997,-14.699999999999989,6,IMPROVING,IMPROVING,DETERIORATING
STU1820,Student 1820,Engineering College A,Civil,B.Tech,2,1,2023,0,Fall 2025,2.64,2.83,0,0,62.8,77.3,72.1,71.7,39,50,-0.18999999999999995,-14.5,0.3999999999999915,-11,DETERIORATING,DETERIORATING,STABLE
STU1821,Student 1821,Engineering College A,Electrical,B.Tech,3,1,2023,0,Fall 2025,3.8,4.0,0,0,84.3,88.3,96.4,88.5,35,24,-0.20000000000000018,-4.0,7.900000000000006,11,DETERIORATING,DETERIORATING,IMPROVING
STU1822,Student 1822,Engineering College A,Civil,B.Tech,4,2,2023,0,Fall 2025,3.25,3.29,1,1,74.6,74.4,63.0,66.6,49,35,-0.040000000000000036,0.19999999999998863,-3.5999999999999943,14,STABLE,STABLE,STABLE
STU1823,Student 1823,Engineering College A,Business,B.Tech,3,1,2023,0,Fall 2025,2.16,2.29,2,0,95.4,100.0,86.3,87.1,48,55,-0.1299999999999999,-4.599999999999994,-0.7999999999999972,-7,DETERIORATING,DETERIORATING,STABLE
STU1824,Student 1824,Engineering College A,Mechanical,B.Tech,3,2,2023,0,Fall 2025,2.6,2.6,0,0,78.9,77.2,87.2,90.0,61,60,0.0,1.7000000000000028,-2.799999999999997,1,STABLE,STABLE,STABLE
STU1825,Student 1825,Engineering College A,Mechanical,B.Tech,2,2,2023,0,Fall 2025,3.7,3.73,1,0,90.2,87.3,93.8,87.0,43,35,-0.029999999999999805,2.9000000000000057,6.799999999999997,8,STABLE,IMPROVING,IMPROVING
STU1826,Student 1826,Engineering College A,Civil,B.Tech,3,1,2023,0,Fall 2025,2.49,2.19,0,0,100.0,99.8,95.0,89.5,48,60,0.30000000000000027,0.20000000000000284,5.5,-12,IMPROVING,STABLE,IMPROVING
STU1827,Student 1827,Engineering College A,Computer Science,B.Tech,1,1,2023,1,Fall 2025,3.23,3.37,1,2,76.7,76.9,76.7,88.5,67,67,-0.14000000000000012,-0.20000000000000284,-11.799999999999997,0,DETERIORATING,STABLE,DETERIORATING
STU1828,Student 1828,Engineering College A,Civil,B.Tech,4,2,2023,1,Fall 2025,2.63,3.73,3,1,63.7,74.8,63.0,76.0,62,72,-1.1,-11.099999999999994,-13.0,-10,DETERIORATING,DETERIORATING,DETERIORATING
STU1829,Student 1829,Engineering College A,Electrical,B.Tech,2,2,2023,1,Fall 2025,3.74,3.52,0,0,96.5,97.2,25.1,37.6,43,43,0.2200000000000002,-0.7000000000000028,-12.5,0,IMPROVING,STABLE,DETERIORATING
STU1830,Student 1830,Engineering College A,Mechanical,B.Tech,4,2,2023,0,Fall 2025,3.92,2.91,0,0,73.3,72.0,58.8,67.0,15,23,0.0,1.2999999999999972,-8.200000000000003,-8,UNKNOWN,STABLE,DETERIORATING
STU1831,Student 1831,Engineering College A,Mechanical,B.Tech,1,2,2023,1,Fall 2025,1.61,3.6,1,0,39.0,79.0,65.4,92.7,60,78,-1.99,-40.0,-27.299999999999997,-18,DETERIORATING,DETERIORATING,DETERIORATING
STU1832,Student 1832,Engineering College A,Mechanical,B.Tech,1,2,2023,1,Fall 2025,2.01,1.4,0,1,100.0,91.4,87.0,80.1,38,38,0.6099999999999999,8.599999999999994,6.900000000000006,0,IMPROVING,IMPROVING,IMPROVING
STU1833,Student 1833,Engineering College A,Computer Science,B.Tech,3,2,2023,0,Fall 2025,3.92,3.86,1,0,69.9,71.8,62.7,74.6,17,27,0.06000000000000005,-1.8999999999999915,-11.899999999999991,-10,STABLE,STABLE,DETERIORATING
STU1834,Student 1834,Engineering College A,Computer Science,B.Tech,3,1,2023,0,Fall 2025,2.22,1.95,1,0,70.9,69.6,68.7,56.4,71,86,0.27000000000000024,1.3000000000000114,12.300000000000004,-15,IMPROVING,STABLE,IMPROVING
STU1835,Student 1835,Engineering College A,Business,B.Tech,3,2,2023,0,Fall 2025,2.89,2.06,0,0,85.0,75.5,53.9,66.8,37,23,0.8300000000000001,9.5,-12.899999999999999,14,IMPROVING,IMPROVING,DETERIORATING
STU1836,Student 1836,Engineering College A,Civil,B.Tech,4,2,2023,1,Fall 2025,3.07,3.05,0,0,76.8,81.6,83.1,76.5,61,74,0.020000000000000018,-4.799999999999997,6.599999999999994,-13,STABLE,DETERIORATING,IMPROVING
STU1837,Student 1837,Engineering College A,Civil,B.Tech,1,1,2023,0,Fall 2025,2.76,2.72,0,0,75.6,79.3,90.8,76.3,32,47,0.03999999999999959,-3.700000000000003,14.5,-15,STABLE,DETERIORATING,IMPROVING
STU1838,Student 1838,Engineering College A,Electrical,B.Tech,2,2,2023,0,Fall 2025,3.11,3.16,0,0,79.7,79.9,56.2,71.1,42,40,-0.050000000000000266,-0.20000000000000284,-14.899999999999991,2,STABLE,STABLE,DETERIORATING
STU1839,Student 1839,Engineering College A,Mechanical,B.Tech,3,2,2023,1,Fall 2025,2.06,3.29,0,0,42.3,61.6,46.3,70.5,31,37,-1.23,-19.300000000000004,-24.200000000000003,-6,DETERIORATING,DETERIORATING,DETERIORATING
STU1840,Student 1840,Engineering College A,Computer Science,B.Tech,4,1,2023,0,Fall 2025,2.96,2.89,0,0,87.6,87.1,64.0,76.8,52,54,0.06999999999999984,0.5,-12.799999999999997,-2,STABLE,STABLE,DETERIORATING
STU1841,Student 1841,Engineering College A,Electrical,B.Tech,3,2,2023,0,Fall 2025,2.46,2.91,0,0,71.3,71.1,79.4,66.9,21,12,0.0,0.20000000000000284,12.5,9,UNKNOWN,STABLE,IMPROVING
STU1842,Student 1842,Engineering College A,Electrical,B.Tech,1,1,2023,1,Fall 2025,3.53,3.42,0,0,95.8,96.9,98.9,94.0,16,29,0.10999999999999988,-1.1000000000000085,4.900000000000006,-13,IMPROVING,STABLE,STABLE
STU1843,Student 1843,Engineering College A,Computer Science,B.Tech,2,2,2023,0,Fall 2025,3.63,3.52,2,0,88.7,88.9,68.0,70.2,46,39,0.10999999999999988,-0.20000000000000284,-2.200000000000003,7,IMPROVING,STABLE,STABLE
STU1844,Student 1844,Engineering College A,Civil,B.Tech,1,1,2023,0,Fall 2025,3.35,3.22,1,0,90.0,94.3,96.8,85.2,47,47,0.1299999999999999,-4.299999999999997,11.599999999999994,0,IMPROVING,DETERIORATING,IMPROVING
STU1845,Student 1845,Engineering College A,Mechanical,B.Tech,4,1,2023,1,Fall 2025,1.83,2.15,2,2,77.9,86.4,59.3,79.8,21,42,-0.31999999999999984,-8.5,-20.5,-21,DETERIORATING,DETERIORATING,DETERIORATING
STU1846,Student 1846,Engineering College A,Civil,B.Tech,3,1,2023,0,Fall 2025,2.21,2.69,0,0,69.2,76.7,71.6,84.6,10,0,-0.48,-7.5,-13.0,10,DETERIORATING,DETERIORATING,DETERIORATING
STU1847,Student 1847,Engineering College A,Electrical,B.Tech,1,2,2023,0,Fall 2025,2.06,2.05,1,0,78.4,73.4,48.6,60.6,66,55,0.010000000000000231,5.0,-12.0,11,STABLE,IMPROVING,DETERIORATING
STU1848,Student 1848,Engineering College A,Mechanical,B.Tech,4,2,2023,0,Fall 2025,2.66,2.55,0,0,82.4,79.7,100.0,96.1,50,41,0.11000000000000032,2.700000000000003,3.9000000000000057,9,IMPROVING,IMPROVING,STABLE
STU1849,Student 1849,Engineering College A,Business,B.Tech,3,1,2023,1,Fall 2025,3.7,2.91,1,2,58.1,70.2,48.6,69.0,44,57,0.0,-12.100000000000001,-20.4,-13,UNKNOWN,DETERIORATING,DETERIORATING
STU1850,Student 1850,Engineering College A,Electrical,B.Tech,2,1,2023,0,Fall 2025,3.24,2.95,0,0,67.0,71.5,46.2,58.7,64,58,0.29000000000000004,-4.5,-12.5,6,IMPROVING,DETERIORATING,DETERIORATING
STU1851,Student 1851,Engineering College A,Civil,B.Tech,1,2,2023,0,Fall 2025,4.0,4.0,1,0,81.7,78.4,91.5,79.4,32,36,0.0,3.299999999999997,12.099999999999994,-4,STABLE,IMPROVING,IMPROVING
STU1852,Student 1852,Engineering College A,Civil,B.Tech,3,2,2023,0,Fall 2025,2.36,1.75,0,0,100.0,100.0,61.5,73.8,33,39,0.6099999999999999,0.0,-12.299999999999997,-6,IMPROVING,STABLE,DETERIORATING
STU1853,Student 1853,Engineering College A,Civil,B.Tech,3,2,2023,1,Fall 2025,3.37,4.0,2,0,92.5,99.5,50.5,79.5,54,76,-0.6299999999999999,-7.0,-29.0,-22,DETERIORATING,DETERIORATING,DETERIORATING
STU1854,Student 1854,Engineering College A,Computer Science,B.Tech,3,2,2023,0,Fall 2025,2.99,2.32,0,0,100.0,91.5,80.4,72.9,64,52,0.6700000000000004,8.5,7.5,12,IMPROVING,IMPROVING,IMPROVING
STU1855,Student 1855,Engineering College A,Electrical,B.Tech,3,2,2023,1,Fall 2025,2.91,3.34,3,1,54.3,76.5,80.8,92.6,45,51,-0.4299999999999997,-22.200000000000003,-11.799999999999997,-6,DETERIORATING,DETERIORATING,DETERIORATING
STU1856,Student 1856,Engineering College A,Mechanical,B.Tech,1,1,2023,0,Fall 2025,2.03,2.91,0,0,50.0,51.9,70.7,73.3,63,68,0.0,-1.8999999999999986,-2.5999999999999943,-5,UNKNOWN,STABLE,STABLE
STU1857,Student 1857,Engineering College A,Civil,B.Tech,3,2,2023,0,Fall 2025,2.75,3.13,0,0,66.7,78.1,97.6,96.7,43,53,-0.3799999999999999,-11.399999999999991,0.8999999999999915,-10,DETERIORATING,DETERIORATING,STABLE
STU1858,Student 1858,Engineering College A,Civil,B.Tech,4,1,2023,0,Fall 2025,2.97,3.14,0,0,81.3,85.2,50.1,60.5,66,52,-0.16999999999999993,-3.9000000000000057,-10.399999999999999,14,DETERIORATING,DETERIORATING,DETERIORATING
STU1859,Student 1859,Engineering College A,Computer Science,B.Tech,1,2,2023,0,Fall 2025,3.58,4.0,0,0,76.5,83.8,70.2,70.6,22,24,-0.41999999999999993,-7.299999999999997,-0.3999999999999915,-2,DETERIORATING,DETERIORATING,STABLE
STU1860,Student 1860,Engineering College A,Mechanical,B.Tech,3,1,2023,0,Fall 2025,3.11,3.29,0,0,73.6,79.6,67.7,64.1,13,23,-0.18000000000000016,-6.0,3.6000000000000085,-10,DETERIORATING,DETERIORATING,STABLE
STU1861,Student 1861,Engineering College A,Electrical,B.Tech,1,1,2023,1,Fall 2025,1.32,1.5,1,0,79.4,74.7,54.8,59.6,41,36,-0.17999999999999994,4.700000000000003,-4.800000000000004,5,DETERIORATING,IMPROVING,STABLE
STU1862,Student 1862,Engineering College A,Business,B.Tech,4,2,2023,0,Fall 2025,3.08,2.86,0,0,94.9,90.3,85.0,85.7,46,32,0.2200000000000002,4.6000000000000085,-0.7000000000000028,14,IMPROVING,IMPROVING,STABLE
STU1863,Student 1863,Engineering College A,Computer Science,B.Tech,4,1,2023,0,Fall 2025,3.41,3.35,0,0,100.0,100.0,81.0,81.0,83,91,0.06000000000000005,0.0,0.0,-8,STABLE,STABLE,STABLE
STU1864,Student 1864,Engineering College A,Electrical,B.Tech,1,1,2023,0,Fall 2025,2.37,2.13,0,0,74.2,74.0,67.7,73.9,55,49,0.2400000000000002,0.20000000000000284,-6.200000000000003,6,IMPROVING,STABLE,DETERIORATING
STU1865,Student 1865,Engineering College A,Business,B.Tech,3,1,2023,1,Fall 2025,1.87,2.61,3,1,57.3,69.5,64.4,84.7,11,24,-0.7399999999999998,-12.200000000000003,-20.299999999999997,-13,DETERIORATING,DETERIORATING,DETERIORATING
STU1866,Student 1866,Engineering College A,Civil,B.Tech,3,1,2023,1,Fall 2025,3.87,3.96,1,2,60.0,100.0,36.6,61.9,0,10,-0.08999999999999986,-40.0,-25.299999999999997,-10,STABLE,DETERIORATING,DETERIORATING
STU1867,Student 1867,Engineering College A,Civil,B.Tech,4,2,2023,1,Fall 2025,1.94,2.13,0,0,74.5,80.1,68.8,81.1,47,55,-0.18999999999999995,-5.599999999999994,-12.299999999999997,-8,DETERIORATING,DETERIORATING,DETERIORATING
STU1868,Student 1868,Engineering College A,Mechanical,B.Tech,3,1,2023,0,Fall 2025,2.96,2.74,0,0,100.0,100.0,45.4,60.0,45,54,0.21999999999999975,0.0,-14.600000000000001,-9,IMPROVING,STABLE,DETERIORATING
STU1869,Student 1869,Engineering College A,Business,B.Tech,4,2,2023,0,Fall 2025,3.11,3.13,0,0,65.0,63.2,68.2,80.4,12,21,-0.020000000000000018,1.7999999999999972,-12.200000000000003,-9,STABLE,STABLE,DETERIORATING
STU1870,Student 1870,Engineering College A,Civil,B.Tech,3,1,2023,0,Fall 2025,3.35,3.53,1,0,92.3,87.7,48.7,58.6,67,62,-0.17999999999999972,4.599999999999994,-9.899999999999999,5,DETERIORATING,IMPROVING,DETERIORATING
STU1871,Student 1871,Engineering College A,Civil,B.Tech,4,2,2023,0,Fall 2025,3.91,3.75,0,0,68.9,73.7,71.7,62.2,53,46,0.16000000000000014,-4.799999999999997,9.5,7,IMPROVING,DETERIORATING,IMPROVING
STU1872,Student 1872,Engineering College A,Mechanical,B.Tech,2,2,2023,0,Fall 2025,3.0,2.91,0,0,82.3,81.2,100.0,100.0,33,34,0.0,1.0999999999999943,0.0,-1,UNKNOWN,STABLE,STABLE
STU1873,Student 1873,Engineering College A,Electrical,B.Tech,3,2,2023,1,Fall 2025,3.23,3.26,0,0,94.0,89.5,100.0,100.0,24,39,-0.029999999999999805,4.5,0.0,-15,STABLE,IMPROVING,STABLE
STU1874,Student 1874,Engineering College A,Civil,B.Tech,3,1,2023,0,Fall 2025,2.44,2.04,0,0,91.9,78.9,100.0,100.0,71,73,0.3999999999999999,13.0,0.0,-2,IMPROVING,IMPROVING,STABLE
STU1875,Student 1875,Engineering College A,Computer Science,B.Tech,3,2,2023,0,Fall 2025,3.44,3.15,1,0,87.5,88.6,94.5,88.2,75,80,0.29000000000000004,-1.0999999999999943,6.299999999999997,-5,IMPROVING,STABLE,IMPROVING
STU1876,Student 1876,Engineering College A,Computer Science,B.Tech,1,2,2023,0,Fall 2025,2.72,2.56,0,0,74.8,77.1,84.1,73.4,10,0,0.16000000000000014,-2.299999999999997,10.699999999999989,10,IMPROVING,DETERIORATING,IMPROVING
STU1877,Student 1877,Engineering College A,Electrical,B.Tech,3,1,2023,0,Fall 2025,2.12,2.57,2,0,73.7,84.2,95.0,82.7,77,67,-0.44999999999999973,-10.5,12.299999999999997,10,DETERIORATING,DETERIORATING,IMPROVING
STU1878,Student 1878,Engineering College A,Business,B.Tech,1,2,2023,0,Fall 2025,3.07,2.92,0,0,97.6,97.8,51.0,63.6,53,64,0.1499999999999999,-0.20000000000000284,-12.600000000000001,-11,IMPROVING,STABLE,DETERIORATING
STU1879,Student 1879,Engineering College A,Mechanical,B.Tech,1,1,2023,1,Fall 2025,4.0,3.95,1,1,85.0,82.5,57.3,67.8,51,55,0.04999999999999982,2.5,-10.5,-4,STABLE,IMPROVING,DETERIORATING
STU1880,Student 1880,Engineering College A,Computer Science,B.Tech,4,1,2023,0,Fall 2025,2.56,2.51,0,0,81.8,80.9,54.0,65.3,40,29,0.050000000000000266,0.8999999999999915,-11.299999999999997,11,STABLE,STABLE,DETERIORATING
STU1881,Student 1881,Engineering College A,Computer Science,B.Tech,1,2,2023,1,Fall 2025,2.8,2.89,0,0,88.4,86.4,65.4,79.5,17,12,-0.0900000000000003,2.0,-14.099999999999994,5,STABLE,STABLE,DETERIORATING
STU1882,Student 1882,Engineering College A,Electrical,B.Tech,1,1,2023,0,Fall 2025,2.58,3.25,1,1,61.0,81.6,55.8,80.8,29,36,-0.6699999999999999,-0.9000000000000057,-25.0,-7,DETERIORATING,UNKNOWN,DETERIORATING
STU1883,Student 1883,Engineering College A,Business,B.Tech,2,1,2023,0,Fall 2025,4.0,3.87,0,0,94.1,81.6,84.0,89.1,18,33,0.1299999999999999,-0.9000000000000057,-5.099999999999994,-15,IMPROVING,UNKNOWN,DETERIORATING
STU1884,Student 1884,Engineering College A,Business,B.Tech,3,1,2023,0,Fall 2025,4.0,3.72,0,0,64.5,68.7,78.6,83.5,36,40,0.2799999999999998,-4.200000000000003,-4.900000000000006,-4,IMPROVING,DETERIORATING,STABLE
STU1885,Student 1885,Engineering College A,Electrical,B.Tech,1,2,2023,0,Fall 2025,2.85,2.2,0,0,88.6,79.3,77.2,82.8,43,34,0.6499999999999999,9.299999999999997,-5.599999999999994,9,IMPROVING,IMPROVING,DETERIORATING
STU1886,Student 1886,Engineering College A,Computer Science,B.Tech,3,1,2023,0,Fall 2025,2.67,2.54,0,0,68.3,72.5,87.6,83.8,54,42,0.1299999999999999,-4.200000000000003,3.799999999999997,12,IMPROVING,DETERIORATING,STABLE
STU1887,Student 1887,Engineering College A,Mechanical,B.Tech,1,1,2023,0,Fall 2025,3.12,3.11,0,0,85.5,89.9,83.2,69.7,30,35,0.010000000000000231,-4.400000000000006,13.5,-5,STABLE,DETERIORATING,IMPROVING
STU1888,Student 1888,Engineering College A,Computer Science,B.Tech,4,1,2023,1,Fall 2025,2.59,2.39,0,0,79.4,77.1,79.4,88.8,47,46,0.19999999999999973,2.3000000000000114,-9.399999999999991,1,IMPROVING,IMPROVING,DETERIORATING
STU1889,Student 1889,Engineering College A,Business,B.Tech,2,2,2023,1,Fall 2025,2.42,2.73,0,0,64.4,74.2,100.0,100.0,15,25,-0.31000000000000005,-9.799999999999997,0.0,-10,DETERIORATING,DETERIORATING,STABLE
STU1890,Student 1890,Engineering College A,Computer Science,B.Tech,1,1,2023,0,Fall 2025,2.32,2.72,3,1,80.2,89.4,52.5,79.1,48,57,-0.40000000000000036,-9.200000000000003,-26.599999999999994,-9,DETERIORATING,DETERIORATING,DETERIORATING
STU1891,Student 1891,Engineering College A,Mechanical,B.Tech,3,2,2023,0,Fall 2025,2.8,2.91,0,0,95.5,96.9,80.4,75.5,19,32,0.0,-1.4000000000000057,4.900000000000006,-13,UNKNOWN,STABLE,STABLE
STU1892,Student 1892,Engineering College A,Civil,B.Tech,4,1,2023,0,Fall 2025,2.65,2.76,0,0,97.2,100.0,68.1,74.4,16,5,-0.10999999999999988,-2.799999999999997,-6.300000000000011,11,DETERIORATING,DETERIORATING,DETERIORATING
STU1893,Student 1893,Engineering College A,Computer Science,B.Tech,3,2,2023,0,Fall 2025,2.72,2.97,0,1,58.5,72.6,73.0,62.0,28,42,-0.25,-14.099999999999994,11.0,-14,DETERIORATING,DETERIORATING,IMPROVING
STU1894,Student 1894,Engineering College A,Electrical,B.Tech,4,2,2023,1,Fall 2025,2.69,2.68,0,0,79.7,84.1,90.5,81.9,70,58,0.009999999999999787,-4.3999999999999915,8.599999999999994,12,STABLE,DETERIORATING,IMPROVING
STU1895,Student 1895,Engineering College A,Civil,B.Tech,2,2,2023,0,Fall 2025,3.44,3.29,0,0,92.9,94.7,60.7,73.7,55,43,0.1499999999999999,-1.7999999999999972,-13.0,12,IMPROVING,STABLE,DETERIORATING
STU1896,Student 1896,Engineering College A,Electrical,B.Tech,4,1,2023,0,Fall 2025,3.33,3.46,1,0,78.6,78.5,93.7,94.2,49,49,-0.1299999999999999,0.09999999999999432,-0.5,0,DETERIORATING,STABLE,STABLE
STU1897,Student 1897,Engineering College A,Electrical,B.Tech,3,1,2023,0,Fall 2025,2.42,2.61,0,0,76.0,76.2,69.4,80.5,44,54,-0.18999999999999995,-0.20000000000000284,-11.099999999999994,-10,DETERIORATING,STABLE,DETERIORATING
STU1898,Student 1898,Engineering College A,Electrical,B.Tech,3,1,2023,1,Fall 2025,1.63,1.63,0,1,100.0,100.0,53.3,63.9,47,56,0.0,0.0,-10.600000000000001,-9,STABLE,STABLE,DETERIORATING
STU1899,Student 1899,Engineering College A,Computer Science,B.Tech,1,2,2023,0,Fall 2025,3.36,3.54,0,0,90.5,86.0,76.0,66.8,40,46,-0.18000000000000016,4.5,9.200000000000003,-6,DETERIORATING,IMPROVING,IMPROVING
STU1900,Student 1900,Engineering College A,Business,B.Tech,4,1,2023,1,Fall 2025,1.86,2.34,0,0,71.6,81.0,46.1,45.2,14,11,-0.47999999999999976,-9.400000000000006,0.8999999999999986,3,DETERIORATING,DETERIORATING,STABLE
STU1901,Student 1901,Engineering College A,Civil,B.Tech,3,1,2023,1,Fall 2025,3.09,2.2,1,0,96.3,87.1,68.3,57.0,10,23,0.8899999999999997,9.200000000000003,11.299999999999997,-13,IMPROVING,IMPROVING,IMPROVING
STU1902,Student 1902,Engineering College A,Mechanical,B.Tech,1,2,2023,0,Fall 2025,2.23,2.13,1,1,91.7,87.3,87.8,88.8,36,40,0.10000000000000009,4.400000000000006,-1.0,-4,IMPROVING,IMPROVING,STABLE
STU1903,Student 1903,Engineering College A,Business,B.Tech,2,1,2023,0,Fall 2025,3.75,2.91,0,0,63.3,61.1,65.4,78.3,44,33,0.0,2.1999999999999957,-12.899999999999991,11,UNKNOWN,IMPROVING,DETERIORATING
STU1904,Student 1904,Engineering College A,Computer Science,B.Tech,3,1,2023,0,Fall 2025,3.36,3.58,0,0,69.6,76.5,100.0,98.0,72,71,-0.2200000000000002,-6.900000000000006,2.0,1,DETERIORATING,DETERIORATING,STABLE
STU1905,Student 1905,Engineering College A,Electrical,B.Tech,1,2,2023,0,Fall 2025,2.59,2.31,0,0,84.9,84.4,42.2,52.7,69,71,0.2799999999999998,0.5,-10.5,-2,IMPROVING,STABLE,DETERIORATING
STU1906,Student 1906,Engineering College A,Mechanical,B.Tech,3,2,2023,0,Fall 2025,3.36,3.52,2,0,97.2,99.2,47.1,37.0,51,43,-0.16000000000000014,-2.0,10.100000000000001,8,DETERIORATING,STABLE,IMPROVING
STU1907,Student 1907,Engineering College A,Civil,B.Tech,4,1,2023,1,Fall 2025,1.29,1.92,3,2,74.4,87.7,51.3,80.9,18,31,-0.6299999999999999,-13.299999999999997,-29.60000000000001,-13,DETERIORATING,DETERIORATING,DETERIORATING
STU1908,Student 1908,Engineering College A,Business,B.Tech,1,2,2023,1,Fall 2025,2.98,2.83,1,0,91.7,81.6,62.4,71.1,58,49,0.1499999999999999,-0.9000000000000057,-8.699999999999996,9,IMPROVING,UNKNOWN,DETERIORATING
STU1909,Student 1909,Engineering College A,Business,B.Tech,4,1,2023,0,Fall 2025,3.66,3.69,0,0,65.6,70.2,75.7,84.3,11,11,-0.029999999999999805,-4.6000000000000085,-8.599999999999994,0,STABLE,DETERIORATING,DETERIORATING
STU1910,Student 1910,Engineering College A,Mechanical,B.Tech,2,1,2023,0,Fall 2025,1.63,1.8,0,0,82.3,82.2,64.8,72.2,39,40,-0.17000000000000015,0.09999999999999432,-7.400000000000006,-1,DETERIORATING,STABLE,DETERIORATING
STU1911,Student 1911,Engineering College A,Computer Science,B.Tech,4,1,2023,1,Fall 2025,2.46,2.2,0,0,60.0,50.5,72.5,85.2,53,64,0.2599999999999998,9.5,-12.700000000000003,-11,IMPROVING,IMPROVING,DETERIORATING
STU1912,Student 1912,Engineering College A,Civil,B.Tech,1,1,2023,0,Fall 2025,2.21,3.35,0,1,22.1,47.7,34.8,49.6,0,14,-1.1400000000000001,-25.6,-14.800000000000004,-14,DETERIORATING,DETERIORATING,DETERIORATING
STU1913,Student 1913,Engineering College A,Mechanical,B.Tech,3,1,2023,1,Fall 2025,2.81,2.8,0,1,52.9,78.5,39.2,63.6,30,40,0.010000000000000231,-25.6,-24.4,-10,STABLE,DETERIORATING,DETERIORATING
STU1914,Student 1914,Engineering College A,Electrical,B.Tech,1,2,2023,0,Fall 2025,3.56,3.57,0,0,82.9,83.3,80.6,86.6,69,73,-0.009999999999999787,-0.3999999999999915,-6.0,-4,STABLE,STABLE,DETERIORATING
STU1915,Student 1915,Engineering College A,Civil,B.Tech,4,2,2023,0,Fall 2025,2.97,2.89,0,0,96.2,95.1,79.9,68.9,43,34,0.08000000000000007,1.1000000000000085,11.0,9,STABLE,STABLE,IMPROVING
STU1916,Student 1916,Engineering College A,Business,B.Tech,4,1,2023,0,Fall 2025,2.56,2.36,0,0,79.4,78.7,83.0,79.6,42,44,0.20000000000000018,0.7000000000000028,3.4000000000000057,-2,IMPROVING,STABLE,STABLE
STU1917,Student 1917,Engineering College A,Mechanical,B.Tech,3,2,2023,1,Fall 2025,1.84,2.32,2,2,59.9,71.9,76.7,99.3,63,69,-0.47999999999999976,-12.000000000000007,-22.599999999999994,-6,DETERIORATING,DETERIORATING,DETERIORATING
STU1918,Student 1918,Engineering College A,Business,B.Tech,2,2,2023,1,Fall 2025,3.16,3.01,0,0,90.4,92.1,84.4,98.3,36,45,0.15000000000000036,-1.6999999999999886,-13.899999999999991,-9,IMPROVING,STABLE,DETERIORATING
STU1919,Student 1919,Engineering College A,Business,B.Tech,1,1,2023,0,Fall 2025,3.63,3.58,0,0,60.6,64.3,70.2,72.6,61,65,0.04999999999999982,-3.6999999999999957,-2.3999999999999915,-4,STABLE,DETERIORATING,STABLE
STU1920,Student 1920,Engineering College A,Business,B.Tech,3,2,2023,0,Fall 2025,2.94,3.1,0,0,93.7,100.0,78.6,84.5,44,55,-0.16000000000000014,-6.299999999999997,-5.900000000000006,-11,DETERIORATING,DETERIORATING,DETERIORATING
STU1921,Student 1921,Engineering College A,Computer Science,B.Tech,3,2,2023,1,Fall 2025,2.44,2.35,1,0,88.7,89.8,56.7,61.4,46,52,0.08999999999999986,-1.0999999999999943,-4.699999999999996,-6,STABLE,STABLE,STABLE
STU1922,Student 1922,Engineering College A,Business,B.Tech,3,1,2023,0,Fall 2025,3.45,3.54,0,0,82.7,81.1,56.4,61.3,71,67,-0.08999999999999986,1.6000000000000085,-4.899999999999999,4,STABLE,STABLE,STABLE
STU1923,Student 1923,Engineering College A,Electrical,B.Tech,1,1,2023,0,Fall 2025,1.88,1.99,0,0,80.8,83.3,86.9,100.0,43,37,-0.1100000000000001,-2.5,-13.099999999999994,6,DETERIORATING,DETERIORATING,DETERIORATING
STU1924,Student 1924,Engineering College A,Electrical,B.Tech,1,1,2023,0,Fall 2025,4.0,4.0,2,0,92.4,88.6,83.0,92.3,14,12,0.0,3.8000000000000114,-9.299999999999997,2,STABLE,IMPROVING,DETERIORATING
STU1925,Student 1925,Engineering College A,Civil,B.Tech,1,1,2023,0,Fall 2025,2.51,2.82,0,0,86.7,100.0,84.4,70.8,51,51,-0.31000000000000005,-13.299999999999997,13.600000000000009,0,DETERIORATING,DETERIORATING,IMPROVING
STU1926,Student 1926,Engineering College A,Business,B.Tech,2,1,2023,0,Fall 2025,2.73,2.49,0,0,100.0,89.1,95.3,85.7,71,58,0.23999999999999977,10.900000000000006,9.599999999999994,13,IMPROVING,IMPROVING,IMPROVING
STU1927,Student 1927,Engineering College A,Business,B.Tech,3,1,2023,0,Fall 2025,3.19,2.37,0,1,100.0,91.0,90.1,75.3,53,45,0.8199999999999998,9.0,14.799999999999997,8,IMPROVING,IMPROVING,IMPROVING
STU1928,Student 1928,Engineering College A,Mechanical,B.Tech,4,1,2023,1,Fall 2025,3.64,3.55,0,0,92.7,95.2,100.0,100.0,22,21,0.0900000000000003,-2.5,0.0,1,STABLE,DETERIORATING,STABLE
STU1929,Student 1929,Engineering College A,Computer Science,B.Tech,4,2,2023,0,Fall 2025,2.41,2.52,0,0,92.7,94.9,58.0,57.3,81,73,-0.10999999999999988,-2.200000000000003,0.7000000000000028,8,DETERIORATING,DETERIORATING,STABLE
STU1930,Student 1930,Engineering College A,Civil,B.Tech,3,1,2023,0,Fall 2025,3.9,4.0,0,0,85.2,85.1,62.5,68.3,36,24,-0.10000000000000009,0.10000000000000853,-5.799999999999997,12,DETERIORATING,STABLE,DETERIORATING
STU1931,Student 1931,Engineering College A,Business,B.Tech,4,2,2023,0,Fall 2025,2.99,2.88,0,0,85.2,81.0,79.7,81.1,20,17,0.11000000000000032,4.200000000000003,-1.3999999999999915,3,IMPROVING,IMPROVING,STABLE
STU1932,Student 1932,Engineering College A,Mechanical,B.Tech,2,2,2023,0,Fall 2025,3.41,3.65,0,0,53.5,64.8,79.6,88.2,17,25,-0.23999999999999977,-11.299999999999997,-8.600000000000009,-8,DETERIORATING,DETERIORATING,DETERIORATING
STU1933,Student 1933,Engineering College A,Computer Science,B.Tech,2,1,2023,0,Fall 2025,2.03,1.76,0,0,60.0,57.7,65.1,71.0,59,64,0.2699999999999998,2.299999999999997,-5.900000000000006,-5,IMPROVING,IMPROVING,DETERIORATING
STU1934,Student 1934,Engineering College A,Civil,B.Tech,1,2,2023,0,Fall 2025,2.94,2.5,0,0,100.0,94.8,87.1,91.8,60,48,0.43999999999999995,5.200000000000003,-4.700000000000003,12,IMPROVING,IMPROVING,STABLE
STU1935,Student 1935,Engineering College A,Civil,B.Tech,1,2,2023,1,Fall 2025,3.88,3.93,0,0,81.8,81.9,67.3,66.2,55,58,-0.050000000000000266,-0.10000000000000853,1.0999999999999943,-3,STABLE,STABLE,STABLE
STU1936,Student 1936,Engineering College A,Business,B.Tech,1,2,2023,0,Fall 2025,3.71,3.82,0,0,99.8,100.0,64.8,68.2,10,12,-0.10999999999999988,-0.20000000000000284,-3.4000000000000057,-2,DETERIORATING,STABLE,STABLE
STU1937,Student 1937,Engineering College A,Civil,B.Tech,1,1,2023,0,Fall 2025,4.0,3.8,0,0,95.3,93.5,100.0,100.0,45,56,0.20000000000000018,1.7999999999999972,0.0,-11,IMPROVING,STABLE,STABLE
STU1938,Student 1938,Engineering College A,Mechanical,B.Tech,1,2,2023,0,Fall 2025,3.25,3.29,0,0,61.1,60.0,75.4,61.3,30,29,-0.040000000000000036,1.1000000000000014,14.100000000000009,1,STABLE,STABLE,IMPROVING
STU1939,Student 1939,Engineering College A,Civil,B.Tech,4,2,2023,0,Fall 2025,2.83,3.05,0,0,85.1,92.8,63.8,75.3,21,19,-0.21999999999999975,-7.700000000000003,-11.5,2,DETERIORATING,DETERIORATING,DETERIORATING
STU1940,Student 1940,Engineering College A,Electrical,B.Tech,4,1,2023,0,Fall 2025,3.34,2.5,0,0,79.7,70.6,84.3,80.4,12,27,0.8399999999999999,9.100000000000009,3.8999999999999915,-15,IMPROVING,IMPROVING,STABLE
STU1941,Student 1941,Engineering College A,Mechanical,B.Tech,1,2,2023,0,Fall 2025,3.21,2.42,0,0,89.6,80.3,93.4,87.8,71,70,0.79,9.299999999999997,5.6000000000000085,1,IMPROVING,IMPROVING,IMPROVING
STU1942,Student 1942,Engineering College A,Computer Science,B.Tech,2,2,2023,0,Fall 2025,2.99,3.12,0,0,77.8,80.7,71.9,70.3,22,10,-0.1299999999999999,-2.9000000000000057,1.6000000000000085,12,DETERIORATING,DETERIORATING,STABLE
STU1943,Student 1943,Engineering College A,Computer Science,B.Tech,4,2,2023,0,Fall 2025,1.89,1.82,0,1,95.4,92.6,76.5,74.6,52,60,0.06999999999999984,2.8000000000000114,1.9000000000000057,-8,STABLE,IMPROVING,STABLE
STU1944,Student 1944,Engineering College A,Business,B.Tech,2,2,2023,0,Fall 2025,2.53,2.91,0,0,100.0,96.7,59.0,73.4,37,45,0.0,3.299999999999997,-14.400000000000006,-8,UNKNOWN,IMPROVING,DETERIORATING
STU1945,Student 1945,Engineering College A,Business,B.Tech,2,2,2023,0,Fall 2025,2.4,2.49,0,0,60.0,60.2,64.3,75.6,52,45,-0.0900000000000003,-0.20000000000000284,-11.299999999999997,7,STABLE,STABLE,DETERIORATING
STU1946,Student 1946,Engineering College A,Electrical,B.Tech,3,1,2023,0,Fall 2025,3.28,3.03,1,0,83.6,88.5,69.7,79.7,40,31,0.25,-4.900000000000006,-10.0,9,IMPROVING,DETERIORATING,DETERIORATING
STU1947,Student 1947,Engineering College A,Computer Science,B.Tech,3,2,2023,0,Fall 2025,2.9,3.14,0,0,94.6,100.0,80.9,85.1,69,64,-0.2400000000000002,-5.400000000000006,-4.199999999999989,5,DETERIORATING,DETERIORATING,STABLE
STU1948,Student 1948,Engineering College A,Computer Science,B.Tech,1,1,2023,0,Fall 2025,3.28,3.4,1,0,95.9,100.0,85.3,79.0,66,70,-0.1200000000000001,-4.099999999999994,6.299999999999997,-4,DETERIORATING,DETERIORATING,IMPROVING
STU1949,Student 1949,Engineering College A,Computer Science,B.Tech,2,2,2023,0,Fall 2025,2.74,2.54,0,0,63.4,66.4,52.1,58.4,37,50,0.20000000000000018,-3.000000000000007,-6.299999999999997,-13,IMPROVING,DETERIORATING,DETERIORATING
STU1950,Student 1950,Engineering College A,Computer Science,B.Tech,4,1,2023,0,Fall 2025,2.32,2.39,1,2,80.7,83.1,84.8,82.3,26,31,-0.07000000000000028,-2.3999999999999915,2.5,-5,STABLE,DETERIORATING,STABLE
STU1951,Student 1951,Engineering College A,Civil,B.Tech,3,1,2023,0,Fall 2025,3.47,3.65,0,0,85.1,97.5,58.6,63.2,19,23,-0.17999999999999972,-12.400000000000006,-4.600000000000001,-4,DETERIORATING,DETERIORATING,STABLE
STU1952,Student 1952,Engineering College A,Mechanical,B.Tech,3,1,2023,0,Fall 2025,2.94,3.34,0,0,60.6,74.8,83.5,76.0,79,66,-0.3999999999999999,-14.199999999999996,7.5,13,DETERIORATING,DETERIORATING,IMPROVING
STU1953,Student 1953,Engineering College A,Mechanical,B.Tech,2,2,2023,0,Fall 2025,3.73,3.47,0,0,86.1,86.7,100.0,89.0,49,51,0.2599999999999998,-0.6000000000000085,11.0,-2,IMPROVING,STABLE,IMPROVING
STU1954,Student 1954,Engineering College A,Electrical,B.Tech,3,2,2023,0,Fall 2025,2.57,2.88,0,0,75.8,89.2,67.7,73.0,100,89,-0.31000000000000005,-13.400000000000006,-5.299999999999997,11,DETERIORATING,DETERIORATING,DETERIORATING
STU1955,Student 1955,Engineering College A,Civil,B.Tech,3,2,2023,1,Fall 2025,2.83,3.34,3,1,44.3,69.2,67.4,86.4,0,13,-0.5099999999999998,-24.900000000000006,-19.0,-13,DETERIORATING,DETERIORATING,DETERIORATING
STU1956,Student 1956,Engineering College A,Computer Science,B.Tech,4,2,2023,0,Fall 2025,1.86,2.44,1,1,63.7,82.5,36.1,60.9,49,55,-0.5799999999999998,-18.799999999999997,-24.799999999999997,-6,DETERIORATING,DETERIORATING,DETERIORATING
STU1957,Student 1957,Engineering College A,Computer Science,B.Tech,2,2,2023,0,Fall 2025,1.87,1.78,1,0,87.9,92.0,75.0,77.3,24,30,0.09000000000000008,-4.099999999999994,-2.299999999999997,-6,STABLE,DETERIORATING,STABLE
STU1958,Student 1958,Engineering College A,Business,B.Tech,3,1,2023,1,Fall 2025,3.12,2.99,0,0,67.4,71.7,100.0,100.0,28,18,0.1299999999999999,-4.299999999999997,0.0,10,IMPROVING,DETERIORATING,STABLE
STU1959,Student 1959,Engineering College A,Business,B.Tech,2,1,2023,0,Fall 2025,3.51,3.24,0,0,81.8,80.0,64.3,78.5,35,48,0.2699999999999996,1.7999999999999972,-14.200000000000003,-13,IMPROVING,STABLE,DETERIORATING
STU1960,Student 1960,Engineering College A,Electrical,B.Tech,3,1,2023,0,Fall 2025,2.89,2.96,1,0,90.2,85.5,75.3,63.7,50,56,-0.06999999999999984,4.700000000000003,11.599999999999994,-6,STABLE,IMPROVING,IMPROVING
STU1961,Student 1961,Engineering College A,Computer Science,B.Tech,4,2,2023,0,Fall 2025,3.1,2.26,0,0,82.3,75.8,74.9,70.6,19,13,0.8400000000000003,6.5,4.300000000000011,6,IMPROVING,IMPROVING,STABLE
STU1962,Student 1962,Engineering College A,Electrical,B.Tech,2,2,2023,0,Fall 2025,2.66,2.69,0,1,70.1,71.0,69.3,72.9,65,64,-0.029999999999999805,-0.9000000000000057,-3.6000000000000085,1,STABLE,STABLE,STABLE
STU1963,Student 1963,Engineering College A,Civil,B.Tech,3,1,2023,0,Fall 2025,3.5,3.21,0,1,91.1,91.7,74.3,73.6,36,31,0.29000000000000004,-0.6000000000000085,0.7000000000000028,5,IMPROVING,STABLE,STABLE
STU1964,Student 1964,Engineering College A,Mechanical,B.Tech,4,2,2023,1,Fall 2025,2.03,1.94,2,0,87.2,84.8,70.3,80.6,67,57,0.08999999999999986,2.4000000000000057,-10.299999999999997,10,STABLE,IMPROVING,DETERIORATING
STU1965,Student 1965,Engineering College A,Computer Science,B.Tech,3,2,2023,0,Fall 2025,3.56,3.5,0,0,83.1,87.0,75.6,66.7,81,80,0.06000000000000005,-3.9000000000000057,8.899999999999991,1,STABLE,DETERIORATING,IMPROVING
STU1966,Student 1966,Engineering College A,Civil,B.Tech,2,1,2023,0,Fall 2025,2.06,1.78,0,0,100.0,84.7,60.3,72.1,45,56,0.28,15.299999999999997,-11.799999999999997,-11,IMPROVING,IMPROVING,DETERIORATING
STU1967,Student 1967,Engineering College A,Computer Science,B.Tech,3,1,2023,1,Fall 2025,2.57,2.71,1,2,78.6,79.5,95.4,92.7,13,20,-0.14000000000000012,-0.9000000000000057,2.700000000000003,-7,DETERIORATING,STABLE,STABLE
STU1968,Student 1968,Engineering College A,Business,B.Tech,2,2,2023,0,Fall 2025,2.74,3.1,0,0,69.5,74.9,71.8,86.3,11,21,-0.3599999999999999,-5.400000000000006,-14.5,-10,DETERIORATING,DETERIORATING,DETERIORATING
STU1969,Student 1969,Engineering College A,Electrical,B.Tech,2,2,2023,0,Fall 2025,2.3,2.02,0,1,72.5,76.1,85.1,91.4,10,14,0.2799999999999998,-3.5999999999999943,-6.300000000000011,-4,IMPROVING,DETERIORATING,DETERIORATING
STU1970,Student 1970,Engineering College A,Business,B.Tech,3,1,2023,0,Fall 2025,2.6,2.35,0,0,79.5,80.4,64.7,64.3,77,72,0.25,-0.9000000000000057,0.4000000000000057,5,IMPROVING,STABLE,STABLE
STU1971,Student 1971,Engineering College A,Mechanical,B.Tech,4,2,2023,0,Fall 2025,3.7,3.59,1,0,78.6,74.7,69.0,73.9,75,84,0.11000000000000032,3.8999999999999915,-4.900000000000006,-9,IMPROVING,IMPROVING,STABLE
STU1972,Student 1972,Engineering College A,Business,B.Tech,1,1,2023,0,Fall 2025,2.35,2.27,2,0,82.5,79.5,59.2,64.6,66,60,0.08000000000000007,3.0,-5.3999999999999915,6,STABLE,IMPROVING,DETERIORATING
STU1973,Student 1973,Engineering College A,Computer Science,B.Tech,4,1,2023,0,Fall 2025,3.91,4.0,0,0,73.8,81.6,86.5,89.5,53,50,-0.08999999999999986,-0.9000000000000057,-3.0,3,STABLE,UNKNOWN,STABLE
STU1974,Student 1974,Engineering College A,Business,B.Tech,4,1,2023,0,Fall 2025,2.83,2.91,0,0,89.7,87.1,31.7,44.1,75,85,-0.08000000000000007,2.6000000000000085,-12.400000000000002,-10,STABLE,IMPROVING,DETERIORATING
STU1975,Student 1975,Engineering College A,Computer Science,B.Tech,3,2,2023,0,Fall 2025,3.51,3.75,0,0,50.0,57.3,88.5,76.8,10,1,-0.2400000000000002,-7.299999999999997,11.700000000000003,9,DETERIORATING,DETERIORATING,IMPROVING
STU1976,Student 1976,Engineering College A,Mechanical,B.Tech,4,1,2023,1,Fall 2025,2.35,3.06,2,0,91.3,98.7,54.7,77.8,53,67,-0.71,-7.400000000000006,-23.099999999999994,-14,DETERIORATING,DETERIORATING,DETERIORATING
STU1977,Student 1977,Engineering College A,Business,B.Tech,4,1,2023,0,Fall 2025,2.52,1.59,0,0,83.2,66.4,67.1,61.9,20,27,0.9299999999999999,16.799999999999997,5.199999999999996,-7,IMPROVING,IMPROVING,IMPROVING
STU1978,Student 1978,Engineering College A,Electrical,B.Tech,1,2,2023,0,Fall 2025,2.27,1.83,0,0,94.8,83.2,70.3,74.5,30,22,0.43999999999999995,11.599999999999994,-4.200000000000003,8,IMPROVING,IMPROVING,STABLE
STU1979,Student 1979,Engineering College A,Electrical,B.Tech,4,1,2023,1,Fall 2025,2.91,2.88,2,2,36.7,74.5,30.2,59.3,0,9,0.03000000000000025,-37.8,-29.099999999999998,-9,STABLE,DETERIORATING,DETERIORATING
STU1980,Student 1980,Engineering College A,Electrical,B.Tech,1,2,2023,0,Fall 2025,2.82,2.73,0,0,60.6,61.8,91.4,79.5,17,31,0.08999999999999986,-1.1999999999999957,11.900000000000006,-14,STABLE,STABLE,IMPROVING
STU1981,Student 1981,Engineering College A,Business,B.Tech,3,2,2023,0,Fall 2025,2.53,2.48,0,0,91.2,87.2,58.3,71.6,42,33,0.04999999999999982,4.0,-13.299999999999997,9,STABLE,IMPROVING,DETERIORATING
STU1982,Student 1982,Engineering College A,Business,B.Tech,1,2,2023,0,Fall 2025,3.77,3.65,0,0,92.0,89.3,56.3,64.2,52,55,0.1200000000000001,2.700000000000003,-7.900000000000006,-3,IMPROVING,IMPROVING,DETERIORATING
STU1983,Student 1983,Engineering College A,Business,B.Tech,2,1,2023,0,Fall 2025,3.98,4.0,0,1,99.1,94.7,90.0,94.7,27,24,-0.020000000000000018,4.3999999999999915,-4.700000000000003,3,STABLE,IMPROVING,STABLE
STU1984,Student 1984,Engineering College A,Computer Science,B.Tech,2,1,2023,0,Fall 2025,3.93,3.67,0,0,60.0,58.1,66.5,64.7,19,8,0.26000000000000023,1.8999999999999986,1.7999999999999972,11,IMPROVING,STABLE,STABLE
STU1985,Student 1985,Engineering College A,Mechanical,B.Tech,1,2,2023,0,Fall 2025,2.44,2.56,0,0,79.3,76.6,85.7,78.2,58,48,-0.1200000000000001,2.700000000000003,7.5,10,DETERIORATING,IMPROVING,IMPROVING
STU1986,Student 1986,Engineering College A,Electrical,B.Tech,2,2,2023,0,Fall 2025,2.54,2.46,0,0,89.7,88.3,84.9,89.8,54,46,0.08000000000000007,1.4000000000000057,-4.8999999999999915,8,STABLE,STABLE,STABLE
STU1987,Student 1987,Engineering College A,Computer Science,B.Tech,3,2,2023,1,Fall 2025,3.24,3.67,0,0,67.6,82.0,81.5,70.3,27,20,-0.4299999999999997,-14.400000000000006,11.200000000000003,7,DETERIORATING,DETERIORATING,IMPROVING
STU1988,Student 1988,Engineering College A,Electrical,B.Tech,2,1,2023,0,Fall 2025,3.08,3.04,0,0,96.6,100.0,82.4,76.6,33,31,0.040000000000000036,-3.4000000000000057,5.800000000000011,2,STABLE,DETERIORATING,IMPROVING
STU1989,Student 1989,Engineering College A,Computer Science,B.Tech,1,2,2023,0,Fall 2025,3.1,3.42,0,0,85.3,96.3,56.0,60.6,32,47,-0.31999999999999984,-11.0,-4.600000000000001,-15,DETERIORATING,DETERIORATING,STABLE
STU1990,Student 1990,Engineering College A,Business,B.Tech,3,2,2023,0,Fall 2025,2.72,2.24,0,0,97.4,87.9,55.0,63.9,51,42,0.48,9.5,-8.899999999999999,9,IMPROVING,IMPROVING,DETERIORATING
STU1991,Student 1991,Engineering College A,Electrical,B.Tech,2,2,2023,0,Fall 2025,2.0,1.47,0,0,97.2,81.7,43.0,56.7,13,17,0.53,15.5,-13.700000000000003,-4,IMPROVING,IMPROVING,DETERIORATING
STU1992,Student 1992,Engineering College A,Business,B.Tech,3,1,2023,0,Fall 2025,2.48,2.55,0,0,63.1,66.4,79.0,92.3,50,47,-0.06999999999999984,-3.3000000000000043,-13.299999999999997,3,STABLE,DETERIORATING,DETERIORATING
STU1993,Student 1993,Engineering College A,Electrical,B.Tech,1,2,2023,0,Fall 2025,1.84,1.6,1,0,100.0,81.6,93.0,78.6,31,44,0.24,-0.9000000000000057,14.400000000000006,-13,IMPROVING,UNKNOWN,IMPROVING
STU1994,Student 1994,Engineering College A,Civil,B.Tech,2,1,2023,0,Fall 2025,3.15,2.99,0,0,67.9,68.0,77.4,78.6,19,29,0.1599999999999997,-0.09999999999999432,-1.1999999999999886,-10,IMPROVING,STABLE,STABLE
STU1995,Student 1995,Engineering College A,Computer Science,B.Tech,3,1,2023,0,Fall 2025,2.58,2.51,1,0,88.9,89.7,61.1,55.9,57,60,0.07000000000000028,-0.7999999999999972,5.200000000000003,-3,STABLE,STABLE,IMPROVING
STU1996,Student 1996,Engineering College A,Civil,B.Tech,3,2,2023,0,Fall 2025,3.71,3.63,0,0,81.9,83.4,81.1,79.9,74,70,0.08000000000000007,-1.5,1.1999999999999886,4,STABLE,STABLE,STABLE
STU1997,Student 1997,Engineering College A,Computer Science,B.Tech,2,2,2023,1,Fall 2025,1.94,2.58,2,2,78.4,85.9,75.6,85.4,4,21,-0.6400000000000001,-7.5,-9.800000000000011,-17,DETERIORATING,DETERIORATING,DETERIORATING
STU1998,Student 1998,Engineering College A,Mechanical,B.Tech,3,2,2023,1,Fall 2025,2.43,2.64,0,0,58.1,63.4,86.7,80.5,37,27,-0.20999999999999996,-5.299999999999997,6.200000000000003,10,DETERIORATING,DETERIORATING,IMPROVING
STU1999,Student 1999,Engineering College A,Electrical,B.Tech,3,1,2023,0,Fall 2025,3.02,3.16,0,0,85.0,83.0,87.9,91.7,35,41,-0.14000000000000012,2.0,-3.799999999999997,-6,DETERIORATING,STABLE,STABLE
STU2000,Student 2000,Engineering College A,Mechanical,B.Tech,1,1,2023,0,Fall 2025,1.77,1.96,0,0,92.5,89.5,71.3,67.7,55,65,-0.18999999999999995,3.0,3.5999999999999943,-10,DETERIORATING,IMPROVING,STABLE
STU2001,Student 2001,Engineering College A,Mechanical,B.Tech,1,1,2023,0,Fall 2025,3.72,3.84,0,0,90.8,100.0,94.9,92.1,25,23,-0.11999999999999966,-9.200000000000003,2.8000000000000114,2,DETERIORATING,DETERIORATING,STABLE
STU2002,Student 2002,Engineering College A,Computer Science,B.Tech,1,2,2023,0,Fall 2025,3.03,3.06,0,0,77.0,73.8,53.7,62.9,54,53,-0.03000000000000025,3.200000000000003,-9.199999999999996,1,STABLE,IMPROVING,DETERIORATING
STU2003,Student 2003,Engineering College A,Civil,B.Tech,1,1,2023,1,Fall 2025,2.5,2.26,0,0,60.0,94.4,63.9,86.3,35,59,0.2400000000000002,-34.400000000000006,-22.4,-24,IMPROVING,DETERIORATING,DETERIORATING
STU2004,Student 2004,Engineering College A,Business,B.Tech,1,2,2023,1,Fall 2025,2.68,2.19,0,0,100.0,97.1,100.0,94.1,10,21,0.4900000000000002,2.9000000000000057,5.900000000000006,-11,IMPROVING,IMPROVING,IMPROVING
STU2005,Student 2005,Engineering College A,Computer Science,B.Tech,1,2,2023,0,Fall 2025,3.22,3.09,1,0,94.6,92.8,70.0,70.2,71,66,0.13000000000000034,1.7999999999999972,-0.20000000000000284,5,IMPROVING,STABLE,STABLE
STU2006,Student 2006,Engineering College A,Business,B.Tech,2,2,2023,0,Fall 2025,2.51,2.63,1,0,72.7,81.3,80.1,86.1,10,10,-0.1200000000000001,-8.599999999999994,-6.0,0,DETERIORATING,DETERIORATING,DETERIORATING
STU2007,Student 2007,Engineering College A,Mechanical,B.Tech,1,1,2023,0,Fall 2025,3.15,3.12,0,0,79.5,80.2,82.8,90.0,39,46,0.029999999999999805,-0.7000000000000028,-7.200000000000003,-7,STABLE,STABLE,DETERIORATING
STU2008,Student 2008,Engineering College A,Business,B.Tech,3,1,2023,1,Fall 2025,3.7,3.7,0,0,67.4,65.1,91.5,100.0,21,31,0.0,2.3000000000000114,-8.5,-10,STABLE,IMPROVING,DETERIORATING
STU2009,Student 2009,Engineering College A,Civil,B.Tech,2,1,2023,0,Fall 2025,1.72,1.66,1,1,83.7,87.4,68.6,79.8,28,42,0.06000000000000005,-3.700000000000003,-11.200000000000003,-14,STABLE,DETERIORATING,DETERIORATING
STU2010,Student 2010,Engineering College A,Computer Science,B.Tech,3,2,2023,0,Fall 2025,2.84,2.7,0,0,79.1,79.1,86.6,73.1,12,25,0.13999999999999968,0.0,13.5,-13,IMPROVING,STABLE,IMPROVING
STU2011,Student 2011,Engineering College A,Civil,B.Tech,1,1,2023,0,Fall 2025,2.98,2.18,0,0,100.0,99.6,72.8,65.1,56,48,0.7999999999999998,0.4000000000000057,7.700000000000003,8,IMPROVING,STABLE,IMPROVING
STU2012,Student 2012,Engineering College A,Civil,B.Tech,1,1,2023,0,Fall 2025,2.74,2.39,0,0,95.2,88.8,96.5,94.2,45,33,0.3500000000000001,6.400000000000006,2.299999999999997,12,IMPROVING,IMPROVING,STABLE
STU2013,Student 2013,Engineering College A,Computer Science,B.Tech,3,2,2023,0,Fall 2025,2.12,2.43,1,1,85.8,95.7,54.7,78.3,47,56,-0.31000000000000005,-9.900000000000006,-23.599999999999994,-9,DETERIORATING,DETERIORATING,DETERIORATING
STU2014,Student 2014,Engineering College A,Civil,B.Tech,3,2,2023,0,Fall 2025,3.22,3.27,0,0,85.2,86.4,75.9,88.1,14,13,-0.04999999999999982,-1.2000000000000028,-12.199999999999989,1,STABLE,STABLE,DETERIORATING
STU2015,Student 2015,Engineering College A,Electrical,B.Tech,3,1,2023,0,Fall 2025,2.1,2.56,0,0,84.0,94.5,90.3,91.9,28,43,-0.45999999999999996,-10.5,-1.6000000000000085,-15,DETERIORATING,DETERIORATING,STABLE
STU2016,Student 2016,Engineering College A,Electrical,B.Tech,4,2,2023,0,Fall 2025,3.96,3.76,0,0,86.5,83.7,79.1,87.8,49,42,0.20000000000000018,2.799999999999997,-8.700000000000003,7,IMPROVING,IMPROVING,DETERIORATING
STU2017,Student 2017,Engineering College A,Electrical,B.Tech,4,1,2023,0,Fall 2025,3.36,3.19,0,1,95.7,91.2,78.0,78.0,69,74,0.16999999999999993,4.5,0.0,-5,IMPROVING,IMPROVING,STABLE
STU2018,Student 2018,Engineering College A,Business,B.Tech,4,2,2023,1,Fall 2025,2.26,3.02,1,2,64.4,77.7,40.8,60.0,21,44,-0.7600000000000002,-13.299999999999997,-19.200000000000003,-23,DETERIORATING,DETERIORATING,DETERIORATING
STU2019,Student 2019,Engineering College A,Civil,B.Tech,4,2,2023,0,Fall 2025,2.2,2.27,0,1,77.5,72.8,95.5,95.4,55,45,-0.06999999999999984,4.700000000000003,0.09999999999999432,10,STABLE,IMPROVING,STABLE
STU2020,Student 2020,Engineering College A,Computer Science,B.Tech,2,1,2023,1,Fall 2025,2.44,2.24,1,0,92.4,88.9,73.6,86.3,50,38,0.19999999999999973,3.5,-12.700000000000003,12,IMPROVING,IMPROVING,DETERIORATING
STU2021,Student 2021,Engineering College A,Computer Science,B.Tech,1,2,2023,1,Fall 2025,2.5,1.54,3,2,55.6,87.7,53.9,70.9,47,71,0.96,-32.1,-17.000000000000007,-24,IMPROVING,DETERIORATING,DETERIORATING
STU2022,Student 2022,Engineering College A,Business,B.Tech,3,2,2023,0,Fall 2025,3.2,3.12,0,0,85.3,84.1,73.6,76.1,67,53,0.08000000000000007,1.2000000000000028,-2.5,14,STABLE,STABLE,STABLE
STU2023,Student 2023,Engineering College A,Computer Science,B.Tech,1,2,2023,1,Fall 2025,2.03,3.44,0,1,79.7,100.0,46.3,62.5,18,28,-1.4100000000000001,-20.299999999999997,-16.200000000000003,-10,DETERIORATING,DETERIORATING,DETERIORATING
STU2024,Student 2024,Engineering College A,Electrical,B.Tech,3,1,2023,0,Fall 2025,2.97,2.85,2,0,73.9,78.9,85.4,72.7,27,18,0.1200000000000001,-5.0,12.700000000000003,9,IMPROVING,DETERIORATING,IMPROVING
STU2025,Student 2025,Engineering College A,Civil,B.Tech,1,2,2023,0,Fall 2025,2.46,2.41,0,1,88.8,87.8,73.8,72.0,40,52,0.04999999999999982,1.0,1.7999999999999972,-12,STABLE,STABLE,STABLE
STU2026,Student 2026,Engineering College A,Computer Science,B.Tech,2,2,2023,0,Fall 2025,3.07,3.15,0,0,93.9,94.0,70.6,63.7,46,48,-0.08000000000000007,-0.09999999999999432,6.8999999999999915,-2,STABLE,STABLE,IMPROVING
STU2027,Student 2027,Engineering College A,Computer Science,B.Tech,4,1,2023,0,Fall 2025,3.21,3.3,0,0,69.8,74.0,78.9,77.0,10,19,-0.08999999999999986,-4.200000000000003,1.9000000000000057,-9,STABLE,DETERIORATING,STABLE
STU2028,Student 2028,Engineering College A,Mechanical,B.Tech,1,1,2023,1,Fall 2025,1.99,3.65,3,2,21.0,57.2,69.9,77.2,49,60,-1.66,-36.2,-7.299999999999997,-11,DETERIORATING,DETERIORATING,DETERIORATING
STU2029,Student 2029,Engineering College A,Mechanical,B.Tech,3,2,2023,0,Fall 2025,2.62,2.52,0,0,95.5,92.1,72.3,75.7,43,31,0.10000000000000009,3.4000000000000057,-3.4000000000000057,12,IMPROVING,IMPROVING,STABLE
STU2030,Student 2030,Engineering College A,Mechanical,B.Tech,1,2,2023,0,Fall 2025,3.02,2.77,0,0,75.7,71.2,99.2,92.1,49,43,0.25,4.5,7.1000000000000085,6,IMPROVING,IMPROVING,IMPROVING
STU2031,Student 2031,Engineering College A,Civil,B.Tech,2,2,2023,0,Fall 2025,2.72,2.85,0,0,88.2,85.2,97.1,98.5,75,66,-0.1299999999999999,3.0,-1.4000000000000057,9,DETERIORATING,IMPROVING,STABLE
STU2032,Student 2032,Engineering College A,Electrical,B.Tech,2,1,2023,0,Fall 2025,3.49,2.91,0,0,85.8,88.4,63.6,67.2,10,7,0.0,-2.6000000000000085,-3.6000000000000014,3,UNKNOWN,DETERIORATING,STABLE
STU2033,Student 2033,Engineering College A,Electrical,B.Tech,1,2,2023,0,Fall 2025,3.75,3.88,1,0,66.0,77.4,50.8,60.5,25,15,-0.1299999999999999,-11.400000000000006,-9.700000000000003,10,DETERIORATING,DETERIORATING,DETERIORATING
STU2034,Student 2034,Engineering College A,Electrical,B.Tech,4,1,2023,1,Fall 2025,2.14,2.52,0,2,63.0,75.4,73.4,88.6,16,36,-0.3799999999999999,-12.400000000000006,-15.199999999999989,-20,DETERIORATING,DETERIORATING,DETERIORATING
STU2035,Student 2035,Engineering College A,Civil,B.Tech,3,1,2023,0,Fall 2025,2.56,2.51,0,0,79.2,81.9,83.5,72.2,21,31,0.050000000000000266,-2.700000000000003,11.299999999999997,-10,STABLE,DETERIORATING,IMPROVING
STU2036,Student 2036,Engineering College A,Civil,B.Tech,2,2,2023,0,Fall 2025,2.79,2.95,0,0,67.1,64.5,79.4,76.9,75,65,-0.16000000000000014,2.5999999999999943,2.5,10,DETERIORATING,IMPROVING,STABLE
STU2037,Student 2037,Engineering College A,Mechanical,B.Tech,2,2,2023,0,Fall 2025,4.0,4.0,0,0,79.5,77.7,63.6,68.1,76,65,0.0,1.7999999999999972,-4.499999999999993,11,STABLE,STABLE,STABLE
STU2038,Student 2038,Engineering College A,Computer Science,B.Tech,1,1,2023,0,Fall 2025,3.54,3.3,0,0,60.0,45.3,69.8,73.8,25,35,0.2400000000000002,14.700000000000003,-4.0,-10,IMPROVING,IMPROVING,STABLE
STU2039,Student 2039,Engineering College A,Business,B.Tech,2,2,2023,1,Fall 2025,3.61,3.48,0,0,72.1,72.2,66.0,75.7,25,37,0.1299999999999999,-0.10000000000000853,-9.700000000000003,-12,IMPROVING,STABLE,DETERIORATING
STU2040,Student 2040,Engineering College A,Business,B.Tech,2,2,2023,1,Fall 2025,2.48,1.65,0,0,100.0,94.2,89.3,93.1,17,5,0.8300000000000001,5.799999999999997,-3.799999999999997,12,IMPROVING,IMPROVING,STABLE
STU2041,Student 2041,Engineering College A,Computer Science,B.Tech,3,1,2023,1,Fall 2025,2.77,3.77,2,0,36.0,64.9,46.1,61.4,37,53,-1.0,-28.900000000000006,-15.299999999999997,-16,DETERIORATING,DETERIORATING,DETERIORATING
STU2042,Student 2042,Engineering College A,Mechanical,B.Tech,4,2,2023,0,Fall 2025,3.11,3.07,0,0,73.4,73.8,74.2,68.5,33,48,0.040000000000000036,-0.3999999999999915,5.700000000000003,-15,STABLE,STABLE,IMPROVING
STU2043,Student 2043,Engineering College A,Computer Science,B.Tech,3,1,2023,0,Fall 2025,3.97,4.0,0,0,83.5,87.8,91.7,82.6,14,5,-0.029999999999999805,-4.299999999999997,9.100000000000009,9,STABLE,DETERIORATING,IMPROVING
STU2044,Student 2044,Engineering College A,Computer Science,B.Tech,4,2,2023,0,Fall 2025,2.37,2.56,0,0,78.4,77.6,76.3,86.8,10,16,-0.18999999999999995,0.8000000000000114,-10.5,-6,DETERIORATING,STABLE,DETERIORATING
STU2045,Student 2045,Engineering College A,Business,B.Tech,3,1,2023,1,Fall 2025,3.17,3.42,0,2,59.1,69.2,80.3,87.1,27,38,-0.25,-10.100000000000001,-6.799999999999997,-11,DETERIORATING,DETERIORATING,DETERIORATING
STU2046,Student 2046,Engineering College A,Mechanical,B.Tech,1,1,2023,0,Fall 2025,3.65,3.37,0,0,87.3,87.7,98.1,89.6,39,43,0.2799999999999998,-0.4000000000000057,8.5,-4,IMPROVING,STABLE,IMPROVING
STU2047,Student 2047,Engineering College A,Civil,B.Tech,2,2,2023,1,Fall 2025,3.04,2.44,1,0,100.0,81.5,56.8,69.3,10,10,0.6000000000000001,18.5,-12.5,0,IMPROVING,IMPROVING,DETERIORATING
STU2048,Student 2048,Engineering College A,Business,B.Tech,4,1,2023,0,Fall 2025,3.34,2.91,1,0,86.6,83.9,53.4,50.1,63,72,0.0,2.6999999999999886,3.299999999999997,-9,UNKNOWN,IMPROVING,STABLE
STU2049,Student 2049,Engineering College A,Civil,B.Tech,1,1,2023,0,Fall 2025,2.77,2.94,0,0,50.1,63.7,58.3,70.7,47,35,-0.16999999999999993,-13.600000000000001,-12.400000000000006,12,DETERIORATING,DETERIORATING,DETERIORATING
STU2050,Student 2050,Engineering College A,Mechanical,B.Tech,2,2,2023,0,Fall 2025,3.01,2.79,0,0,65.6,68.8,73.7,80.3,18,28,0.21999999999999975,-3.200000000000003,-6.599999999999994,-10,IMPROVING,DETERIORATING,DETERIORATING
STU2051,Student 2051,Engineering College A,Computer Science,B.Tech,2,2,2023,0,Fall 2025,3.44,3.35,1,0,75.0,70.0,70.3,80.1,32,40,0.08999999999999986,5.0,-9.799999999999997,-8,STABLE,IMPROVING,DETERIORATING
STU2052,Student 2052,Engineering College A,Electrical,B.Tech,2,2,2023,1,Fall 2025,2.96,2.29,0,0,90.6,77.9,100.0,89.6,27,36,0.6699999999999999,12.699999999999989,10.400000000000006,-9,IMPROVING,IMPROVING,IMPROVING
STU2053,Student 2053,Engineering College A,Electrical,B.Tech,3,1,2023,0,Fall 2025,2.85,3.12,2,1,58.2,69.2,65.1,65.6,60,49,-0.27,-11.0,-0.5,11,DETERIORATING,DETERIORATING,STABLE
STU2054,Student 2054,Engineering College A,Mechanical,B.Tech,1,1,2023,1,Fall 2025,2.99,3.22,1,2,62.1,74.3,60.4,80.1,16,28,-0.22999999999999998,-12.199999999999996,-19.699999999999996,-12,DETERIORATING,DETERIORATING,DETERIORATING
STU2055,Student 2055,Engineering College A,Electrical,B.Tech,1,1,2023,0,Fall 2025,3.22,3.14,0,0,73.4,73.3,68.9,82.2,64,57,0.08000000000000007,0.10000000000000853,-13.299999999999997,7,STABLE,STABLE,DETERIORATING
STU2056,Student 2056,Engineering College A,Civil,B.Tech,2,2,2023,0,Fall 2025,3.6,3.71,1,0,97.6,96.0,97.1,94.2,47,57,-0.10999999999999988,1.5999999999999943,2.8999999999999915,-10,DETERIORATING,STABLE,STABLE
STU2057,Student 2057,Engineering College A,Electrical,B.Tech,4,1,2023,0,Fall 2025,2.15,2.63,0,0,69.1,77.9,86.0,95.1,44,51,-0.48,-8.800000000000011,-9.099999999999994,-7,DETERIORATING,DETERIORATING,DETERIORATING
STU2058,Student 2058,Engineering College A,Mechanical,B.Tech,1,1,2023,0,Fall 2025,3.3,3.19,1,0,95.6,92.7,100.0,88.4,16,17,0.10999999999999988,2.8999999999999915,11.599999999999994,-1,IMPROVING,IMPROVING,IMPROVING
STU2059,Student 2059,Engineering College A,Mechanical,B.Tech,3,2,2023,0,Fall 2025,2.76,2.61,0,0,64.8,64.1,77.7,79.1,18,28,0.1499999999999999,0.7000000000000028,-1.3999999999999915,-10,IMPROVING,STABLE,STABLE
STU2060,Student 2060,Engineering College A,Civil,B.Tech,4,1,2023,0,Fall 2025,2.25,1.92,0,0,86.2,75.7,56.5,62.2,38,49,0.33000000000000007,10.5,-5.700000000000003,-11,IMPROVING,IMPROVING,DETERIORATING
STU2061,Student 2061,Engineering College A,Electrical,B.Tech,4,2,2023,0,Fall 2025,3.54,3.67,1,0,80.2,79.3,59.4,56.8,70,59,-0.1299999999999999,0.9000000000000057,2.6000000000000014,11,DETERIORATING,STABLE,STABLE
STU2062,Student 2062,Engineering College A,Electrical,B.Tech,4,2,2023,0,Fall 2025,3.88,4.0,0,0,90.0,89.9,85.1,75.0,38,47,-0.1200000000000001,0.09999999999999432,10.099999999999994,-9,DETERIORATING,STABLE,IMPROVING
STU2063,Student 2063,Engineering College A,Computer Science,B.Tech,4,2,2023,0,Fall 2025,3.03,3.15,0,0,94.0,91.4,89.2,74.8,65,57,-0.1200000000000001,2.5999999999999943,14.400000000000006,8,DETERIORATING,IMPROVING,IMPROVING
STU2064,Student 2064,Engineering College A,Business,B.Tech,1,1,2023,1,Fall 2025,1.95,2.43,0,0,51.0,60.2,93.7,92.3,37,35,-0.4800000000000002,-9.200000000000003,1.4000000000000057,2,DETERIORATING,DETERIORATING,STABLE
STU2065,Student 2065,Engineering College A,Mechanical,B.Tech,2,1,2023,0,Fall 2025,2.29,2.71,2,0,85.4,90.6,92.4,96.4,35,43,-0.41999999999999993,-5.199999999999989,-4.0,-8,DETERIORATING,DETERIORATING,STABLE
STU2066,Student 2066,Engineering College A,Computer Science,B.Tech,4,1,2023,0,Fall 2025,3.5,3.43,0,0,69.6,71.7,40.3,47.2,48,49,0.06999999999999984,-2.1000000000000085,-6.900000000000006,-1,STABLE,DETERIORATING,DETERIORATING
STU2067,Student 2067,Engineering College A,Mechanical,B.Tech,3,2,2023,0,Fall 2025,2.38,2.01,2,1,96.2,85.5,79.5,68.9,44,33,0.3700000000000001,10.700000000000003,10.599999999999994,11,IMPROVING,IMPROVING,IMPROVING
STU2068,Student 2068,Engineering College A,Computer Science,B.Tech,3,2,2023,0,Fall 2025,2.41,2.19,0,0,73.6,73.1,100.0,100.0,52,47,0.2200000000000002,0.5,0.0,5,IMPROVING,STABLE,STABLE
STU2069,Student 2069,Engineering College A,Business,B.Tech,2,2,2023,1,Fall 2025,2.37,2.64,2,2,73.8,87.8,98.9,88.1,20,32,-0.27,-14.0,10.800000000000011,-12,DETERIORATING,DETERIORATING,IMPROVING
STU2070,Student 2070,Engineering College A,Computer Science,B.Tech,1,1,2023,0,Fall 2025,2.95,2.32,0,0,100.0,97.9,97.4,85.5,48,48,0.6300000000000003,2.0999999999999943,11.900000000000006,0,IMPROVING,IMPROVING,IMPROVING
STU2071,Student 2071,Engineering College A,Mechanical,B.Tech,2,1,2023,0,Fall 2025,1.33,1.33,0,0,94.5,93.6,75.5,72.2,12,20,0.0,0.9000000000000057,3.299999999999997,-8,STABLE,STABLE,STABLE
STU2072,Student 2072,Engineering College A,Electrical,B.Tech,4,1,2023,0,Fall 2025,2.05,1.58,1,0,100.0,97.2,75.8,74.5,17,24,0.46999999999999975,2.799999999999997,1.2999999999999972,-7,IMPROVING,IMPROVING,STABLE
STU2073,Student 2073,Engineering College A,Mechanical,B.Tech,1,1,2023,0,Fall 2025,2.92,3.1,0,1,77.9,73.7,71.5,84.8,55,49,-0.18000000000000016,4.200000000000003,-13.299999999999997,6,DETERIORATING,IMPROVING,DETERIORATING
STU2074,Student 2074,Engineering College A,Civil,B.Tech,1,1,2023,1,Fall 2025,2.12,3.3,3,1,63.8,98.9,77.2,85.1,35,52,-1.1799999999999997,-35.10000000000001,-7.8999999999999915,-17,DETERIORATING,DETERIORATING,DETERIORATING
STU2075,Student 2075,Engineering College A,Civil,B.Tech,4,2,2023,1,Fall 2025,1.48,1.87,3,1,68.3,78.8,80.2,91.2,9,27,-0.3900000000000001,-10.5,-11.0,-18,DETERIORATING,DETERIORATING,DETERIORATING
STU2076,Student 2076,Engineering College A,Civil,B.Tech,3,1,2023,1,Fall 2025,3.16,3.14,1,2,60.0,99.3,46.9,70.7,35,56,0.020000000000000018,-39.3,-23.800000000000004,-21,STABLE,DETERIORATING,DETERIORATING
STU2077,Student 2077,Engineering College A,Civil,B.Tech,4,2,2023,0,Fall 2025,3.02,3.08,0,0,81.6,84.5,59.1,62.2,14,29,-0.06000000000000005,-2.9000000000000057,-3.1000000000000014,-15,STABLE,DETERIORATING,STABLE
STU2078,Student 2078,Engineering College A,Business,B.Tech,2,2,2023,0,Fall 2025,2.85,2.46,0,1,85.0,79.6,54.6,66.3,92,94,0.3900000000000001,5.400000000000006,-11.699999999999996,-2,IMPROVING,IMPROVING,DETERIORATING
STU2079,Student 2079,Engineering College A,Electrical,B.Tech,4,1,2023,1,Fall 2025,1.61,2.31,2,2,91.9,100.0,64.9,72.3,0,9,-0.7,-8.099999999999994,-7.3999999999999915,-9,DETERIORATING,DETERIORATING,DETERIORATING
STU2080,Student 2080,Engineering College A,Electrical,B.Tech,3,2,2023,0,Fall 2025,2.22,1.4,0,0,96.8,84.4,72.0,68.6,16,29,0.8200000000000003,12.399999999999991,3.4000000000000057,-13,IMPROVING,IMPROVING,STABLE
STU2081,Student 2081,Engineering College A,Mechanical,B.Tech,4,1,2023,0,Fall 2025,4.0,4.0,0,1,94.1,91.6,97.8,100.0,30,45,0.0,2.5,-2.200000000000003,-15,STABLE,IMPROVING,STABLE
STU2082,Student 2082,Engineering College A,Computer Science,B.Tech,2,1,2023,0,Fall 2025,3.04,3.45,0,0,61.2,75.0,85.3,100.0,21,31,-0.41000000000000014,-13.799999999999997,-14.700000000000003,-10,DETERIORATING,DETERIORATING,DETERIORATING
STU2083,Student 2083,Engineering College A,Mechanical,B.Tech,2,2,2023,0,Fall 2025,2.88,2.77,1,0,90.0,86.9,72.3,80.9,29,40,0.10999999999999988,3.0999999999999943,-8.600000000000009,-11,IMPROVING,IMPROVING,DETERIORATING
STU2084,Student 2084,Engineering College A,Mechanical,B.Tech,3,1,2023,1,Fall 2025,3.05,2.85,2,2,52.6,76.6,36.9,61.5,23,29,0.19999999999999973,-23.999999999999993,-24.6,-6,IMPROVING,DETERIORATING,DETERIORATING
STU2085,Student 2085,Engineering College A,Mechanical,B.Tech,2,1,2023,0,Fall 2025,3.14,3.02,0,0,82.0,82.0,84.0,84.9,40,31,0.1200000000000001,0.0,-0.9000000000000057,9,IMPROVING,STABLE,STABLE
STU2086,Student 2086,Engineering College A,Mechanical,B.Tech,2,2,2023,0,Fall 2025,2.49,2.02,0,0,90.2,80.2,84.7,98.0,11,0,0.4700000000000002,10.0,-13.299999999999997,11,IMPROVING,IMPROVING,DETERIORATING
STU2087,Student 2087,Engineering College A,Electrical,B.Tech,4,2,2023,0,Fall 2025,4.0,4.0,0,0,100.0,99.2,36.0,50.9,10,9,0.0,0.7999999999999972,-14.899999999999999,1,STABLE,STABLE,DETERIORATING
STU2088,Student 2088,Engineering College A,Computer Science,B.Tech,1,2,2023,1,Fall 2025,2.94,2.93,1,0,77.4,78.0,100.0,100.0,29,37,0.009999999999999787,-0.5999999999999943,0.0,-8,STABLE,STABLE,STABLE
STU2089,Student 2089,Engineering College A,Mechanical,B.Tech,2,2,2023,0,Fall 2025,2.71,1.95,0,0,92.2,84.1,66.6,53.3,27,42,0.76,8.100000000000009,13.299999999999997,-15,IMPROVING,IMPROVING,IMPROVING
STU2090,Student 2090,Engineering College A,Electrical,B.Tech,2,2,2023,0,Fall 2025,1.75,1.0,0,0,98.0,78.4,69.0,83.1,57,63,0.75,19.599999999999994,-14.099999999999994,-6,IMPROVING,IMPROVING,DETERIORATING
STU2091,Student 2091,Engineering College A,Mechanical,B.Tech,3,2,2023,0,Fall 2025,3.51,3.46,0,0,88.7,85.0,97.0,100.0,28,43,0.04999999999999982,3.700000000000003,-3.0,-15,STABLE,IMPROVING,STABLE
STU2092,Student 2092,Engineering College A,Civil,B.Tech,3,1,2023,1,Fall 2025,2.56,3.85,2,1,59.2,73.3,49.1,58.3,0,21,-1.29,-14.099999999999994,-9.199999999999996,-21,DETERIORATING,DETERIORATING,DETERIORATING
STU2093,Student 2093,Engineering College A,Mechanical,B.Tech,4,1,2023,0,Fall 2025,2.73,2.59,2,0,78.8,80.1,78.8,91.6,73,66,0.14000000000000012,-1.2999999999999972,-12.799999999999997,7,IMPROVING,STABLE,DETERIORATING
STU2094,Student 2094,Engineering College A,Mechanical,B.Tech,4,1,2023,0,Fall 2025,2.84,2.5,0,0,76.4,70.9,74.7,75.0,67,53,0.33999999999999986,5.5,-0.29999999999999716,14,IMPROVING,IMPROVING,STABLE
STU2095,Student 2095,Engineering College A,Business,B.Tech,2,2,2023,0,Fall 2025,2.51,2.05,0,0,98.1,79.6,99.5,100.0,91,87,0.45999999999999996,18.5,-0.5,4,IMPROVING,IMPROVING,STABLE
STU2096,Student 2096,Engineering College A,Civil,B.Tech,1,1,2023,0,Fall 2025,3.2,2.98,0,0,83.6,79.9,89.8,94.1,53,57,0.2200000000000002,3.6999999999999886,-4.299999999999997,-4,IMPROVING,IMPROVING,STABLE
STU2097,Student 2097,Engineering College A,Computer Science,B.Tech,1,2,2023,0,Fall 2025,4.0,3.97,0,0,74.8,79.8,70.1,63.8,30,32,0.029999999999999805,-5.0,6.299999999999997,-2,STABLE,DETERIORATING,IMPROVING
STU2098,Student 2098,Engineering College A,Mechanical,B.Tech,4,1,2023,0,Fall 2025,3.44,3.33,0,0,72.7,71.3,87.9,87.7,45,31,0.10999999999999988,1.4000000000000057,0.20000000000000284,14,IMPROVING,STABLE,STABLE
STU2099,Student 2099,Engineering College A,Computer Science,B.Tech,3,2,2023,0,Fall 2025,2.73,2.71,0,0,72.3,70.1,93.7,82.6,31,23,0.020000000000000018,2.200000000000003,11.100000000000009,8,STABLE,IMPROVING,IMPROVING
STU2100,Student 2100,Engineering College A,Civil,B.Tech,2,1,2023,0,Fall 2025,1.84,2.26,0,0,62.4,76.0,71.5,58.8,35,31,-0.4199999999999997,-13.600000000000001,12.700000000000003,4,DETERIORATING,DETERIORATING,IMPROVING
STU2101,Student 2101,Engineering College A,Mechanical,B.Tech,2,2,2023,1,Fall 2025,2.73,3.29,2,0,73.8,85.8,39.7,68.8,29,37,-0.56,-12.0,-29.099999999999994,-8,DETERIORATING,DETERIORATING,DETERIORATING
STU2102,Student 2102,Engineering College A,Business,B.Tech,1,2,2023,0,Fall 2025,3.22,2.98,0,0,75.0,78.6,86.9,84.3,10,13,0.2400000000000002,-3.5999999999999943,2.6000000000000085,-3,IMPROVING,DETERIORATING,STABLE
STU2103,Student 2103,Engineering College A,Electrical,B.Tech,4,2,2023,0,Fall 2025,1.38,1.0,0,0,82.3,69.9,67.0,71.1,40,48,0.3799999999999999,12.399999999999991,-4.099999999999994,-8,IMPROVING,IMPROVING,STABLE
STU2104,Student 2104,Engineering College A,Business,B.Tech,1,2,2023,0,Fall 2025,2.06,1.98,0,2,77.2,79.5,69.9,74.6,10,16,0.08000000000000007,-2.299999999999997,-4.699999999999989,-6,STABLE,DETERIORATING,STABLE
STU2105,Student 2105,Engineering College A,Business,B.Tech,1,1,2023,0,Fall 2025,2.5,2.29,0,0,100.0,98.8,70.3,59.1,70,69,0.20999999999999996,1.2000000000000028,11.199999999999996,1,IMPROVING,STABLE,IMPROVING
STU2106,Student 2106,Engineering College A,Electrical,B.Tech,4,1,2023,0,Fall 2025,3.23,3.4,0,0,73.1,77.4,97.6,100.0,56,66,-0.16999999999999993,-4.300000000000011,-2.4000000000000057,-10,DETERIORATING,DETERIORATING,STABLE
STU2107,Student 2107,Engineering College A,Electrical,B.Tech,3,2,2023,1,Fall 2025,2.55,2.86,1,1,60.9,83.6,75.8,97.1,19,40,-0.31000000000000005,-22.699999999999996,-21.299999999999997,-21,DETERIORATING,DETERIORATING,DETERIORATING
STU2108,Student 2108,Engineering College A,Electrical,B.Tech,2,2,2023,1,Fall 2025,2.6,3.07,2,0,69.9,92.9,92.6,99.3,29,53,-0.46999999999999975,-23.0,-6.700000000000003,-24,DETERIORATING,DETERIORATING,DETERIORATING
STU2109,Student 2109,Engineering College A,Mechanical,B.Tech,3,2,2023,0,Fall 2025,3.02,3.19,1,0,71.2,71.2,62.7,67.7,63,59,-0.16999999999999993,0.0,-5.0,4,DETERIORATING,STABLE,STABLE
STU2110,Student 2110,Engineering College A,Computer Science,B.Tech,4,1,2023,1,Fall 2025,1.71,3.71,1,2,52.3,65.0,49.3,74.6,0,4,-2.0,-12.700000000000003,-25.299999999999997,-4,DETERIORATING,DETERIORATING,DETERIORATING
STU2111,Student 2111,Engineering College A,Computer Science,B.Tech,4,2,2023,0,Fall 2025,4.0,3.86,0,0,89.6,88.1,92.9,100.0,42,51,0.14000000000000012,1.5,-7.099999999999994,-9,IMPROVING,STABLE,DETERIORATING
STU2112,Student 2112,Engineering College A,Electrical,B.Tech,2,2,2023,1,Fall 2025,2.97,2.76,0,0,90.6,86.4,53.8,61.8,77,75,0.2100000000000004,4.199999999999989,-8.0,2,IMPROVING,IMPROVING,DETERIORATING
STU2113,Student 2113,Engineering College A,Business,B.Tech,3,1,2023,0,Fall 2025,4.0,4.0,2,0,75.6,79.7,90.7,100.0,29,36,0.0,-4.1000000000000085,-9.299999999999997,-7,STABLE,DETERIORATING,DETERIORATING
STU2114,Student 2114,Engineering College A,Civil,B.Tech,2,2,2023,0,Fall 2025,3.13,3.91,2,1,79.1,100.0,63.1,78.1,52,65,-0.7800000000000002,-20.900000000000006,-14.999999999999993,-13,DETERIORATING,DETERIORATING,DETERIORATING
STU2115,Student 2115,Engineering College A,Electrical,B.Tech,1,2,2023,0,Fall 2025,3.21,3.25,0,0,94.5,93.9,85.5,100.0,50,52,-0.040000000000000036,0.5999999999999943,-14.5,-2,STABLE,STABLE,DETERIORATING
STU2116,Student 2116,Engineering College A,Business,B.Tech,1,1,2023,0,Fall 2025,3.92,3.93,0,0,64.8,68.2,94.3,84.3,56,56,-0.010000000000000231,-3.4000000000000057,10.0,0,STABLE,DETERIORATING,IMPROVING
STU2117,Student 2117,Engineering College A,Business,B.Tech,1,2,2023,0,Fall 2025,3.93,3.65,0,0,98.5,96.6,100.0,99.5,29,35,0.28000000000000025,1.9000000000000057,0.5,-6,IMPROVING,STABLE,STABLE
STU2118,Student 2118,Engineering College A,Mechanical,B.Tech,3,2,2023,0,Fall 2025,2.84,2.76,1,1,93.1,97.4,87.2,100.0,11,10,0.08000000000000007,-4.300000000000011,-12.799999999999997,1,STABLE,DETERIORATING,DETERIORATING
STU2119,Student 2119,Engineering College A,Mechanical,B.Tech,1,1,2023,0,Fall 2025,2.84,3.02,0,0,96.6,95.5,68.1,82.0,31,24,-0.18000000000000016,1.0999999999999943,-13.900000000000006,7,DETERIORATING,STABLE,DETERIORATING
STU2120,Student 2120,Engineering College A,Computer Science,B.Tech,2,2,2023,1,Fall 2025,2.73,3.37,1,1,67.5,82.6,63.4,91.6,25,35,-0.6400000000000001,-15.099999999999994,-28.199999999999996,-10,DETERIORATING,DETERIORATING,DETERIORATING
STU2121,Student 2121,Engineering College A,Computer Science,B.Tech,3,1,2023,0,Fall 2025,2.07,1.57,0,0,99.7,81.6,53.0,67.5,10,20,0.4999999999999998,-0.9000000000000057,-14.5,-10,IMPROVING,UNKNOWN,DETERIORATING
STU2122,Student 2122,Engineering College A,Civil,B.Tech,2,2,2023,0,Fall 2025,2.91,2.29,0,2,76.0,62.8,73.5,82.6,61,57,0.6200000000000001,13.200000000000003,-9.099999999999994,4,IMPROVING,IMPROVING,DETERIORATING
STU2123,Student 2123,Engineering College A,Civil,B.Tech,4,2,2023,0,Fall 2025,2.13,2.29,1,0,76.2,93.4,60.6,70.5,22,41,-0.16000000000000014,-17.200000000000003,-9.899999999999999,-19,DETERIORATING,DETERIORATING,DETERIORATING
STU2124,Student 2124,Engineering College A,Civil,B.Tech,3,2,2023,0,Fall 2025,2.25,1.99,0,0,89.2,89.8,87.2,77.0,35,36,0.26,-0.5999999999999943,10.200000000000003,-1,IMPROVING,STABLE,IMPROVING
STU2125,Student 2125,Engineering College A,Civil,B.Tech,2,2,2023,1,Fall 2025,2.92,3.17,3,2,62.0,85.5,71.7,89.6,44,59,-0.25,-23.5,-17.89999999999999,-15,DETERIORATING,DETERIORATING,DETERIORATING
STU2126,Student 2126,Engineering College A,Business,B.Tech,2,2,2023,0,Fall 2025,4.0,3.84,0,0,93.6,94.4,58.0,72.9,36,37,0.16000000000000014,-0.8000000000000114,-14.900000000000006,-1,IMPROVING,STABLE,DETERIORATING
STU2127,Student 2127,Engineering College A,Business,B.Tech,3,1,2023,0,Fall 2025,3.57,3.31,0,0,65.9,70.5,98.2,89.1,44,55,0.2599999999999998,-4.599999999999994,9.100000000000009,-11,IMPROVING,DETERIORATING,IMPROVING
STU2128,Student 2128,Engineering College A,Computer Science,B.Tech,4,2,2023,0,Fall 2025,2.56,2.91,0,0,77.3,78.1,39.4,40.9,51,48,0.0,-0.7999999999999972,-1.5,3,UNKNOWN,STABLE,STABLE
STU2129,Student 2129,Engineering College A,Mechanical,B.Tech,3,2,2023,1,Fall 2025,3.38,3.29,0,1,50.7,83.6,47.0,64.5,0,20,0.08999999999999986,-32.89999999999999,-17.5,-20,STABLE,DETERIORATING,DETERIORATING
STU2130,Student 2130,Engineering College A,Mechanical,B.Tech,1,1,2023,0,Fall 2025,3.41,3.31,1,0,69.9,65.7,82.3,68.8,65,55,0.10000000000000009,4.200000000000003,13.5,10,IMPROVING,IMPROVING,IMPROVING
STU2131,Student 2131,Engineering College A,Electrical,B.Tech,1,1,2023,1,Fall 2025,3.04,2.95,0,0,92.6,90.7,56.1,64.9,51,45,0.08999999999999986,1.8999999999999915,-8.800000000000004,6,STABLE,STABLE,DETERIORATING
STU2132,Student 2132,Engineering College A,Business,B.Tech,4,2,2023,0,Fall 2025,3.2,3.25,0,0,70.3,71.9,70.6,70.9,84,70,-0.04999999999999982,-1.6000000000000085,-0.30000000000001137,14,STABLE,STABLE,STABLE
STU2133,Student 2133,Engineering College A,Civil,B.Tech,2,1,2023,0,Fall 2025,4.0,4.0,1,0,99.1,100.0,77.1,88.9,48,58,0.0,-0.9000000000000057,-11.800000000000011,-10,STABLE,STABLE,DETERIORATING
STU2134,Student 2134,Engineering College A,Civil,B.Tech,2,2,2023,0,Fall 2025,2.41,2.47,1,0,86.0,85.0,83.5,75.9,22,29,-0.06000000000000005,1.0,7.599999999999994,-7,STABLE,STABLE,IMPROVING
STU2135,Student 2135,Engineering College A,Electrical,B.Tech,2,1,2023,1,Fall 2025,2.93,3.19,0,0,67.4,76.9,69.4,81.0,100,97,-0.2599999999999998,-9.5,-11.599999999999994,3,DETERIORATING,DETERIORATING,DETERIORATING
STU2136,Student 2136,Engineering College A,Mechanical,B.Tech,3,1,2023,1,Fall 2025,1.08,1.65,0,0,72.1,87.2,40.9,66.4,31,47,-0.5699999999999998,-15.100000000000009,-25.500000000000007,-16,DETERIORATING,DETERIORATING,DETERIORATING
STU2137,Student 2137,Engineering College A,Civil,B.Tech,3,2,2023,0,Fall 2025,1.29,1.0,0,0,100.0,99.6,83.7,76.9,24,17,0.29000000000000004,0.4000000000000057,6.799999999999997,7,IMPROVING,STABLE,IMPROVING
STU2138,Student 2138,Engineering College A,Mechanical,B.Tech,4,1,2023,0,Fall 2025,3.15,3.24,0,0,77.7,79.2,100.0,96.0,28,34,-0.0900000000000003,-1.5,4.0,-6,STABLE,STABLE,STABLE
STU2139,Student 2139,Engineering College A,Electrical,B.Tech,1,2,2023,0,Fall 2025,2.56,2.55,0,0,80.0,75.4,85.9,87.5,43,31,0.010000000000000231,4.599999999999994,-1.5999999999999943,12,STABLE,IMPROVING,STABLE
STU2140,Student 2140,Engineering College A,Mechanical,B.Tech,2,1,2023,1,Fall 2025,3.64,3.59,2,2,35.2,55.3,35.6,55.4,34,55,0.050000000000000266,-20.099999999999994,-19.799999999999997,-21,STABLE,DETERIORATING,DETERIORATING
STU2141,Student 2141,Engineering College A,Mechanical,B.Tech,1,1,2023,0,Fall 2025,2.48,2.89,0,0,83.3,88.6,67.5,80.5,55,55,-0.41000000000000014,-5.299999999999997,-13.0,0,DETERIORATING,DETERIORATING,DETERIORATING
STU2142,Student 2142,Engineering College A,Mechanical,B.Tech,3,1,2023,0,Fall 2025,2.87,2.98,0,0,80.7,83.1,52.7,41.9,49,40,-0.10999999999999988,-2.3999999999999915,10.800000000000004,9,DETERIORATING,DETERIORATING,IMPROVING
STU2143,Student 2143,Engineering College A,Civil,B.Tech,3,2,2023,0,Fall 2025,3.88,4.0,0,0,77.2,78.3,59.5,65.5,42,40,-0.1200000000000001,-1.0999999999999943,-6.0,2,DETERIORATING,STABLE,DETERIORATING
STU2144,Student 2144,Engineering College A,Computer Science,B.Tech,3,2,2023,1,Fall 2025,3.78,3.5,0,0,81.0,82.3,76.2,82.1,23,33,0.2799999999999998,-1.2999999999999972,-5.8999999999999915,-10,IMPROVING,STABLE,DETERIORATING
STU2145,Student 2145,Engineering College A,Business,B.Tech,1,1,2023,0,Fall 2025,2.96,2.7,1,0,95.2,91.5,64.9,70.6,22,30,0.2599999999999998,3.700000000000003,-5.699999999999989,-8,IMPROVING,IMPROVING,DETERIORATING
STU2146,Student 2146,Engineering College A,Mechanical,B.Tech,4,2,2023,0,Fall 2025,3.72,3.46,1,0,79.4,84.2,72.6,75.7,53,45,0.26000000000000023,-4.799999999999997,-3.1000000000000085,8,IMPROVING,DETERIORATING,STABLE
STU2147,Student 2147,Engineering College A,Mechanical,B.Tech,4,2,2023,0,Fall 2025,2.71,1.94,0,0,81.9,65.2,69.5,64.6,30,27,0.77,16.700000000000003,4.900000000000006,3,IMPROVING,IMPROVING,STABLE
STU2148,Student 2148,Engineering College A,Mechanical,B.Tech,3,2,2023,0,Fall 2025,1.8,1.73,1,0,99.6,99.8,62.1,55.6,40,41,0.07000000000000006,-0.20000000000000284,6.5,-1,STABLE,STABLE,IMPROVING
STU2149,Student 2149,Engineering College A,Computer Science,B.Tech,2,1,2023,0,Fall 2025,2.71,2.78,0,0,80.7,80.3,65.5,78.1,60,60,-0.06999999999999984,0.4000000000000057,-12.599999999999994,0,STABLE,STABLE,DETERIORATING
STU2150,Student 2150,Engineering College A,Electrical,B.Tech,1,2,2023,0,Fall 2025,2.06,1.26,0,0,97.2,89.4,88.7,94.7,82,87,0.8,7.799999999999997,-6.0,-5,IMPROVING,IMPROVING,DETERIORATING
STU2151,Student 2151,Engineering College A,Civil,B.Tech,3,1,2023,1,Fall 2025,3.44,3.27,0,0,74.8,76.3,46.6,47.7,42,56,0.16999999999999993,-1.5,-1.1000000000000014,-14,IMPROVING,STABLE,STABLE
STU2152,Student 2152,Engineering College A,Computer Science,B.Tech,1,1,2023,0,Fall 2025,1.66,1.85,2,0,63.5,62.3,100.0,93.8,91,83,-0.19000000000000017,1.2000000000000028,6.200000000000003,8,DETERIORATING,STABLE,IMPROVING
STU2153,Student 2153,Engineering College A,Mechanical,B.Tech,1,1,2023,0,Fall 2025,3.4,3.13,1,0,61.3,63.9,43.1,54.2,18,30,0.27,-2.6000000000000014,-11.100000000000001,-12,IMPROVING,DETERIORATING,DETERIORATING
STU2154,Student 2154,Engineering College A,Computer Science,B.Tech,4,1,2023,0,Fall 2025,2.49,2.8,0,0,69.9,76.8,76.0,65.2,57,63,-0.3099999999999996,-6.8999999999999915,10.799999999999997,-6,DETERIORATING,DETERIORATING,IMPROVING
STU2155,Student 2155,Engineering College A,Computer Science,B.Tech,3,1,2023,0,Fall 2025,2.06,1.39,1,0,100.0,88.2,82.1,72.7,38,43,0.6700000000000002,11.799999999999997,9.399999999999991,-5,IMPROVING,IMPROVING,IMPROVING
STU2156,Student 2156,Engineering College A,Computer Science,B.Tech,4,2,2023,0,Fall 2025,2.77,2.54,0,0,97.8,100.0,93.5,93.4,37,46,0.22999999999999998,-2.200000000000003,0.09999999999999432,-9,IMPROVING,DETERIORATING,STABLE
STU2157,Student 2157,Engineering College A,Electrical,B.Tech,3,2,2023,0,Fall 2025,3.61,3.42,0,0,100.0,100.0,63.0,61.8,30,34,0.18999999999999995,0.0,1.2000000000000028,-4,IMPROVING,STABLE,STABLE
STU2158,Student 2158,Engineering College A,Business,B.Tech,1,1,2023,0,Fall 2025,3.77,3.62,0,1,100.0,97.9,76.8,62.9,22,30,0.1499999999999999,2.0999999999999943,13.899999999999999,-8,IMPROVING,IMPROVING,IMPROVING
STU2159,Student 2159,Engineering College A,Civil,B.Tech,4,2,2023,0,Fall 2025,3.87,3.59,1,0,87.9,92.6,57.4,63.6,39,52,0.28000000000000025,-4.699999999999989,-6.200000000000003,-13,IMPROVING,DETERIORATING,DETERIORATING
STU2160,Student 2160,Engineering College A,Electrical,B.Tech,1,2,2023,0,Fall 2025,2.75,2.56,1,0,64.5,68.9,84.0,79.6,10,0,0.18999999999999995,-4.400000000000006,4.400000000000006,10,IMPROVING,DETERIORATING,STABLE
STU2161,Student 2161,Engineering College A,Electrical,B.Tech,3,2,2023,0,Fall 2025,2.69,2.84,0,0,91.3,90.6,46.2,54.6,67,64,-0.1499999999999999,0.7000000000000028,-8.399999999999999,3,DETERIORATING,STABLE,DETERIORATING
STU2162,Student 2162,Engineering College A,Business,B.Tech,2,2,2023,0,Fall 2025,3.48,3.23,0,0,94.1,95.4,90.7,80.1,63,64,0.25,-1.3000000000000114,10.600000000000009,-1,IMPROVING,STABLE,IMPROVING
STU2163,Student 2163,Engineering College A,Electrical,B.Tech,4,2,2023,0,Fall 2025,3.25,3.33,1,0,67.6,72.5,85.7,79.9,43,41,-0.08000000000000007,-4.900000000000006,5.799999999999997,2,STABLE,DETERIORATING,IMPROVING
STU2164,Student 2164,Engineering College A,Computer Science,B.Tech,4,2,2023,0,Fall 2025,3.01,3.17,0,0,80.5,79.5,71.8,86.0,55,55,-0.16000000000000014,1.0,-14.200000000000003,0,DETERIORATING,STABLE,DETERIORATING
STU2165,Student 2165,Engineering College A,Computer Science,B.Tech,1,2,2023,0,Fall 2025,3.45,3.93,1,0,54.4,68.2,73.5,58.7,46,50,-0.48,-13.800000000000004,14.799999999999997,-4,DETERIORATING,DETERIORATING,IMPROVING
STU2166,Student 2166,Engineering College A,Mechanical,B.Tech,1,1,2023,1,Fall 2025,3.02,3.08,0,2,53.5,90.0,43.0,67.8,0,19,-0.06000000000000005,-36.5,-24.799999999999997,-19,STABLE,DETERIORATING,DETERIORATING
STU2167,Student 2167,Engineering College A,Electrical,B.Tech,2,1,2023,1,Fall 2025,3.66,3.36,0,0,79.8,78.8,100.0,88.3,18,26,0.30000000000000027,1.0,11.700000000000003,-8,IMPROVING,STABLE,IMPROVING
STU2168,Student 2168,Engineering College A,Mechanical,B.Tech,4,1,2023,0,Fall 2025,1.6,1.53,0,0,81.3,80.0,100.0,100.0,26,40,0.07000000000000006,1.2999999999999972,0.0,-14,STABLE,STABLE,STABLE
STU2169,Student 2169,Engineering College A,Civil,B.Tech,3,2,2023,0,Fall 2025,3.89,3.98,0,0,85.9,86.0,47.2,62.2,70,60,-0.08999999999999986,-0.09999999999999432,-15.0,10,STABLE,STABLE,DETERIORATING
STU2170,Student 2170,Engineering College A,Computer Science,B.Tech,3,2,2023,0,Fall 2025,2.62,2.51,0,0,89.1,85.9,75.0,79.1,33,36,0.11000000000000032,3.1999999999999886,-4.099999999999994,-3,IMPROVING,IMPROVING,STABLE
STU2171,Student 2171,Engineering College A,Civil,B.Tech,4,1,2023,0,Fall 2025,3.19,3.37,0,0,71.0,71.0,93.2,80.4,17,32,-0.18000000000000016,0.0,12.799999999999997,-15,DETERIORATING,STABLE,IMPROVING
STU2172,Student 2172,Engineering College A,Business,B.Tech,4,2,2023,0,Fall 2025,2.49,2.91,0,0,76.0,72.7,79.1,72.1,40,47,0.0,3.299999999999997,7.0,-7,UNKNOWN,IMPROVING,IMPROVING
STU2173,Student 2173,Engineering College A,Computer Science,B.Tech,4,2,2023,0,Fall 2025,2.65,2.76,0,0,75.1,72.9,70.1,83.2,12,23,-0.10999999999999988,2.1999999999999886,-13.100000000000009,-11,DETERIORATING,IMPROVING,DETERIORATING
STU2174,Student 2174,Engineering College A,Civil,B.Tech,2,1,2023,0,Fall 2025,3.11,3.47,2,2,79.9,87.8,74.8,83.6,39,52,-0.3600000000000003,-7.8999999999999915,-8.799999999999997,-13,DETERIORATING,DETERIORATING,DETERIORATING
STU2175,Student 2175,Engineering College A,Business,B.Tech,3,1,2023,0,Fall 2025,2.85,3.03,0,0,76.8,81.4,93.8,80.5,49,40,-0.17999999999999972,-4.6000000000000085,13.299999999999997,9,DETERIORATING,DETERIORATING,IMPROVING
STU2176,Student 2176,Engineering College A,Civil,B.Tech,3,1,2023,0,Fall 2025,3.45,3.16,1,2,72.3,72.6,93.9,96.4,55,43,0.29000000000000004,-0.29999999999999716,-2.5,12,IMPROVING,STABLE,STABLE
STU2177,Student 2177,Engineering College A,Business,B.Tech,1,2,2023,1,Fall 2025,4.0,3.96,1,0,62.4,57.9,73.0,87.8,20,26,0.040000000000000036,4.5,-14.799999999999997,-6,STABLE,IMPROVING,DETERIORATING
STU2178,Student 2178,Engineering College A,Business,B.Tech,1,2,2023,0,Fall 2025,3.59,3.46,0,1,85.3,86.6,91.3,83.0,16,4,0.1299999999999999,-1.2999999999999972,8.299999999999997,12,IMPROVING,STABLE,IMPROVING
STU2179,Student 2179,Engineering College A,Computer Science,B.Tech,4,2,2023,0,Fall 2025,2.46,2.51,2,0,89.6,92.9,93.5,82.4,36,39,-0.04999999999999982,-3.3000000000000114,11.099999999999994,-3,STABLE,DETERIORATING,IMPROVING
STU2180,Student 2180,Engineering College A,Mechanical,B.Tech,1,1,2023,0,Fall 2025,3.0,2.74,0,0,81.0,83.7,66.9,61.3,45,45,0.2599999999999998,-2.700000000000003,5.6000000000000085,0,IMPROVING,DETERIORATING,IMPROVING
STU2181,Student 2181,Engineering College A,Business,B.Tech,2,1,2023,0,Fall 2025,3.11,3.08,0,0,64.0,61.6,91.1,79.4,10,6,0.029999999999999805,2.3999999999999986,11.699999999999989,4,STABLE,IMPROVING,IMPROVING
STU2182,Student 2182,Engineering College A,Business,B.Tech,3,2,2023,0,Fall 2025,3.4,3.13,0,0,100.0,100.0,81.8,77.6,42,34,0.27,0.0,4.200000000000003,8,IMPROVING,STABLE,STABLE
STU2183,Student 2183,Engineering College A,Computer Science,B.Tech,3,1,2023,0,Fall 2025,4.0,3.98,0,0,77.2,80.6,86.2,83.8,63,60,0.020000000000000018,-3.3999999999999915,2.4000000000000057,3,STABLE,DETERIORATING,STABLE
STU2184,Student 2184,Engineering College A,Mechanical,B.Tech,1,1,2023,0,Fall 2025,2.76,1.99,0,0,81.7,72.7,48.4,60.5,10,11,0.7699999999999998,9.0,-12.100000000000001,-1,IMPROVING,IMPROVING,DETERIORATING
STU2185,Student 2185,Engineering College A,Electrical,B.Tech,4,2,2023,0,Fall 2025,3.01,3.01,2,0,85.0,82.7,71.5,77.2,48,47,0.0,2.299999999999997,-5.700000000000003,1,STABLE,IMPROVING,DETERIORATING
STU2186,Student 2186,Engineering College A,Electrical,B.Tech,1,1,2023,1,Fall 2025,2.46,3.09,2,1,86.7,100.0,40.7,68.5,43,61,-0.6299999999999999,-13.299999999999997,-27.799999999999997,-18,DETERIORATING,DETERIORATING,DETERIORATING
STU2187,Student 2187,Engineering College A,Mechanical,B.Tech,4,1,2023,0,Fall 2025,2.33,3.09,0,2,67.2,78.6,85.0,93.8,47,72,-0.7599999999999998,-11.399999999999991,-8.799999999999997,-25,DETERIORATING,DETERIORATING,DETERIORATING
STU2188,Student 2188,Engineering College A,Civil,B.Tech,2,1,2023,1,Fall 2025,2.97,3.41,0,1,72.4,80.4,75.4,63.7,41,55,-0.43999999999999995,-8.0,11.700000000000003,-14,DETERIORATING,DETERIORATING,IMPROVING
STU2189,Student 2189,Engineering College A,Computer Science,B.Tech,3,2,2023,0,Fall 2025,2.87,2.77,0,0,88.8,93.5,67.5,70.1,42,33,0.10000000000000009,-4.700000000000003,-2.5999999999999943,9,IMPROVING,DETERIORATING,STABLE
STU2190,Student 2190,Engineering College A,Mechanical,B.Tech,2,2,2023,0,Fall 2025,2.72,2.66,0,2,85.9,88.6,73.4,72.9,10,0,0.06000000000000005,-2.6999999999999886,0.5,10,STABLE,DETERIORATING,STABLE
STU2191,Student 2191,Engineering College A,Electrical,B.Tech,3,1,2023,0,Fall 2025,2.52,2.47,2,0,86.8,87.8,88.4,97.0,46,50,0.04999999999999982,-1.0,-8.599999999999994,-4,STABLE,STABLE,DETERIORATING
STU2192,Student 2192,Engineering College A,Business,B.Tech,2,2,2023,1,Fall 2025,2.55,4.0,3,2,37.4,63.1,64.9,87.3,0,16,-1.4500000000000002,-25.700000000000003,-22.39999999999999,-16,DETERIORATING,DETERIORATING,DETERIORATING
STU2193,Student 2193,Engineering College A,Electrical,B.Tech,1,2,2023,0,Fall 2025,3.1,3.24,0,0,75.6,71.2,93.2,79.9,30,38,-0.14000000000000012,4.3999999999999915,13.299999999999997,-8,DETERIORATING,IMPROVING,IMPROVING
STU2194,Student 2194,Engineering College A,Business,B.Tech,2,2,2023,0,Fall 2025,3.86,3.66,0,1,61.1,63.1,74.7,65.2,15,13,0.19999999999999973,-2.0,9.5,2,IMPROVING,STABLE,IMPROVING
STU2195,Student 2195,Engineering College A,Computer Science,B.Tech,2,1,2023,0,Fall 2025,2.54,2.46,0,0,80.2,77.4,64.1,64.5,37,42,0.08000000000000007,2.799999999999997,-0.4000000000000057,-5,STABLE,IMPROVING,STABLE
STU2196,Student 2196,Engineering College A,Business,B.Tech,1,2,2023,0,Fall 2025,2.87,2.64,0,0,88.7,84.0,76.8,89.3,45,37,0.22999999999999998,4.700000000000003,-12.5,8,IMPROVING,IMPROVING,DETERIORATING
STU2197,Student 2197,Engineering College A,Mechanical,B.Tech,3,1,2023,0,Fall 2025,3.15,2.93,2,0,85.3,83.8,73.6,78.2,51,37,0.21999999999999975,1.5,-4.6000000000000085,14,IMPROVING,STABLE,STABLE
STU2198,Student 2198,Engineering College A,Business,B.Tech,3,1,2023,1,Fall 2025,2.05,2.82,3,0,66.9,89.4,81.1,88.8,24,31,-0.77,-22.5,-7.700000000000003,-7,DETERIORATING,DETERIORATING,DETERIORATING
STU2199,Student 2199,Engineering College A,Civil,B.Tech,1,2,2023,1,Fall 2025,2.29,2.73,0,0,50.0,63.5,82.0,91.4,25,15,-0.43999999999999995,-13.5,-9.400000000000006,10,DETERIORATING,DETERIORATING,DETERIORATING
STU2200,Student 2200,Engineering College A,Mechanical,B.Tech,2,1,2023,0,Fall 2025,2.96,3.19,0,0,77.1,90.2,86.1,77.5,30,24,-0.22999999999999998,-13.100000000000009,8.599999999999994,6,DETERIORATING,DETERIORATING,IMPROVING
STU2201,Student 2201,Engineering College A,Computer Science,B.Tech,2,2,2023,1,Fall 2025,3.85,3.84,1,1,42.8,64.3,65.9,86.5,28,49,0.010000000000000231,-21.5,-20.599999999999994,-21,STABLE,DETERIORATING,DETERIORATING
STU2202,Student 2202,Engineering College A,Mechanical,B.Tech,2,2,2023,1,Fall 2025,1.47,1.0,0,0,87.9,76.1,85.2,81.3,39,36,0.47,11.800000000000011,3.9000000000000057,3,IMPROVING,IMPROVING,STABLE
STU2203,Student 2203,Engineering College A,Civil,B.Tech,4,1,2023,0,Fall 2025,3.75,3.57,0,0,90.5,87.7,76.1,71.5,25,26,0.18000000000000016,2.799999999999997,4.599999999999994,-1,IMPROVING,IMPROVING,STABLE
STU2204,Student 2204,Engineering College A,Computer Science,B.Tech,3,1,2023,0,Fall 2025,3.18,3.12,0,1,89.0,86.5,81.2,95.3,10,18,0.06000000000000005,2.5,-14.099999999999994,-8,STABLE,IMPROVING,DETERIORATING
STU2205,Student 2205,Engineering College A,Electrical,B.Tech,2,2,2023,0,Fall 2025,3.35,3.23,0,0,89.3,89.8,73.9,71.7,37,23,0.1200000000000001,-0.5,2.200000000000003,14,IMPROVING,STABLE,STABLE
STU2206,Student 2206,Engineering College A,Civil,B.Tech,3,2,2023,1,Fall 2025,2.25,2.96,0,0,70.0,81.3,80.1,100.0,28,47,-0.71,-11.299999999999997,-19.900000000000006,-19,DETERIORATING,DETERIORATING,DETERIORATING
STU2207,Student 2207,Engineering College A,Computer Science,B.Tech,2,2,2023,0,Fall 2025,3.92,3.9,0,0,60.0,61.5,70.2,78.2,10,15,0.020000000000000018,-1.5,-8.0,-5,STABLE,STABLE,DETERIORATING
STU2208,Student 2208,Engineering College A,Business,B.Tech,1,2,2023,1,Fall 2025,1.76,1.9,3,2,72.7,81.6,77.9,87.7,41,55,-0.1399999999999999,-0.9000000000000057,-9.799999999999997,-14,DETERIORATING,UNKNOWN,DETERIORATING
STU2209,Student 2209,Engineering College A,Mechanical,B.Tech,1,1,2023,0,Fall 2025,3.91,3.91,0,0,91.2,89.2,84.7,76.9,27,42,0.0,2.0,7.799999999999997,-15,STABLE,STABLE,IMPROVING
STU2210,Student 2210,Engineering College A,Computer Science,B.Tech,3,1,2023,1,Fall 2025,3.07,3.5,3,2,67.9,77.6,70.0,79.2,42,57,-0.43000000000000016,-9.699999999999989,-9.200000000000003,-15,DETERIORATING,DETERIORATING,DETERIORATING
STU2211,Student 2211,Engineering College A,Mechanical,B.Tech,3,1,2023,0,Fall 2025,1.9,1.66,1,0,99.8,80.6,80.9,81.3,10,20,0.24,19.200000000000003,-0.3999999999999915,-10,IMPROVING,IMPROVING,STABLE
STU2212,Student 2212,Engineering College A,Business,B.Tech,1,2,2023,0,Fall 2025,2.36,2.42,1,0,83.1,81.1,53.2,68.1,10,22,-0.06000000000000005,2.0,-14.899999999999991,-12,STABLE,STABLE,DETERIORATING
STU2213,Student 2213,Engineering College A,Computer Science,B.Tech,4,1,2023,0,Fall 2025,2.93,2.24,2,0,100.0,87.9,78.5,69.8,41,37,0.69,12.099999999999994,8.700000000000003,4,IMPROVING,IMPROVING,IMPROVING
STU2214,Student 2214,Engineering College A,Electrical,B.Tech,1,1,2023,1,Fall 2025,3.14,3.11,3,2,59.6,80.6,69.5,98.2,21,28,0.03000000000000025,-20.999999999999993,-28.700000000000003,-7,STABLE,DETERIORATING,DETERIORATING
STU2215,Student 2215,Engineering College A,Civil,B.Tech,2,1,2023,0,Fall 2025,1.97,2.43,0,0,73.8,84.9,76.4,71.6,55,54,-0.4600000000000002,-11.100000000000009,4.800000000000011,1,DETERIORATING,DETERIORATING,STABLE
STU2216,Student 2216,Engineering College A,Computer Science,B.Tech,4,1,2023,0,Fall 2025,2.96,3.11,0,0,91.4,93.2,90.3,78.9,77,71,-0.1499999999999999,-1.7999999999999972,11.399999999999991,6,DETERIORATING,STABLE,IMPROVING
STU2217,Student 2217,Engineering College A,Business,B.Tech,1,2,2023,0,Fall 2025,2.37,2.31,1,0,66.9,69.3,84.6,82.0,53,66,0.06000000000000005,-2.3999999999999915,2.5999999999999943,-13,STABLE,DETERIORATING,STABLE
STU2218,Student 2218,Engineering College A,Computer Science,B.Tech,4,1,2023,0,Fall 2025,3.17,3.31,0,0,92.7,94.5,99.5,89.6,31,45,-0.14000000000000012,-1.7999999999999972,9.900000000000006,-14,DETERIORATING,STABLE,IMPROVING
STU2219,Student 2219,Engineering College A,Mechanical,B.Tech,4,1,2023,1,Fall 2025,1.78,2.4,1,2,80.6,94.8,23.1,48.4,13,32,-0.6199999999999999,-14.200000000000003,-25.299999999999997,-19,DETERIORATING,DETERIORATING,DETERIORATING
STU2220,Student 2220,Engineering College A,Computer Science,B.Tech,4,1,2023,0,Fall 2025,3.06,3.16,0,1,84.0,82.0,81.7,76.9,10,5,-0.10000000000000009,2.0,4.799999999999997,5,DETERIORATING,STABLE,STABLE
STU2221,Student 2221,Engineering College A,Electrical,B.Tech,3,1,2023,0,Fall 2025,2.58,2.91,1,0,59.5,69.6,67.3,69.6,64,53,0.0,-10.099999999999994,-2.299999999999997,11,UNKNOWN,DETERIORATING,STABLE
STU2222,Student 2222,Engineering College A,Computer Science,B.Tech,1,2,2023,1,Fall 2025,3.39,2.5,0,0,100.0,87.3,87.0,73.8,28,43,0.8900000000000001,12.700000000000003,13.200000000000003,-15,IMPROVING,IMPROVING,IMPROVING
STU2223,Student 2223,Engineering College A,Civil,B.Tech,3,2,2023,0,Fall 2025,3.04,3.04,0,0,81.0,80.7,62.4,68.3,48,48,0.0,0.29999999999999716,-5.899999999999999,0,STABLE,STABLE,DETERIORATING
STU2224,Student 2224,Engineering College A,Computer Science,B.Tech,3,1,2023,0,Fall 2025,2.77,3.26,0,0,90.6,95.7,74.9,74.0,36,41,-0.48999999999999977,-5.1000000000000085,0.9000000000000057,-5,DETERIORATING,DETERIORATING,STABLE
STU2225,Student 2225,Engineering College A,Mechanical,B.Tech,2,2,2023,0,Fall 2025,2.19,1.9,0,0,100.0,100.0,75.5,72.2,86,81,0.29000000000000004,0.0,3.299999999999997,5,IMPROVING,STABLE,STABLE
STU2226,Student 2226,Engineering College A,Computer Science,B.Tech,2,2,2023,1,Fall 2025,3.4,3.4,0,0,77.5,77.2,69.9,59.1,23,37,0.0,0.29999999999999716,10.800000000000004,-14,STABLE,STABLE,IMPROVING
STU2227,Student 2227,Engineering College A,Electrical,B.Tech,4,2,2023,0,Fall 2025,3.37,3.09,0,0,94.3,89.9,77.9,65.5,11,0,0.28000000000000025,4.3999999999999915,12.400000000000006,11,IMPROVING,IMPROVING,IMPROVING
STU2228,Student 2228,Engineering College A,Business,B.Tech,4,2,2023,0,Fall 2025,2.69,2.59,1,0,85.6,85.2,86.5,84.3,81,75,0.10000000000000009,0.3999999999999915,2.200000000000003,6,IMPROVING,STABLE,STABLE
STU2229,Student 2229,Engineering College A,Computer Science,B.Tech,2,1,2023,0,Fall 2025,2.56,2.86,0,0,84.3,90.5,100.0,96.9,20,32,-0.2999999999999998,-6.200000000000003,3.0999999999999943,-12,DETERIORATING,DETERIORATING,STABLE
STU2230,Student 2230,Engineering College A,Computer Science,B.Tech,2,2,2023,0,Fall 2025,4.0,2.91,0,0,60.9,57.0,87.1,86.0,59,53,0.0,3.8999999999999986,1.0999999999999943,6,UNKNOWN,IMPROVING,STABLE
STU2231,Student 2231,Engineering College A,Civil,B.Tech,1,2,2023,1,Fall 2025,2.85,2.7,0,0,68.9,70.7,100.0,93.7,59,58,0.1499999999999999,-1.7999999999999972,6.299999999999997,1,IMPROVING,STABLE,IMPROVING
STU2232,Student 2232,Engineering College A,Electrical,B.Tech,4,1,2023,1,Fall 2025,2.74,2.5,0,0,83.0,77.8,76.9,88.5,45,34,0.2400000000000002,5.200000000000003,-11.599999999999994,11,IMPROVING,IMPROVING,DETERIORATING
STU2233,Student 2233,Engineering College A,Business,B.Tech,4,1,2023,1,Fall 2025,3.57,3.95,1,1,61.7,67.1,62.4,71.7,33,43,-0.38000000000000034,-5.3999999999999915,-9.300000000000004,-10,DETERIORATING,DETERIORATING,DETERIORATING
STU2234,Student 2234,Engineering College A,Mechanical,B.Tech,2,1,2023,1,Fall 2025,2.46,3.22,3,0,77.2,99.6,61.7,68.4,5,14,-0.7600000000000002,-22.39999999999999,-6.700000000000003,-9,DETERIORATING,DETERIORATING,DETERIORATING
STU2235,Student 2235,Engineering College A,Computer Science,B.Tech,1,1,2023,0,Fall 2025,3.8,4.0,0,1,74.7,79.1,73.6,80.7,100,100,-0.20000000000000018,-4.3999999999999915,-7.1000000000000085,0,DETERIORATING,DETERIORATING,DETERIORATING
STU2236,Student 2236,Engineering College A,Business,B.Tech,2,2,2023,1,Fall 2025,1.69,1.98,0,0,65.3,72.1,56.7,66.9,40,45,-0.29000000000000004,-6.799999999999997,-10.200000000000003,-5,DETERIORATING,DETERIORATING,DETERIORATING
STU2237,Student 2237,Engineering College A,Mechanical,B.Tech,2,1,2023,1,Fall 2025,3.91,3.96,1,0,60.0,91.1,62.4,69.2,64,74,-0.04999999999999982,-31.099999999999994,-6.800000000000004,-10,STABLE,DETERIORATING,DETERIORATING
STU2238,Student 2238,Engineering College A,Electrical,B.Tech,3,2,2023,0,Fall 2025,2.89,2.75,0,0,85.1,85.0,48.9,59.2,29,26,0.14000000000000012,0.09999999999999432,-10.300000000000004,3,IMPROVING,STABLE,DETERIORATING
STU2239,Student 2239,Engineering College A,Electrical,B.Tech,4,2,2023,0,Fall 2025,3.49,3.58,0,1,80.2,79.4,80.3,90.0,40,51,-0.08999999999999986,0.7999999999999972,-9.700000000000003,-11,STABLE,STABLE,DETERIORATING
STU2240,Student 2240,Engineering College A,Business,B.Tech,1,1,2023,0,Fall 2025,2.37,1.85,0,0,100.0,86.8,99.8,85.1,31,24,0.52,13.200000000000003,14.700000000000003,7,IMPROVING,IMPROVING,IMPROVING
STU2241,Student 2241,Engineering College A,Mechanical,B.Tech,3,1,2023,0,Fall 2025,3.81,3.87,0,0,91.8,95.0,100.0,95.0,63,57,-0.06000000000000005,-3.200000000000003,5.0,6,STABLE,DETERIORATING,STABLE
STU2242,Student 2242,Engineering College A,Electrical,B.Tech,4,2,2023,1,Fall 2025,2.6,1.9,0,0,100.0,87.7,78.1,71.9,48,43,0.7000000000000002,12.299999999999997,6.199999999999989,5,IMPROVING,IMPROVING,IMPROVING
STU2243,Student 2243,Engineering College A,Business,B.Tech,2,2,2023,1,Fall 2025,4.0,3.79,0,0,74.1,78.3,66.7,76.9,70,59,0.20999999999999996,-4.200000000000003,-10.200000000000003,11,IMPROVING,DETERIORATING,DETERIORATING
STU2244,Student 2244,Engineering College A,Electrical,B.Tech,1,1,2023,1,Fall 2025,2.05,3.45,0,0,46.7,77.4,54.5,60.5,40,63,-1.4000000000000004,-30.700000000000003,-6.0,-23,DETERIORATING,DETERIORATING,DETERIORATING
STU2245,Student 2245,Engineering College A,Electrical,B.Tech,4,1,2023,1,Fall 2025,2.16,2.74,1,1,62.6,71.6,55.5,79.4,46,70,-0.5800000000000001,-8.999999999999993,-23.900000000000006,-24,DETERIORATING,DETERIORATING,DETERIORATING
STU2246,Student 2246,Engineering College A,Electrical,B.Tech,2,1,2023,1,Fall 2025,3.56,3.4,1,0,76.8,75.2,43.6,56.4,41,37,0.16000000000000014,1.5999999999999943,-12.799999999999997,4,IMPROVING,STABLE,DETERIORATING
STU2247,Student 2247,Engineering College A,Civil,B.Tech,3,2,2023,0,Fall 2025,3.26,3.07,0,1,100.0,100.0,77.3,69.2,35,22,0.18999999999999995,0.0,8.099999999999994,13,IMPROVING,STABLE,IMPROVING
STU2248,Student 2248,Engineering College A,Mechanical,B.Tech,1,2,2023,1,Fall 2025,3.23,3.42,2,0,89.2,89.0,76.6,82.1,38,52,-0.18999999999999995,0.20000000000000284,-5.5,-14,DETERIORATING,STABLE,DETERIORATING
STU2249,Student 2249,Engineering College A,Business,B.Tech,4,1,2023,0,Fall 2025,2.79,2.76,0,0,63.5,64.7,58.5,68.5,44,46,0.03000000000000025,-1.2000000000000028,-10.0,-2,STABLE,STABLE,DETERIORATING
STU2250,Student 2250,Engineering College A,Business,B.Tech,3,2,2023,0,Fall 2025,2.05,2.19,0,0,80.8,80.4,83.1,70.6,60,48,-0.14000000000000012,0.3999999999999915,12.5,12,DETERIORATING,STABLE,IMPROVING
STU2251,Student 2251,Engineering College A,Mechanical,B.Tech,2,1,2023,0,Fall 2025,2.37,2.83,0,1,51.9,63.2,70.7,78.0,91,83,-0.45999999999999996,-11.300000000000004,-7.299999999999997,8,DETERIORATING,DETERIORATING,DETERIORATING
STU2252,Student 2252,Engineering College A,Mechanical,B.Tech,2,2,2023,1,Fall 2025,1.32,1.9,0,1,61.4,82.1,56.9,76.7,30,41,-0.5799999999999998,-20.699999999999996,-19.800000000000004,-11,DETERIORATING,DETERIORATING,DETERIORATING
STU2253,Student 2253,Engineering College A,Mechanical,B.Tech,4,2,2023,0,Fall 2025,2.71,2.52,0,0,83.5,79.9,68.7,61.4,35,34,0.18999999999999995,3.5999999999999943,7.300000000000004,1,IMPROVING,IMPROVING,IMPROVING
STU2254,Student 2254,Engineering College A,Mechanical,B.Tech,2,1,2023,0,Fall 2025,3.03,2.37,0,0,82.5,77.3,99.9,99.3,22,28,0.6599999999999997,5.200000000000003,0.6000000000000085,-6,IMPROVING,IMPROVING,STABLE
STU2255,Student 2255,Engineering College A,Computer Science,B.Tech,1,1,2023,1,Fall 2025,2.22,2.4,3,0,67.6,74.3,34.3,62.1,10,34,-0.17999999999999972,-6.700000000000003,-27.800000000000004,-24,DETERIORATING,DETERIORATING,DETERIORATING
STU2256,Student 2256,Engineering College A,Business,B.Tech,4,1,2023,0,Fall 2025,2.96,3.46,0,0,59.0,71.1,61.2,69.2,48,47,-0.5,-12.099999999999994,-8.0,1,DETERIORATING,DETERIORATING,DETERIORATING
STU2257,Student 2257,Engineering College A,Computer Science,B.Tech,3,2,2023,1,Fall 2025,2.32,2.41,0,0,94.5,94.9,87.9,84.8,55,46,-0.0900000000000003,-0.4000000000000057,3.1000000000000085,9,STABLE,STABLE,STABLE
STU2258,Student 2258,Engineering College A,Electrical,B.Tech,4,2,2023,0,Fall 2025,3.37,3.47,0,0,70.2,71.1,92.3,91.9,20,25,-0.10000000000000009,-0.8999999999999915,0.3999999999999915,-5,DETERIORATING,STABLE,STABLE
STU2259,Student 2259,Engineering College A,Electrical,B.Tech,4,1,2023,0,Fall 2025,2.82,3.08,0,0,91.9,100.0,71.0,69.2,79,79,-0.26000000000000023,-8.099999999999994,1.7999999999999972,0,DETERIORATING,DETERIORATING,STABLE
STU2260,Student 2260,Engineering College A,Business,B.Tech,3,2,2023,0,Fall 2025,3.13,3.57,0,0,79.1,84.6,63.3,74.5,47,46,-0.43999999999999995,-5.5,-11.200000000000003,1,DETERIORATING,DETERIORATING,DETERIORATING
STU2261,Student 2261,Engineering College A,Electrical,B.Tech,2,1,2023,0,Fall 2025,3.51,3.38,1,0,70.2,69.4,93.6,80.2,14,16,0.1299999999999999,0.7999999999999972,13.399999999999991,-2,IMPROVING,STABLE,IMPROVING
STU2262,Student 2262,Engineering College A,Mechanical,B.Tech,3,2,2023,0,Fall 2025,2.94,2.85,0,0,90.8,87.9,47.1,45.4,57,64,0.08999999999999986,2.8999999999999915,1.7000000000000028,-7,STABLE,IMPROVING,STABLE
STU2263,Student 2263,Engineering College A,Computer Science,B.Tech,1,1,2023,1,Fall 2025,2.73,2.91,3,0,70.1,85.3,41.4,66.3,0,10,0.0,-15.200000000000003,-24.9,-10,UNKNOWN,DETERIORATING,DETERIORATING
STU2264,Student 2264,Engineering College A,Mechanical,B.Tech,2,2,2023,0,Fall 2025,3.78,3.71,0,0,95.8,100.0,70.4,61.4,86,74,0.06999999999999984,-4.200000000000003,9.000000000000007,12,STABLE,DETERIORATING,IMPROVING
STU2265,Student 2265,Engineering College A,Electrical,B.Tech,4,2,2023,0,Fall 2025,3.24,2.4,0,0,95.6,85.4,71.4,70.9,58,47,0.8400000000000003,10.199999999999989,0.5,11,IMPROVING,IMPROVING,STABLE
STU2266,Student 2266,Engineering College A,Computer Science,B.Tech,2,2,2023,0,Fall 2025,2.18,2.31,0,0,82.1,80.7,81.8,69.5,55,67,-0.1299999999999999,1.3999999999999915,12.299999999999997,-12,DETERIORATING,STABLE,IMPROVING
STU2267,Student 2267,Engineering College A,Mechanical,B.Tech,2,2,2023,0,Fall 2025,2.15,1.6,0,0,100.0,99.5,100.0,93.0,47,33,0.5499999999999998,0.5,7.0,14,IMPROVING,STABLE,IMPROVING
STU2268,Student 2268,Engineering College A,Business,B.Tech,1,1,2023,1,Fall 2025,3.07,2.88,1,0,69.8,73.5,80.9,83.4,33,43,0.18999999999999995,-3.700000000000003,-2.5,-10,IMPROVING,DETERIORATING,STABLE
STU2269,Student 2269,Engineering College A,Mechanical,B.Tech,2,2,2023,0,Fall 2025,2.47,2.62,0,1,81.1,80.9,75.3,73.4,100,90,-0.1499999999999999,0.19999999999998863,1.8999999999999915,10,DETERIORATING,STABLE,STABLE
STU2270,Student 2270,Engineering College A,Electrical,B.Tech,2,1,2023,0,Fall 2025,2.23,2.12,0,0,80.5,80.8,86.9,81.2,91,86,0.10999999999999988,-0.29999999999999716,5.700000000000003,5,IMPROVING,STABLE,IMPROVING
STU2271,Student 2271,Engineering College A,Computer Science,B.Tech,2,1,2023,1,Fall 2025,3.05,2.99,0,2,76.1,73.2,61.7,68.6,35,39,0.05999999999999961,2.8999999999999915,-6.8999999999999915,-4,STABLE,IMPROVING,DETERIORATING
STU2272,Student 2272,Engineering College A,Business,B.Tech,4,1,2023,0,Fall 2025,3.13,3.03,1,0,91.9,93.0,76.7,83.3,90,84,0.10000000000000009,-1.0999999999999943,-6.599999999999994,6,IMPROVING,STABLE,DETERIORATING
STU2273,Student 2273,Engineering College A,Computer Science,B.Tech,2,1,2023,0,Fall 2025,2.43,2.67,0,0,87.4,100.0,86.2,91.7,24,15,-0.23999999999999977,-12.599999999999994,-5.5,9,DETERIORATING,DETERIORATING,DETERIORATING
STU2274,Student 2274,Engineering College A,Business,B.Tech,3,2,2023,0,Fall 2025,4.0,3.95,0,0,68.3,65.9,85.6,98.7,54,53,0.04999999999999982,2.3999999999999915,-13.100000000000009,1,STABLE,IMPROVING,DETERIORATING
STU2275,Student 2275,Engineering College A,Computer Science,B.Tech,2,1,2023,1,Fall 2025,3.25,3.6,3,2,71.2,85.3,40.3,55.8,27,46,-0.3500000000000001,-14.099999999999994,-15.5,-19,DETERIORATING,DETERIORATING,DETERIORATING
STU2276,Student 2276,Engineering College A,Electrical,B.Tech,1,2,2023,0,Fall 2025,3.15,3.34,0,0,94.8,100.0,74.8,75.1,10,19,-0.18999999999999995,-5.200000000000003,-0.29999999999999716,-9,DETERIORATING,DETERIORATING,STABLE
STU2277,Student 2277,Engineering College A,Business,B.Tech,2,2,2023,1,Fall 2025,4.0,4.0,1,0,83.6,84.1,79.7,93.2,51,55,0.0,-0.5,-13.5,-4,STABLE,STABLE,DETERIORATING
STU2278,Student 2278,Engineering College A,Civil,B.Tech,2,2,2023,0,Fall 2025,3.4,3.15,0,0,100.0,100.0,78.7,82.2,66,54,0.25,0.0,-3.5,12,IMPROVING,STABLE,STABLE
STU2279,Student 2279,Engineering College A,Computer Science,B.Tech,4,2,2023,0,Fall 2025,2.78,2.9,0,0,61.1,56.7,79.4,84.4,53,65,-0.1200000000000001,4.399999999999999,-5.0,-12,DETERIORATING,IMPROVING,STABLE
STU2280,Student 2280,Engineering College A,Computer Science,B.Tech,3,1,2023,0,Fall 2025,1.69,2.14,0,0,75.1,87.9,72.3,82.6,42,43,-0.4500000000000002,-12.800000000000011,-10.299999999999997,-1,DETERIORATING,DETERIORATING,DETERIORATING
STU2281,Student 2281,Engineering College A,Mechanical,B.Tech,2,2,2023,1,Fall 2025,3.21,2.95,1,0,74.0,76.5,69.6,67.6,41,42,0.2599999999999998,-2.5,2.0,-1,IMPROVING,DETERIORATING,STABLE
STU2282,Student 2282,Engineering College A,Business,B.Tech,3,1,2023,0,Fall 2025,2.91,2.91,0,0,77.2,80.2,63.1,69.1,40,46,0.0,-3.0,-5.999999999999993,-6,STABLE,DETERIORATING,DETERIORATING
STU2283,Student 2283,Engineering College A,Civil,B.Tech,1,2,2023,0,Fall 2025,3.01,3.3,2,0,73.9,85.7,80.3,74.1,10,0,-0.29000000000000004,-11.799999999999997,6.200000000000003,10,DETERIORATING,DETERIORATING,IMPROVING
STU2284,Student 2284,Engineering College A,Electrical,B.Tech,4,2,2023,0,Fall 2025,3.1,2.87,0,0,80.5,80.4,81.5,71.4,61,60,0.22999999999999998,0.09999999999999432,10.099999999999994,1,IMPROVING,STABLE,IMPROVING
STU2285,Student 2285,Engineering College A,Mechanical,B.Tech,3,1,2023,0,Fall 2025,2.81,2.75,0,0,84.3,81.3,71.9,57.7,83,83,0.06000000000000005,3.0,14.200000000000003,0,STABLE,IMPROVING,IMPROVING
STU2286,Student 2286,Engineering College A,Civil,B.Tech,4,2,2023,0,Fall 2025,2.8,3.12,0,0,77.9,83.0,45.0,45.8,40,55,-0.3200000000000003,-5.099999999999994,-0.7999999999999972,-15,DETERIORATING,DETERIORATING,STABLE
STU2287,Student 2287,Engineering College A,Business,B.Tech,2,2,2023,1,Fall 2025,1.72,2.4,1,1,76.7,83.1,72.2,83.3,16,37,-0.6799999999999999,-6.3999999999999915,-11.099999999999994,-21,DETERIORATING,DETERIORATING,DETERIORATING
STU2288,Student 2288,Engineering College A,Civil,B.Tech,1,2,2023,0,Fall 2025,2.23,1.44,0,0,100.0,91.9,65.8,64.0,44,48,0.79,8.099999999999994,1.7999999999999972,-4,IMPROVING,IMPROVING,STABLE
STU2289,Student 2289,Engineering College A,Computer Science,B.Tech,4,2,2023,0,Fall 2025,3.34,3.68,0,0,59.8,72.8,100.0,91.5,67,57,-0.3400000000000003,-13.0,8.5,10,DETERIORATING,DETERIORATING,IMPROVING
STU2290,Student 2290,Engineering College A,Computer Science,B.Tech,2,2,2023,0,Fall 2025,2.35,2.31,0,0,94.9,96.8,62.2,77.1,54,47,0.040000000000000036,-1.8999999999999915,-14.899999999999991,7,STABLE,STABLE,DETERIORATING
STU2291,Student 2291,Engineering College A,Mechanical,B.Tech,3,1,2023,1,Fall 2025,2.82,3.09,1,0,69.2,81.1,100.0,88.5,43,51,-0.27,-11.899999999999991,11.5,-8,DETERIORATING,DETERIORATING,IMPROVING
STU2292,Student 2292,Engineering College A,Business,B.Tech,1,2,2023,0,Fall 2025,2.61,2.59,0,1,63.3,81.6,73.7,69.6,44,42,0.020000000000000018,-0.9000000000000057,4.1000000000000085,2,STABLE,UNKNOWN,STABLE
STU2293,Student 2293,Engineering College A,Business,B.Tech,1,2,2023,1,Fall 2025,2.93,2.99,1,0,69.4,66.1,70.6,70.4,74,77,-0.06000000000000005,3.3000000000000114,0.19999999999998863,-3,STABLE,IMPROVING,STABLE
STU2294,Student 2294,Engineering College A,Civil,B.Tech,3,1,2023,0,Fall 2025,3.49,3.21,0,0,66.2,63.2,90.5,95.2,28,39,0.28000000000000025,3.0,-4.700000000000003,-11,IMPROVING,IMPROVING,STABLE
STU2295,Student 2295,Engineering College A,Mechanical,B.Tech,3,2,2023,0,Fall 2025,3.3,3.05,1,0,65.7,68.8,83.0,73.8,10,0,0.25,-3.0999999999999943,9.200000000000003,10,IMPROVING,DETERIORATING,IMPROVING
STU2296,Student 2296,Engineering College A,Business,B.Tech,1,1,2023,0,Fall 2025,3.17,3.11,0,0,63.9,63.2,82.0,83.5,14,16,0.06000000000000005,0.6999999999999957,-1.5,-2,STABLE,STABLE,STABLE
STU2297,Student 2297,Engineering College A,Computer Science,B.Tech,4,2,2023,0,Fall 2025,3.52,3.51,0,0,81.6,78.6,67.7,72.9,55,53,0.010000000000000231,3.0,-5.200000000000003,2,STABLE,IMPROVING,DETERIORATING
STU2298,Student 2298,Engineering College A,Civil,B.Tech,1,2,2023,0,Fall 2025,2.71,2.23,0,0,100.0,93.6,100.0,87.3,63,51,0.48,6.400000000000006,12.700000000000003,12,IMPROVING,IMPROVING,IMPROVING
STU2299,Student 2299,Engineering College A,Electrical,B.Tech,3,1,2023,1,Fall 2025,2.75,2.76,2,0,94.9,91.8,77.9,84.1,36,24,-0.009999999999999787,3.1000000000000085,-6.199999999999989,12,STABLE,IMPROVING,DETERIORATING
STU2300,Student 2300,Engineering College A,Computer Science,B.Tech,4,2,2023,0,Fall 2025,3.01,3.01,0,0,86.8,85.6,100.0,96.0,56,49,0.0,1.2000000000000028,4.0,7,STABLE,STABLE,STABLE
STU2301,Student 2301,Engineering College A,Mechanical,B.Tech,2,2,2023,1,Fall 2025,3.16,2.91,0,0,100.0,100.0,88.2,83.1,49,36,0.0,0.0,5.1000000000000085,13,UNKNOWN,STABLE,IMPROVING
STU2302,Student 2302,Engineering College A,Business,B.Tech,1,1,2023,1,Fall 2025,1.44,1.0,0,0,100.0,87.4,60.3,67.9,10,1,0.43999999999999995,12.599999999999994,-7.6000000000000085,9,IMPROVING,IMPROVING,DETERIORATING
STU2303,Student 2303,Engineering College A,Computer Science,B.Tech,3,1,2023,0,Fall 2025,2.84,3.24,0,0,70.9,80.2,65.6,71.6,55,67,-0.40000000000000036,-9.299999999999997,-6.0,-12,DETERIORATING,DETERIORATING,DETERIORATING
STU2304,Student 2304,Engineering College A,Electrical,B.Tech,2,2,2023,0,Fall 2025,1.83,1.5,0,0,82.7,68.6,75.9,89.3,22,21,0.33000000000000007,14.100000000000009,-13.399999999999991,1,IMPROVING,IMPROVING,DETERIORATING
STU2305,Student 2305,Engineering College A,Electrical,B.Tech,1,1,2023,1,Fall 2025,2.65,2.81,1,1,55.4,72.4,71.2,93.4,24,35,-0.16000000000000014,-17.000000000000007,-22.200000000000003,-11,DETERIORATING,DETERIORATING,DETERIORATING
STU2306,Student 2306,Engineering College A,Mechanical,B.Tech,1,2,2023,0,Fall 2025,2.9,2.61,0,0,94.3,96.3,53.8,60.4,60,46,0.29000000000000004,-2.0,-6.600000000000001,14,IMPROVING,STABLE,DETERIORATING
STU2307,Student 2307,Engineering College A,Computer Science,B.Tech,4,1,2023,1,Fall 2025,3.65,3.64,0,0,95.4,94.2,43.5,53.2,24,30,0.009999999999999787,1.2000000000000028,-9.700000000000003,-6,STABLE,STABLE,DETERIORATING
STU2308,Student 2308,Engineering College A,Civil,B.Tech,3,2,2023,0,Fall 2025,3.42,3.19,0,0,90.1,86.7,85.9,79.4,53,53,0.22999999999999998,3.3999999999999915,6.5,0,IMPROVING,IMPROVING,IMPROVING
STU2309,Student 2309,Engineering College A,Computer Science,B.Tech,2,1,2023,0,Fall 2025,3.56,3.34,0,0,91.5,87.6,65.2,71.7,33,28,0.2200000000000002,3.9000000000000057,-6.5,5,IMPROVING,IMPROVING,DETERIORATING
STU2310,Student 2310,Engineering College A,Electrical,B.Tech,1,1,2023,0,Fall 2025,4.0,3.95,0,0,79.3,81.0,87.9,73.3,70,59,0.04999999999999982,-1.7000000000000028,14.600000000000009,11,STABLE,STABLE,IMPROVING
STU2311,Student 2311,Engineering College A,Mechanical,B.Tech,4,1,2023,0,Fall 2025,2.71,3.05,0,0,50.0,63.2,55.2,69.4,59,50,-0.33999999999999986,-13.200000000000003,-14.200000000000003,9,DETERIORATING,DETERIORATING,DETERIORATING
STU2312,Student 2312,Engineering College A,Mechanical,B.Tech,2,1,2023,1,Fall 2025,1.83,3.48,3,2,49.8,78.0,29.0,40.6,37,54,-1.65,-28.200000000000003,-11.600000000000001,-17,DETERIORATING,DETERIORATING,DETERIORATING
STU2313,Student 2313,Engineering College A,Civil,B.Tech,2,1,2023,1,Fall 2025,2.75,2.46,0,0,95.2,100.0,86.3,89.9,49,59,0.29000000000000004,-4.799999999999997,-3.6000000000000085,-10,IMPROVING,DETERIORATING,STABLE
STU2314,Student 2314,Engineering College A,Mechanical,B.Tech,1,1,2023,0,Fall 2025,2.44,2.91,0,0,79.3,88.6,74.8,83.2,31,34,0.0,-9.299999999999997,-8.400000000000006,-3,UNKNOWN,DETERIORATING,DETERIORATING
STU2315,Student 2315,Engineering College A,Mechanical,B.Tech,2,1,2023,1,Fall 2025,1.98,2.74,2,2,84.4,99.8,68.6,77.9,35,46,-0.7600000000000002,-15.399999999999991,-9.300000000000011,-11,DETERIORATING,DETERIORATING,DETERIORATING
STU2316,Student 2316,Engineering College A,Mechanical,B.Tech,1,1,2023,0,Fall 2025,2.01,1.81,1,0,80.5,82.3,62.6,70.9,63,49,0.19999999999999973,-1.7999999999999972,-8.300000000000004,14,IMPROVING,STABLE,DETERIORATING
STU2317,Student 2317,Engineering College A,Mechanical,B.Tech,4,1,2023,0,Fall 2025,3.12,2.95,0,0,67.6,71.5,94.4,81.1,49,48,0.16999999999999993,-3.9000000000000057,13.300000000000011,1,IMPROVING,DETERIORATING,IMPROVING
STU2318,Student 2318,Engineering College A,Mechanical,B.Tech,4,2,2023,0,Fall 2025,2.51,2.7,0,0,68.6,82.9,93.1,86.0,43,58,-0.1900000000000004,-14.300000000000011,7.099999999999994,-15,DETERIORATING,DETERIORATING,IMPROVING
STU2319,Student 2319,Engineering College A,Electrical,B.Tech,2,1,2023,0,Fall 2025,2.48,1.78,0,1,100.0,100.0,97.8,88.4,46,55,0.7,0.0,9.399999999999991,-9,IMPROVING,STABLE,IMPROVING
STU2320,Student 2320,Engineering College A,Computer Science,B.Tech,1,2,2023,0,Fall 2025,3.26,2.5,0,0,89.0,76.6,91.2,88.4,68,58,0.7599999999999998,12.400000000000006,2.799999999999997,10,IMPROVING,IMPROVING,STABLE
STU2321,Student 2321,Engineering College A,Business,B.Tech,3,1,2023,1,Fall 2025,3.0,3.25,0,1,57.0,81.0,51.9,57.0,0,0,-0.25,-24.0,-5.100000000000001,0,DETERIORATING,DETERIORATING,DETERIORATING
STU2322,Student 2322,Engineering College A,Mechanical,B.Tech,4,2,2023,0,Fall 2025,2.84,2.64,0,2,84.9,80.7,46.1,58.7,36,42,0.19999999999999973,4.200000000000003,-12.600000000000001,-6,IMPROVING,IMPROVING,DETERIORATING
STU2323,Student 2323,Engineering College A,Business,B.Tech,1,2,2023,0,Fall 2025,2.62,2.36,0,0,93.7,94.2,89.5,80.4,70,78,0.26000000000000023,-0.5,9.099999999999994,-8,IMPROVING,STABLE,IMPROVING
STU2324,Student 2324,Engineering College A,Business,B.Tech,1,1,2023,0,Fall 2025,2.7,2.67,0,0,79.5,81.0,69.8,71.5,19,21,0.03000000000000025,-1.5,-1.7000000000000028,-2,STABLE,STABLE,STABLE
STU2325,Student 2325,Engineering College A,Electrical,B.Tech,1,1,2023,0,Fall 2025,2.97,3.1,0,0,65.8,79.1,81.5,81.8,12,27,-0.1299999999999999,-13.299999999999997,-0.29999999999999716,-15,DETERIORATING,DETERIORATING,STABLE
STU2326,Student 2326,Engineering College A,Mechanical,B.Tech,2,2,2023,1,Fall 2025,3.37,4.0,1,2,48.6,69.5,49.7,56.8,20,40,-0.6299999999999999,-20.9,-7.099999999999994,-20,DETERIORATING,DETERIORATING,DETERIORATING
STU2327,Student 2327,Engineering College A,Business,B.Tech,3,2,2023,0,Fall 2025,3.4,3.41,0,0,78.0,77.2,75.6,68.6,45,42,-0.010000000000000231,0.7999999999999972,7.0,3,STABLE,STABLE,IMPROVING
STU2328,Student 2328,Engineering College A,Mechanical,B.Tech,2,1,2023,0,Fall 2025,2.69,2.75,0,0,81.2,76.4,63.7,68.3,10,0,-0.06000000000000005,4.799999999999997,-4.599999999999994,10,STABLE,IMPROVING,STABLE
STU2329,Student 2329,Engineering College A,Civil,B.Tech,4,1,2023,0,Fall 2025,3.17,3.02,0,0,66.4,81.6,63.9,75.1,73,76,0.1499999999999999,-0.9000000000000057,-11.199999999999996,-3,IMPROVING,UNKNOWN,DETERIORATING
STU2330,Student 2330,Engineering College A,Civil,B.Tech,2,1,2023,0,Fall 2025,2.67,2.6,0,1,100.0,100.0,71.6,84.5,73,76,0.06999999999999984,0.0,-12.900000000000006,-3,STABLE,STABLE,DETERIORATING
STU2331,Student 2331,Engineering College A,Civil,B.Tech,1,2,2023,0,Fall 2025,3.5,3.68,0,0,80.0,75.2,73.0,63.3,43,39,-0.18000000000000016,4.799999999999997,9.700000000000003,4,DETERIORATING,IMPROVING,IMPROVING
STU2332,Student 2332,Engineering College A,Business,B.Tech,2,1,2023,0,Fall 2025,2.93,2.5,1,0,74.4,60.7,91.9,83.6,70,71,0.43000000000000016,13.700000000000003,8.300000000000011,-1,IMPROVING,IMPROVING,IMPROVING
STU2333,Student 2333,Engineering College A,Civil,B.Tech,1,1,2023,0,Fall 2025,2.13,2.31,0,0,67.3,81.6,91.3,81.5,43,31,-0.18000000000000016,-0.9000000000000057,9.799999999999997,12,DETERIORATING,UNKNOWN,IMPROVING
STU2334,Student 2334,Engineering College A,Electrical,B.Tech,3,1,2023,0,Fall 2025,2.69,2.84,1,0,88.8,93.6,93.3,95.4,75,76,-0.1499999999999999,-4.799999999999997,-2.1000000000000085,-1,DETERIORATING,DETERIORATING,STABLE
STU2335,Student 2335,Engineering College A,Electrical,B.Tech,2,1,2023,0,Fall 2025,2.78,2.82,0,0,60.0,60.7,65.3,73.7,49,41,-0.040000000000000036,-0.7000000000000028,-8.400000000000006,8,STABLE,STABLE,DETERIORATING
STU2336,Student 2336,Engineering College A,Business,B.Tech,2,1,2023,1,Fall 2025,3.0,3.08,0,0,92.5,88.2,92.3,90.1,88,90,-0.08000000000000007,4.299999999999997,2.200000000000003,-2,STABLE,IMPROVING,STABLE
STU2337,Student 2337,Engineering College A,Mechanical,B.Tech,2,2,2023,0,Fall 2025,3.53,3.44,0,0,79.8,80.0,76.7,71.7,19,18,0.08999999999999986,-0.20000000000000284,5.0,1,STABLE,STABLE,STABLE
STU2338,Student 2338,Engineering College A,Computer Science,B.Tech,1,2,2023,0,Fall 2025,2.1,1.9,1,1,93.6,76.8,87.0,75.6,15,25,0.20000000000000018,16.799999999999997,11.400000000000006,-10,IMPROVING,IMPROVING,IMPROVING
STU2339,Student 2339,Engineering College A,Mechanical,B.Tech,1,1,2023,1,Fall 2025,3.44,3.56,1,0,100.0,99.1,61.0,75.9,87,85,-0.1200000000000001,0.9000000000000057,-14.900000000000006,2,DETERIORATING,STABLE,DETERIORATING
STU2340,Student 2340,Engineering College A,Mechanical,B.Tech,2,1,2023,0,Fall 2025,2.05,1.96,0,0,90.3,93.0,38.0,51.8,47,57,0.08999999999999986,-2.700000000000003,-13.799999999999997,-10,STABLE,DETERIORATING,DETERIORATING
STU2341,Student 2341,Engineering College A,Mechanical,B.Tech,2,2,2023,0,Fall 2025,2.26,1.55,0,0,82.1,75.5,91.2,79.5,56,44,0.7099999999999997,6.599999999999994,11.700000000000003,12,IMPROVING,IMPROVING,IMPROVING
STU2342,Student 2342,Engineering College A,Mechanical,B.Tech,3,1,2023,0,Fall 2025,3.39,3.42,1,0,84.7,81.9,95.2,86.7,51,45,-0.029999999999999805,2.799999999999997,8.5,6,STABLE,IMPROVING,IMPROVING
STU2343,Student 2343,Engineering College A,Computer Science,B.Tech,3,2,2023,0,Fall 2025,2.61,2.61,0,0,96.5,100.0,30.2,42.0,40,28,0.0,-3.5,-11.8,12,STABLE,DETERIORATING,DETERIORATING
STU2344,Student 2344,Engineering College A,Civil,B.Tech,4,1,2023,1,Fall 2025,2.21,2.01,0,0,80.0,77.4,51.9,63.8,45,40,0.20000000000000018,2.5999999999999943,-11.899999999999999,5,IMPROVING,IMPROVING,DETERIORATING
STU2345,Student 2345,Engineering College A,Mechanical,B.Tech,3,2,2023,1,Fall 2025,1.57,1.95,3,1,59.4,79.7,43.8,60.6,63,74,-0.3799999999999999,-20.300000000000004,-16.800000000000004,-11,DETERIORATING,DETERIORATING,DETERIORATING
STU2346,Student 2346,Engineering College A,Electrical,B.Tech,3,2,2023,0,Fall 2025,3.04,2.9,0,0,96.8,93.9,95.8,98.9,10,13,0.14000000000000012,2.8999999999999915,-3.1000000000000085,-3,IMPROVING,IMPROVING,STABLE
STU2347,Student 2347,Engineering College A,Business,B.Tech,3,1,2023,0,Fall 2025,2.87,2.84,1,0,62.6,61.3,53.3,60.7,27,36,0.03000000000000025,1.3000000000000043,-7.400000000000006,-9,STABLE,STABLE,DETERIORATING
STU2348,Student 2348,Engineering College A,Business,B.Tech,1,2,2023,1,Fall 2025,2.28,2.74,1,0,72.5,85.8,70.2,83.9,25,16,-0.4600000000000004,-13.299999999999997,-13.700000000000003,9,DETERIORATING,DETERIORATING,DETERIORATING
STU2349,Student 2349,Engineering College A,Electrical,B.Tech,3,1,2023,0,Fall 2025,3.18,3.63,0,0,50.0,53.3,79.0,79.5,10,13,-0.44999999999999973,-3.299999999999997,-0.5,-3,DETERIORATING,DETERIORATING,STABLE
STU2350,Student 2350,Engineering College A,Mechanical,B.Tech,3,2,2023,1,Fall 2025,2.87,2.8,0,0,60.0,62.6,65.2,77.3,67,57,0.07000000000000028,-2.6000000000000014,-12.099999999999994,10,STABLE,DETERIORATING,DETERIORATING
STU2351,Student 2351,Engineering College A,Computer Science,B.Tech,2,1,2023,0,Fall 2025,2.14,2.08,0,0,79.9,82.6,71.3,66.5,31,45,0.06000000000000005,-2.6999999999999886,4.799999999999997,-14,STABLE,DETERIORATING,STABLE
STU2352,Student 2352,Engineering College A,Civil,B.Tech,1,1,2023,1,Fall 2025,2.86,3.61,1,2,62.6,79.7,60.6,84.2,23,47,-0.75,-17.1,-23.6,-24,DETERIORATING,DETERIORATING,DETERIORATING
STU2353,Student 2353,Engineering College A,Business,B.Tech,4,1,2023,0,Fall 2025,4.0,4.0,0,0,96.4,93.5,68.3,60.9,45,41,0.0,2.9000000000000057,7.399999999999999,4,STABLE,IMPROVING,IMPROVING
STU2354,Student 2354,Engineering College A,Civil,B.Tech,4,2,2023,1,Fall 2025,3.3,3.61,2,0,74.8,88.8,59.8,71.4,28,40,-0.31000000000000005,-14.0,-11.600000000000009,-12,DETERIORATING,DETERIORATING,DETERIORATING
STU2355,Student 2355,Engineering College A,Computer Science,B.Tech,3,1,2023,0,Fall 2025,2.57,2.01,0,0,85.3,74.2,45.0,55.6,57,68,0.56,11.099999999999994,-10.600000000000001,-11,IMPROVING,IMPROVING,DETERIORATING
STU2356,Student 2356,Engineering College A,Business,B.Tech,4,1,2023,0,Fall 2025,2.51,2.31,0,0,72.5,60.8,96.9,85.8,43,48,0.19999999999999973,11.700000000000003,11.100000000000009,-5,IMPROVING,IMPROVING,IMPROVING
STU2357,Student 2357,Engineering College A,Civil,B.Tech,4,1,2023,0,Fall 2025,2.27,4.0,2,2,65.2,75.5,75.4,83.0,16,33,-1.73,-10.299999999999997,-7.599999999999994,-17,DETERIORATING,DETERIORATING,DETERIORATING
STU2358,Student 2358,Engineering College A,Computer Science,B.Tech,4,2,2023,0,Fall 2025,2.77,3.24,0,0,75.6,81.7,99.8,91.4,34,32,-0.4700000000000002,-6.1000000000000085,8.399999999999991,2,DETERIORATING,DETERIORATING,IMPROVING
STU2359,Student 2359,Engineering College A,Civil,B.Tech,3,1,2023,0,Fall 2025,1.99,2.12,0,1,85.2,84.0,43.4,55.2,34,32,-0.13000000000000012,1.2000000000000028,-11.800000000000004,2,DETERIORATING,STABLE,DETERIORATING
STU2360,Student 2360,Engineering College A,Mechanical,B.Tech,4,2,2023,0,Fall 2025,2.68,1.76,0,1,100.0,99.9,67.7,55.0,16,27,0.9200000000000002,0.09999999999999432,12.700000000000003,-11,IMPROVING,STABLE,IMPROVING
STU2361,Student 2361,Engineering College A,Computer Science,B.Tech,3,2,2023,0,Fall 2025,2.44,2.09,0,2,81.5,68.4,60.1,61.6,25,13,0.3500000000000001,13.099999999999994,-1.5,12,IMPROVING,IMPROVING,STABLE
STU2362,Student 2362,Engineering College A,Civil,B.Tech,2,2,2023,0,Fall 2025,3.17,3.04,1,0,100.0,100.0,68.3,72.4,51,64,0.1299999999999999,0.0,-4.1000000000000085,-13,IMPROVING,STABLE,STABLE
STU2363,Student 2363,Engineering College A,Mechanical,B.Tech,2,1,2023,1,Fall 2025,2.92,2.77,0,0,89.2,86.0,83.8,94.0,80,67,0.1499999999999999,3.200000000000003,-10.200000000000003,13,IMPROVING,IMPROVING,DETERIORATING
STU2364,Student 2364,Engineering College A,Mechanical,B.Tech,4,1,2023,0,Fall 2025,1.94,1.96,0,0,60.0,60.2,81.4,89.4,42,52,-0.020000000000000018,-0.20000000000000284,-8.0,-10,STABLE,STABLE,DETERIORATING
STU2365,Student 2365,Engineering College A,Computer Science,B.Tech,2,2,2023,0,Fall 2025,2.11,2.16,0,1,82.6,81.9,100.0,93.4,70,60,-0.050000000000000266,0.6999999999999886,6.599999999999994,10,STABLE,STABLE,IMPROVING
STU2366,Student 2366,Engineering College A,Electrical,B.Tech,3,1,2023,0,Fall 2025,2.6,2.9,0,1,74.0,83.1,86.8,74.1,80,66,-0.2999999999999998,-9.099999999999994,12.700000000000003,14,DETERIORATING,DETERIORATING,IMPROVING
STU2367,Student 2367,Engineering College A,Business,B.Tech,2,1,2023,0,Fall 2025,2.59,2.36,0,0,86.1,79.1,81.8,68.7,47,60,0.22999999999999998,7.0,13.099999999999994,-13,IMPROVING,IMPROVING,IMPROVING
STU2368,Student 2368,Engineering College A,Computer Science,B.Tech,4,2,2023,1,Fall 2025,3.13,2.5,1,0,100.0,97.6,64.0,53.3,51,52,0.6299999999999999,2.4000000000000057,10.700000000000003,-1,IMPROVING,IMPROVING,IMPROVING
STU2369,Student 2369,Engineering College A,Mechanical,B.Tech,3,2,2023,0,Fall 2025,2.52,1.87,0,0,98.2,79.9,59.1,58.7,10,0,0.6499999999999999,18.299999999999997,0.3999999999999986,10,IMPROVING,IMPROVING,STABLE
STU2370,Student 2370,Engineering College A,Mechanical,B.Tech,1,1,2023,0,Fall 2025,2.92,2.93,0,0,76.5,73.8,82.0,72.1,50,45,-0.010000000000000231,2.700000000000003,9.900000000000006,5,STABLE,IMPROVING,IMPROVING
STU2371,Student 2371,Engineering College A,Computer Science,B.Tech,3,2,2023,0,Fall 2025,2.28,2.74,0,1,78.4,81.6,99.2,88.1,46,40,-0.4600000000000004,-0.9000000000000057,11.100000000000009,6,DETERIORATING,UNKNOWN,IMPROVING
STU2372,Student 2372,Engineering College A,Electrical,B.Tech,2,1,2023,1,Fall 2025,2.47,2.8,0,0,80.5,87.9,60.1,66.4,58,44,-0.3299999999999996,-7.400000000000006,-6.300000000000004,14,DETERIORATING,DETERIORATING,DETERIORATING
STU2373,Student 2373,Engineering College A,Business,B.Tech,1,2,2023,0,Fall 2025,2.42,2.44,0,0,82.7,82.0,67.6,80.4,43,30,-0.020000000000000018,0.7000000000000028,-12.800000000000011,13,STABLE,STABLE,DETERIORATING
STU2374,Student 2374,Engineering College A,Civil,B.Tech,3,1,2023,0,Fall 2025,3.07,2.81,0,0,65.1,67.1,73.4,64.6,52,63,0.2599999999999998,-2.0,8.800000000000011,-11,IMPROVING,STABLE,IMPROVING
STU2375,Student 2375,Engineering College A,Computer Science,B.Tech,1,1,2023,0,Fall 2025,3.02,3.19,1,0,81.9,79.5,78.9,79.8,39,33,-0.16999999999999993,2.4000000000000057,-0.8999999999999915,6,DETERIORATING,IMPROVING,STABLE
STU2376,Student 2376,Engineering College A,Business,B.Tech,1,2,2023,0,Fall 2025,1.78,1.97,0,0,78.6,80.7,62.4,77.0,51,55,-0.18999999999999995,-2.1000000000000085,-14.600000000000001,-4,DETERIORATING,DETERIORATING,DETERIORATING
STU2377,Student 2377,Engineering College A,Business,B.Tech,1,1,2023,0,Fall 2025,3.58,3.39,0,0,80.9,85.3,100.0,95.4,49,38,0.18999999999999995,-4.3999999999999915,4.599999999999994,11,IMPROVING,DETERIORATING,STABLE
STU2378,Student 2378,Engineering College A,Mechanical,B.Tech,3,1,2023,0,Fall 2025,2.05,2.01,0,0,88.7,87.2,50.8,65.4,87,84,0.040000000000000036,1.5,-14.600000000000009,3,STABLE,STABLE,DETERIORATING
STU2379,Student 2379,Engineering College A,Civil,B.Tech,2,2,2023,0,Fall 2025,3.16,3.3,2,0,76.5,81.1,68.6,74.7,76,63,-0.13999999999999968,-4.599999999999994,-6.1000000000000085,13,DETERIORATING,DETERIORATING,DETERIORATING
STU2380,Student 2380,Engineering College A,Computer Science,B.Tech,3,1,2023,0,Fall 2025,2.58,2.44,0,0,79.8,77.3,100.0,100.0,67,67,0.14000000000000012,2.5,0.0,0,IMPROVING,IMPROVING,STABLE
STU2381,Student 2381,Engineering College A,Mechanical,B.Tech,2,1,2023,0,Fall 2025,2.63,2.34,0,0,90.2,91.0,84.2,71.4,29,40,0.29000000000000004,-0.7999999999999972,12.799999999999997,-11,IMPROVING,STABLE,IMPROVING
STU2382,Student 2382,Engineering College A,Mechanical,B.Tech,3,1,2023,1,Fall 2025,3.28,3.78,3,2,54.3,65.8,74.8,97.4,19,38,-0.5,-11.5,-22.60000000000001,-19,DETERIORATING,DETERIORATING,DETERIORATING
STU2383,Student 2383,Engineering College A,Electrical,B.Tech,3,2,2023,1,Fall 2025,2.68,3.45,0,2,47.1,64.3,55.3,81.0,57,73,-0.77,-17.199999999999996,-25.700000000000003,-16,DETERIORATING,DETERIORATING,DETERIORATING
STU2384,Student 2384,Engineering College A,Business,B.Tech,3,2,2023,0,Fall 2025,3.35,3.29,0,0,85.4,84.7,62.7,71.9,45,54,0.06000000000000005,0.7000000000000028,-9.200000000000003,-9,STABLE,STABLE,DETERIORATING
STU2385,Student 2385,Engineering College A,Computer Science,B.Tech,2,2,2023,1,Fall 2025,3.41,3.48,0,0,78.9,76.9,95.4,82.6,56,47,-0.06999999999999984,2.0,12.800000000000011,9,STABLE,STABLE,IMPROVING
STU2386,Student 2386,Engineering College A,Computer Science,B.Tech,3,2,2023,0,Fall 2025,3.66,3.53,0,2,89.4,89.7,100.0,89.9,70,67,0.13000000000000034,-0.29999999999999716,10.099999999999994,3,IMPROVING,STABLE,IMPROVING
STU2387,Student 2387,Engineering College A,Computer Science,B.Tech,1,2,2023,0,Fall 2025,3.09,2.84,0,0,77.0,76.2,46.6,58.5,60,66,0.25,0.7999999999999972,-11.899999999999999,-6,IMPROVING,STABLE,DETERIORATING
STU2388,Student 2388,Engineering College A,Mechanical,B.Tech,3,1,2023,0,Fall 2025,3.27,3.16,0,0,77.4,79.1,68.5,68.1,59,47,0.10999999999999988,-1.6999999999999886,0.4000000000000057,12,IMPROVING,STABLE,STABLE
STU2389,Student 2389,Engineering College A,Electrical,B.Tech,1,1,2023,1,Fall 2025,2.81,2.67,0,0,90.4,93.6,68.8,82.4,24,15,0.14000000000000012,-3.1999999999999886,-13.600000000000009,9,IMPROVING,DETERIORATING,DETERIORATING
STU2390,Student 2390,Engineering College A,Civil,B.Tech,4,1,2023,0,Fall 2025,3.16,3.3,0,0,85.2,89.6,81.4,86.8,37,50,-0.13999999999999968,-4.3999999999999915,-5.3999999999999915,-13,DETERIORATING,DETERIORATING,DETERIORATING
STU2391,Student 2391,Engineering College A,Mechanical,B.Tech,4,2,2023,0,Fall 2025,2.2,2.23,0,0,84.2,79.3,100.0,99.8,23,23,-0.029999999999999805,4.900000000000006,0.20000000000000284,0,STABLE,IMPROVING,STABLE
STU2392,Student 2392,Engineering College A,Civil,B.Tech,2,1,2023,1,Fall 2025,2.49,2.23,0,0,96.0,98.9,65.4,76.1,42,39,0.26000000000000023,-2.9000000000000057,-10.699999999999989,3,IMPROVING,DETERIORATING,DETERIORATING
STU2393,Student 2393,Engineering College A,Electrical,B.Tech,2,2,2023,0,Fall 2025,2.52,2.24,0,0,60.0,52.3,61.5,67.7,48,58,0.2799999999999998,7.700000000000003,-6.200000000000003,-10,IMPROVING,IMPROVING,DETERIORATING
STU2394,Student 2394,Engineering College A,Business,B.Tech,4,1,2023,0,Fall 2025,3.23,2.94,1,1,83.4,81.6,96.7,89.4,48,58,0.29000000000000004,1.8000000000000114,7.299999999999997,-10,IMPROVING,STABLE,IMPROVING
STU2395,Student 2395,Engineering College A,Computer Science,B.Tech,3,2,2023,1,Fall 2025,3.29,3.46,0,1,60.6,69.0,58.8,65.3,49,66,-0.16999999999999993,-8.399999999999999,-6.5,-17,DETERIORATING,DETERIORATING,DETERIORATING
STU2396,Student 2396,Engineering College A,Civil,B.Tech,3,1,2023,1,Fall 2025,2.46,2.0,0,0,97.5,92.1,85.4,77.2,65,65,0.45999999999999996,5.400000000000006,8.200000000000003,0,IMPROVING,IMPROVING,IMPROVING
STU2397,Student 2397,Engineering College A,Mechanical,B.Tech,3,1,2023,1,Fall 2025,2.83,2.79,0,0,76.5,81.1,73.5,77.9,59,53,0.040000000000000036,-4.599999999999994,-4.400000000000006,6,STABLE,DETERIORATING,STABLE
STU2398,Student 2398,Engineering College A,Civil,B.Tech,4,2,2023,0,Fall 2025,3.48,3.26,2,0,97.2,100.0,89.2,87.1,62,67,0.2200000000000002,-2.799999999999997,2.1000000000000085,-5,IMPROVING,DETERIORATING,STABLE
STU2399,Student 2399,Engineering College A,Business,B.Tech,1,1,2023,1,Fall 2025,3.71,3.46,0,0,84.1,81.2,100.0,100.0,66,69,0.25,2.8999999999999915,0.0,-3,IMPROVING,IMPROVING,STABLE
STU2400,Student 2400,Engineering College A,Computer Science,B.Tech,2,1,2023,0,Fall 2025,1.58,2.91,0,0,93.9,93.3,73.6,73.2,26,35,0.0,0.6000000000000085,0.3999999999999915,-9,UNKNOWN,STABLE,STABLE
STU2401,Student 2401,Engineering College A,Civil,B.Tech,1,2,2023,1,Fall 2025,3.09,3.24,0,0,91.6,90.8,87.8,78.7,22,30,-0.15000000000000036,0.7999999999999972,9.099999999999994,-8,DETERIORATING,STABLE,IMPROVING
STU2402,Student 2402,Engineering College A,Business,B.Tech,4,1,2023,0,Fall 2025,1.49,1.49,0,0,83.8,84.2,86.9,76.3,36,47,0.0,-0.4000000000000057,10.600000000000009,-11,STABLE,STABLE,IMPROVING
STU2403,Student 2403,Engineering College A,Mechanical,B.Tech,1,1,2023,1,Fall 2025,3.07,2.81,0,0,99.0,100.0,48.6,50.1,39,30,0.2599999999999998,-1.0,-1.5,9,IMPROVING,STABLE,STABLE
STU2404,Student 2404,Engineering College A,Electrical,B.Tech,3,2,2023,0,Fall 2025,2.34,2.39,0,0,100.0,100.0,75.0,63.6,48,62,-0.050000000000000266,0.0,11.399999999999999,-14,STABLE,STABLE,IMPROVING
STU2405,Student 2405,Engineering College A,Mechanical,B.Tech,3,2,2023,0,Fall 2025,3.83,3.8,0,0,71.0,67.7,71.9,80.5,50,53,0.03000000000000025,3.299999999999997,-8.599999999999994,-3,STABLE,IMPROVING,DETERIORATING
STU2406,Student 2406,Engineering College A,Computer Science,B.Tech,1,2,2023,0,Fall 2025,3.31,3.03,2,0,79.7,79.3,83.2,84.8,36,34,0.28000000000000025,0.4000000000000057,-1.5999999999999943,2,IMPROVING,STABLE,STABLE
STU2407,Student 2407,Engineering College A,Mechanical,B.Tech,4,2,2023,0,Fall 2025,2.25,2.23,0,0,88.7,87.3,77.9,70.7,42,54,0.020000000000000018,1.4000000000000057,7.200000000000003,-12,STABLE,STABLE,IMPROVING
STU2408,Student 2408,Engineering College A,Mechanical,B.Tech,1,2,2023,0,Fall 2025,2.83,1.9,0,0,93.9,87.7,91.8,91.5,76,70,0.9300000000000002,6.200000000000003,0.29999999999999716,6,IMPROVING,IMPROVING,STABLE
STU2409,Student 2409,Engineering College A,Mechanical,B.Tech,3,1,2023,1,Fall 2025,3.55,3.81,2,1,54.1,77.5,20.7,33.7,0,0,-0.26000000000000023,-23.4,-13.000000000000004,0,DETERIORATING,DETERIORATING,DETERIORATING
STU2410,Student 2410,Engineering College A,Mechanical,B.Tech,3,2,2023,0,Fall 2025,2.81,2.77,0,0,60.0,40.0,41.3,54.9,56,63,0.040000000000000036,20.0,-13.600000000000001,-7,STABLE,IMPROVING,DETERIORATING
STU2411,Student 2411,Engineering College A,Computer Science,B.Tech,4,2,2023,0,Fall 2025,3.52,3.76,0,0,64.4,71.5,80.0,66.1,18,33,-0.23999999999999977,-7.099999999999994,13.900000000000006,-15,DETERIORATING,DETERIORATING,IMPROVING
STU2412,Student 2412,Engineering College A,Business,B.Tech,1,1,2023,0,Fall 2025,1.13,1.47,0,0,72.7,83.3,41.3,50.6,34,48,-0.3400000000000001,-10.599999999999994,-9.300000000000004,-14,DETERIORATING,DETERIORATING,DETERIORATING
STU2413,Student 2413,Engineering College A,Civil,B.Tech,3,1,2023,0,Fall 2025,2.88,2.95,1,0,69.2,74.1,84.9,86.3,62,66,-0.07000000000000028,-4.8999999999999915,-1.3999999999999915,-4,STABLE,DETERIORATING,STABLE
STU2414,Student 2414,Engineering College A,Electrical,B.Tech,3,1,2023,0,Fall 2025,1.97,1.0,0,0,100.0,97.9,86.9,77.7,57,70,0.97,2.0999999999999943,9.200000000000003,-13,IMPROVING,IMPROVING,IMPROVING
STU2415,Student 2415,Engineering College A,Civil,B.Tech,1,1,2023,0,Fall 2025,2.79,2.52,1,0,99.8,100.0,97.1,99.1,21,20,0.27,-0.20000000000000284,-2.0,1,IMPROVING,STABLE,STABLE
STU2416,Student 2416,Engineering College A,Civil,B.Tech,1,1,2023,1,Fall 2025,2.0,2.49,3,2,67.5,86.4,29.8,59.7,16,30,-0.4900000000000002,-18.900000000000006,-29.900000000000002,-14,DETERIORATING,DETERIORATING,DETERIORATING
STU2417,Student 2417,Engineering College A,Electrical,B.Tech,2,2,2023,0,Fall 2025,3.16,2.99,0,0,80.8,82.4,61.3,71.9,33,26,0.16999999999999993,-1.6000000000000085,-10.600000000000009,7,IMPROVING,STABLE,DETERIORATING
STU2418,Student 2418,Engineering College A,Computer Science,B.Tech,4,1,2023,0,Fall 2025,2.19,2.07,0,0,90.5,86.8,100.0,98.4,90,86,0.1200000000000001,3.700000000000003,1.5999999999999943,4,IMPROVING,IMPROVING,STABLE
STU2419,Student 2419,Engineering College A,Electrical,B.Tech,4,2,2023,0,Fall 2025,3.1,2.92,0,0,71.1,76.0,68.4,63.1,30,31,0.18000000000000016,-4.900000000000006,5.300000000000004,-1,IMPROVING,DETERIORATING,IMPROVING
STU2420,Student 2420,Engineering College A,Computer Science,B.Tech,1,1,2023,0,Fall 2025,4.0,4.0,0,0,78.9,76.0,67.3,63.1,11,21,0.0,2.9000000000000057,4.199999999999996,-10,STABLE,IMPROVING,STABLE
STU2421,Student 2421,Engineering College A,Civil,B.Tech,4,2,2023,0,Fall 2025,1.94,1.78,1,0,86.5,83.7,66.7,65.8,10,12,0.15999999999999992,2.799999999999997,0.9000000000000057,-2,IMPROVING,IMPROVING,STABLE
STU2422,Student 2422,Engineering College A,Computer Science,B.Tech,3,1,2023,0,Fall 2025,2.54,2.97,0,0,54.3,60.5,93.8,82.5,40,35,-0.43000000000000016,-6.200000000000003,11.299999999999997,5,DETERIORATING,DETERIORATING,IMPROVING
STU2423,Student 2423,Engineering College A,Business,B.Tech,1,2,2023,0,Fall 2025,2.85,2.85,0,0,95.8,95.1,96.0,82.6,49,46,0.0,0.7000000000000028,13.400000000000006,3,STABLE,STABLE,IMPROVING
STU2424,Student 2424,Engineering College A,Electrical,B.Tech,1,2,2023,0,Fall 2025,1.0,1.0,1,2,70.6,77.4,89.7,92.9,72,65,0.0,-6.800000000000011,-3.200000000000003,7,STABLE,DETERIORATING,STABLE
STU2425,Student 2425,Engineering College A,Business,B.Tech,1,2,2023,1,Fall 2025,2.58,2.63,0,0,100.0,97.9,72.9,78.7,40,49,-0.04999999999999982,2.0999999999999943,-5.799999999999997,-9,STABLE,IMPROVING,DETERIORATING
STU2426,Student 2426,Engineering College A,Civil,B.Tech,2,2,2023,1,Fall 2025,2.9,2.96,3,2,60.0,90.0,49.1,77.4,24,31,-0.06000000000000005,-30.0,-28.300000000000004,-7,STABLE,DETERIORATING,DETERIORATING
STU2427,Student 2427,Engineering College A,Electrical,B.Tech,4,2,2023,0,Fall 2025,3.71,3.79,0,1,69.8,71.8,62.5,74.4,10,0,-0.08000000000000007,-2.0,-11.900000000000006,10,STABLE,STABLE,DETERIORATING
STU2428,Student 2428,Engineering College A,Civil,B.Tech,2,2,2023,1,Fall 2025,1.47,3.4,2,1,81.5,92.7,72.2,92.3,40,58,-1.93,-11.200000000000003,-20.099999999999994,-18,DETERIORATING,DETERIORATING,DETERIORATING
STU2429,Student 2429,Engineering College A,Business,B.Tech,3,2,2023,0,Fall 2025,2.95,2.95,0,0,65.2,64.0,73.5,86.1,47,40,0.0,1.2000000000000028,-12.599999999999994,7,STABLE,STABLE,DETERIORATING
STU2430,Student 2430,Engineering College A,Civil,B.Tech,4,2,2023,1,Fall 2025,2.66,3.06,3,2,83.1,88.6,61.9,85.1,24,49,-0.3999999999999999,-5.5,-23.199999999999996,-25,DETERIORATING,DETERIORATING,DETERIORATING
STU2431,Student 2431,Engineering College A,Electrical,B.Tech,2,2,2023,0,Fall 2025,3.02,3.15,0,0,60.0,56.7,50.2,62.4,49,47,-0.1299999999999999,3.299999999999997,-12.199999999999996,2,DETERIORATING,IMPROVING,DETERIORATING
STU2432,Student 2432,Engineering College A,Electrical,B.Tech,1,2,2023,0,Fall 2025,2.33,2.51,1,0,80.1,80.6,84.4,83.5,13,20,-0.17999999999999972,-0.5,0.9000000000000057,-7,DETERIORATING,STABLE,STABLE
STU2433,Student 2433,Engineering College A,Civil,B.Tech,2,1,2023,1,Fall 2025,2.05,2.6,1,1,52.7,76.2,66.3,92.5,18,25,-0.5500000000000003,-23.5,-26.200000000000003,-7,DETERIORATING,DETERIORATING,DETERIORATING
STU2434,Student 2434,Engineering College A,Electrical,B.Tech,1,2,2023,0,Fall 2025,1.96,1.77,0,0,71.1,74.1,79.8,83.4,58,47,0.18999999999999995,-3.0,-3.6000000000000085,11,IMPROVING,DETERIORATING,STABLE
STU2435,Student 2435,Engineering College A,Electrical,B.Tech,2,2,2023,1,Fall 2025,3.14,3.89,3,2,64.3,82.5,35.8,59.0,26,47,-0.75,-18.200000000000003,-23.200000000000003,-21,DETERIORATING,DETERIORATING,DETERIORATING
STU2436,Student 2436,Engineering College A,Civil,B.Tech,2,1,2023,0,Fall 2025,2.18,1.75,0,0,100.0,96.5,71.9,73.1,44,37,0.43000000000000016,3.5,-1.1999999999999886,7,IMPROVING,IMPROVING,STABLE
STU2437,Student 2437,Engineering College A,Business,B.Tech,2,2,2023,0,Fall 2025,2.96,2.38,0,0,100.0,90.1,87.8,100.0,16,25,0.5800000000000001,9.900000000000006,-12.200000000000003,-9,IMPROVING,IMPROVING,DETERIORATING
STU2438,Student 2438,Engineering College A,Electrical,B.Tech,1,2,2023,0,Fall 2025,3.17,3.12,0,0,72.1,72.2,100.0,100.0,65,64,0.04999999999999982,-0.10000000000000853,0.0,1,STABLE,STABLE,STABLE
STU2439,Student 2439,Engineering College A,Electrical,B.Tech,2,1,2023,0,Fall 2025,2.84,1.97,2,0,100.0,94.3,39.9,53.3,68,69,0.8699999999999999,5.700000000000003,-13.399999999999999,-1,IMPROVING,IMPROVING,DETERIORATING
STU2440,Student 2440,Engineering College A,Electrical,B.Tech,4,1,2023,0,Fall 2025,1.61,1.25,2,0,99.6,83.8,67.7,67.6,46,34,0.3600000000000001,15.799999999999997,0.10000000000000853,12,IMPROVING,IMPROVING,STABLE
STU2441,Student 2441,Engineering College A,Electrical,B.Tech,4,2,2023,0,Fall 2025,3.64,3.92,0,0,83.3,88.3,71.9,61.8,32,30,-0.2799999999999998,-5.0,10.100000000000009,2,DETERIORATING,DETERIORATING,IMPROVING
STU2442,Student 2442,Engineering College A,Civil,B.Tech,4,1,2023,0,Fall 2025,2.97,2.5,0,0,92.4,79.7,69.0,75.2,39,53,0.4700000000000002,12.700000000000003,-6.200000000000003,-14,IMPROVING,IMPROVING,DETERIORATING
STU2443,Student 2443,Engineering College A,Business,B.Tech,1,2,2023,0,Fall 2025,2.38,2.55,0,0,76.1,75.8,74.7,87.5,15,6,-0.16999999999999993,0.29999999999999716,-12.799999999999997,9,DETERIORATING,STABLE,DETERIORATING
STU2444,Student 2444,Engineering College A,Business,B.Tech,1,2,2023,0,Fall 2025,1.81,1.44,0,0,80.7,67.2,79.2,88.2,20,27,0.3700000000000001,13.5,-9.0,-7,IMPROVING,IMPROVING,DETERIORATING
STU2445,Student 2445,Engineering College A,Computer Science,B.Tech,4,2,2023,0,Fall 2025,3.95,4.0,0,0,87.1,84.6,70.9,67.1,41,51,-0.04999999999999982,2.5,3.8000000000000114,-10,STABLE,IMPROVING,STABLE
STU2446,Student 2446,Engineering College A,Electrical,B.Tech,4,1,2023,0,Fall 2025,2.29,2.16,0,0,74.5,74.6,100.0,92.7,66,76,0.1299999999999999,-0.09999999999999432,7.299999999999997,-10,IMPROVING,STABLE,IMPROVING
STU2447,Student 2447,Engineering College A,Electrical,B.Tech,4,2,2023,0,Fall 2025,2.81,2.24,0,0,82.9,77.4,76.3,84.3,61,76,0.5699999999999998,5.5,-8.0,-15,IMPROVING,IMPROVING,DETERIORATING
STU2448,Student 2448,Engineering College A,Computer Science,B.Tech,3,2,2023,0,Fall 2025,2.57,2.57,0,0,78.8,82.1,84.8,97.6,33,32,0.0,-3.299999999999997,-12.799999999999997,1,STABLE,DETERIORATING,DETERIORATING
STU2449,Student 2449,Engineering College A,Business,B.Tech,4,1,2023,0,Fall 2025,3.35,3.49,0,0,94.7,100.0,89.2,74.9,66,53,-0.14000000000000012,-5.299999999999997,14.299999999999997,13,DETERIORATING,DETERIORATING,IMPROVING
STU2450,Student 2450,Engineering College A,Mechanical,B.Tech,2,2,2023,0,Fall 2025,2.89,2.46,0,0,69.7,64.1,91.1,90.9,17,18,0.43000000000000016,5.6000000000000085,0.19999999999998863,-1,IMPROVING,IMPROVING,STABLE
STU2451,Student 2451,Engineering College A,Mechanical,B.Tech,3,2,2023,0,Fall 2025,3.15,2.43,0,0,65.6,57.4,37.9,48.0,34,38,0.7199999999999998,8.199999999999996,-10.100000000000001,-4,IMPROVING,IMPROVING,DETERIORATING
STU2452,Student 2452,Engineering College A,Business,B.Tech,3,2,2023,0,Fall 2025,2.66,3.03,1,0,71.9,86.8,44.0,64.0,27,44,-0.36999999999999966,-14.899999999999991,-20.0,-17,DETERIORATING,DETERIORATING,DETERIORATING
STU2453,Student 2453,Engineering College A,Electrical,B.Tech,1,2,2023,0,Fall 2025,3.07,2.89,0,0,81.9,78.1,85.7,80.7,51,48,0.17999999999999972,3.8000000000000114,5.0,3,IMPROVING,IMPROVING,STABLE
STU2454,Student 2454,Engineering College A,Mechanical,B.Tech,2,2,2023,0,Fall 2025,2.2,1.89,1,0,100.0,97.1,94.2,88.0,42,33,0.3100000000000003,2.9000000000000057,6.200000000000003,9,IMPROVING,IMPROVING,IMPROVING
STU2455,Student 2455,Engineering College A,Civil,B.Tech,1,2,2023,0,Fall 2025,3.7,3.72,2,0,80.8,81.0,95.9,100.0,71,76,-0.020000000000000018,-0.20000000000000284,-4.099999999999994,-5,STABLE,STABLE,STABLE
STU2456,Student 2456,Engineering College A,Civil,B.Tech,1,1,2023,0,Fall 2025,3.0,2.06,0,0,75.0,66.5,88.9,90.2,44,48,0.94,8.5,-1.2999999999999972,-4,IMPROVING,IMPROVING,STABLE
STU2457,Student 2457,Engineering College A,Computer Science,B.Tech,2,2,2023,0,Fall 2025,3.28,3.07,0,0,100.0,100.0,71.1,56.9,23,14,0.20999999999999996,0.0,14.199999999999996,9,IMPROVING,STABLE,IMPROVING
STU2458,Student 2458,Engineering College A,Business,B.Tech,1,2,2023,0,Fall 2025,2.36,2.43,0,0,100.0,96.2,95.5,91.7,10,14,-0.07000000000000028,3.799999999999997,3.799999999999997,-4,STABLE,IMPROVING,STABLE
STU2459,Student 2459,Engineering College A,Business,B.Tech,2,1,2023,0,Fall 2025,3.15,2.88,0,0,90.8,91.0,85.6,100.0,69,74,0.27,-0.20000000000000284,-14.400000000000006,-5,IMPROVING,STABLE,DETERIORATING
STU2460,Student 2460,Engineering College A,Mechanical,B.Tech,2,2,2023,0,Fall 2025,3.92,3.96,0,0,78.2,78.6,71.4,79.0,35,50,-0.040000000000000036,-0.3999999999999915,-7.599999999999994,-15,STABLE,STABLE,DETERIORATING
STU2461,Student 2461,Engineering College A,Electrical,B.Tech,1,2,2023,1,Fall 2025,2.96,3.58,0,2,69.3,76.8,82.6,88.3,1,18,-0.6200000000000001,-7.5,-5.700000000000003,-17,DETERIORATING,DETERIORATING,DETERIORATING
STU2462,Student 2462,Engineering College A,Business,B.Tech,4,1,2023,1,Fall 2025,2.44,3.01,1,1,40.3,61.2,50.0,70.2,24,45,-0.5699999999999998,-20.900000000000006,-20.200000000000003,-21,DETERIORATING,DETERIORATING,DETERIORATING
STU2463,Student 2463,Engineering College A,Mechanical,B.Tech,1,1,2023,0,Fall 2025,3.59,3.32,0,0,95.6,95.4,75.7,71.3,73,83,0.27,0.19999999999998863,4.400000000000006,-10,IMPROVING,STABLE,STABLE
STU2464,Student 2464,Engineering College A,Mechanical,B.Tech,3,1,2023,0,Fall 2025,3.09,3.27,0,0,82.6,81.3,49.6,52.0,61,47,-0.18000000000000016,1.2999999999999972,-2.3999999999999986,14,DETERIORATING,STABLE,STABLE
STU2465,Student 2465,Engineering College A,Business,B.Tech,1,1,2023,0,Fall 2025,3.78,3.75,2,0,81.7,86.4,44.7,58.5,91,87,0.029999999999999805,-4.700000000000003,-13.799999999999997,4,STABLE,DETERIORATING,DETERIORATING
STU2466,Student 2466,Engineering College A,Mechanical,B.Tech,2,1,2023,0,Fall 2025,2.93,2.16,0,0,87.9,73.8,90.7,77.3,34,43,0.77,14.100000000000009,13.400000000000006,-9,IMPROVING,IMPROVING,IMPROVING
STU2467,Student 2467,Engineering College A,Computer Science,B.Tech,3,1,2023,0,Fall 2025,2.3,2.05,0,0,81.1,85.9,92.0,88.0,32,29,0.25,-4.800000000000011,4.0,3,IMPROVING,DETERIORATING,STABLE
STU2468,Student 2468,Engineering College A,Computer Science,B.Tech,2,1,2023,0,Fall 2025,3.06,3.25,0,0,89.6,93.1,77.7,72.7,49,50,-0.18999999999999995,-3.5,5.0,-1,DETERIORATING,DETERIORATING,STABLE
STU2469,Student 2469,Engineering College A,Business,B.Tech,4,2,2023,0,Fall 2025,3.12,3.5,0,0,64.0,78.6,72.1,86.4,75,63,-0.3799999999999999,-14.599999999999994,-14.300000000000011,12,DETERIORATING,DETERIORATING,DETERIORATING
STU2470,Student 2470,Engineering College A,Electrical,B.Tech,4,2,2023,0,Fall 2025,3.3,3.29,0,0,75.6,77.3,84.1,83.6,49,45,0.009999999999999787,-1.7000000000000028,0.5,4,STABLE,STABLE,STABLE
STU2471,Student 2471,Engineering College A,Computer Science,B.Tech,3,2,2023,0,Fall 2025,2.74,2.03,0,0,100.0,91.5,66.8,66.2,16,2,0.7100000000000004,8.5,0.5999999999999943,14,IMPROVING,IMPROVING,STABLE
STU2472,Student 2472,Engineering College A,Computer Science,B.Tech,4,1,2023,1,Fall 2025,2.52,3.01,3,2,74.4,86.5,65.6,76.6,41,64,-0.48999999999999977,-12.099999999999994,-11.0,-23,DETERIORATING,DETERIORATING,DETERIORATING
STU2473,Student 2473,Engineering College A,Business,B.Tech,4,2,2023,1,Fall 2025,2.93,3.68,3,0,64.3,86.0,52.9,75.5,45,57,-0.75,-21.700000000000003,-22.6,-12,DETERIORATING,DETERIORATING,DETERIORATING
STU2474,Student 2474,Engineering College A,Civil,B.Tech,1,1,2023,0,Fall 2025,2.83,2.53,0,0,77.8,74.1,90.4,89.7,39,33,0.30000000000000027,3.700000000000003,0.7000000000000028,6,IMPROVING,IMPROVING,STABLE
STU2475,Student 2475,Engineering College A,Mechanical,B.Tech,1,2,2023,0,Fall 2025,2.23,2.6,1,0,62.6,76.6,97.1,86.8,90,88,-0.3700000000000001,-13.999999999999993,10.299999999999997,2,DETERIORATING,DETERIORATING,IMPROVING
STU2476,Student 2476,Engineering College A,Computer Science,B.Tech,4,2,2023,1,Fall 2025,2.22,2.61,0,0,73.6,97.5,40.7,69.7,20,36,-0.3899999999999997,-23.900000000000006,-29.0,-16,DETERIORATING,DETERIORATING,DETERIORATING
STU2477,Student 2477,Engineering College A,Civil,B.Tech,4,2,2023,1,Fall 2025,2.02,1.62,0,0,95.5,78.0,100.0,100.0,49,57,0.3999999999999999,17.5,0.0,-8,IMPROVING,IMPROVING,STABLE
STU2478,Student 2478,Engineering College A,Electrical,B.Tech,1,2,2023,0,Fall 2025,3.22,3.42,0,1,70.2,76.4,63.1,76.3,40,48,-0.19999999999999973,-6.200000000000003,-13.199999999999996,-8,DETERIORATING,DETERIORATING,DETERIORATING
STU2479,Student 2479,Engineering College A,Civil,B.Tech,4,1,2023,1,Fall 2025,2.61,2.59,0,0,63.3,66.3,71.5,64.5,51,66,0.020000000000000018,-3.0,7.0,-15,STABLE,DETERIORATING,IMPROVING
STU2480,Student 2480,Engineering College A,Business,B.Tech,4,1,2023,1,Fall 2025,3.99,4.0,0,0,80.9,76.6,100.0,100.0,27,25,-0.009999999999999787,4.300000000000011,0.0,2,STABLE,IMPROVING,STABLE
STU2481,Student 2481,Engineering College A,Electrical,B.Tech,2,2,2023,0,Fall 2025,3.23,2.96,0,1,62.7,65.8,91.7,86.9,38,26,0.27,-3.0999999999999943,4.799999999999997,12,IMPROVING,DETERIORATING,STABLE
STU2482,Student 2482,Engineering College A,Electrical,B.Tech,4,1,2023,1,Fall 2025,3.11,3.27,0,1,72.6,80.7,50.7,71.5,40,54,-0.16000000000000014,-8.100000000000009,-20.799999999999997,-14,DETERIORATING,DETERIORATING,DETERIORATING
STU2483,Student 2483,Engineering College A,Civil,B.Tech,3,1,2023,1,Fall 2025,3.12,3.07,1,0,56.1,81.5,82.5,87.8,35,51,0.050000000000000266,-25.4,-5.299999999999997,-16,STABLE,DETERIORATING,DETERIORATING
STU2484,Student 2484,Engineering College A,Business,B.Tech,2,2,2023,0,Fall 2025,2.02,2.09,0,0,82.0,82.0,76.9,85.7,77,66,-0.06999999999999984,0.0,-8.799999999999997,11,STABLE,STABLE,DETERIORATING
STU2485,Student 2485,Engineering College A,Computer Science,B.Tech,3,1,2023,0,Fall 2025,2.44,2.53,0,1,80.0,76.6,83.5,74.8,61,65,-0.08999999999999986,3.4000000000000057,8.700000000000003,-4,STABLE,IMPROVING,IMPROVING
STU2486,Student 2486,Engineering College A,Civil,B.Tech,4,1,2023,1,Fall 2025,2.9,3.65,1,2,52.2,73.2,88.5,100.0,27,41,-0.75,-21.0,-11.5,-14,DETERIORATING,DETERIORATING,DETERIORATING
STU2487,Student 2487,Engineering College A,Computer Science,B.Tech,1,1,2023,0,Fall 2025,3.25,3.0,0,0,78.6,77.4,56.3,57.6,44,55,0.25,1.1999999999999886,-1.3000000000000043,-11,IMPROVING,STABLE,STABLE
STU2488,Student 2488,Engineering College A,Civil,B.Tech,2,1,2023,1,Fall 2025,3.73,3.97,1,2,27.8,49.9,36.1,45.9,33,47,-0.2400000000000002,-22.099999999999998,-9.799999999999997,-14,DETERIORATING,DETERIORATING,DETERIORATING
STU2489,Student 2489,Engineering College A,Computer Science,B.Tech,1,2,2023,0,Fall 2025,2.96,2.73,0,1,96.2,100.0,80.0,71.2,10,0,0.22999999999999998,-3.799999999999997,8.799999999999997,10,IMPROVING,DETERIORATING,IMPROVING
STU2490,Student 2490,Engineering College A,Civil,B.Tech,2,2,2023,0,Fall 2025,2.34,2.67,0,0,57.3,70.9,100.0,100.0,17,19,-0.33000000000000007,-13.600000000000009,0.0,-2,DETERIORATING,DETERIORATING,STABLE
STU2491,Student 2491,Engineering College A,Electrical,B.Tech,1,1,2023,0,Fall 2025,3.28,2.5,0,0,98.0,85.0,90.9,90.2,38,50,0.7799999999999998,13.0,0.7000000000000028,-12,IMPROVING,IMPROVING,STABLE
STU2492,Student 2492,Engineering College A,Mechanical,B.Tech,2,2,2023,0,Fall 2025,2.67,1.75,0,0,100.0,100.0,65.8,75.5,60,53,0.9199999999999999,0.0,-9.700000000000003,7,IMPROVING,STABLE,DETERIORATING
STU2493,Student 2493,Engineering College A,Electrical,B.Tech,2,2,2023,0,Fall 2025,1.65,1.32,0,0,87.4,77.5,79.4,72.1,29,33,0.32999999999999985,9.900000000000006,7.300000000000011,-4,IMPROVING,IMPROVING,IMPROVING
STU2494,Student 2494,Engineering College A,Computer Science,B.Tech,3,2,2023,0,Fall 2025,4.0,3.94,0,0,79.5,79.7,92.9,82.8,10,7,0.06000000000000005,-0.20000000000000284,10.100000000000009,3,STABLE,STABLE,IMPROVING
STU2495,Student 2495,Engineering College A,Business,B.Tech,1,1,2023,1,Fall 2025,2.99,2.69,1,0,86.9,89.4,48.2,37.0,62,50,0.30000000000000027,-2.5,11.200000000000003,12,IMPROVING,DETERIORATING,IMPROVING
STU2496,Student 2496,Engineering College A,Electrical,B.Tech,3,1,2023,0,Fall 2025,3.58,3.65,0,0,87.8,87.0,79.8,91.6,71,66,-0.06999999999999984,0.7999999999999972,-11.799999999999997,5,STABLE,STABLE,DETERIORATING
STU2497,Student 2497,Engineering College A,Mechanical,B.Tech,3,2,2023,1,Fall 2025,3.62,3.4,0,1,97.9,100.0,87.0,94.8,68,76,0.2200000000000002,-2.0999999999999943,-7.799999999999997,-8,IMPROVING,DETERIORATING,DETERIORATING
STU2498,Student 2498,Engineering College A,Computer Science,B.Tech,1,2,2023,1,Fall 2025,2.68,2.91,1,1,40.9,60.6,32.0,62.0,21,46,0.0,-19.700000000000003,-30.0,-25,UNKNOWN,DETERIORATING,DETERIORATING
STU2499,Student 2499,Engineering College A,Electrical,B.Tech,2,1,2023,1,Fall 2025,2.99,3.69,1,1,71.2,78.1,44.2,63.4,9,27,-0.6999999999999997,-6.8999999999999915,-19.199999999999996,-18,DETERIORATING,DETERIORATING,DETERIORATING
STU2500,Student 2500,Engineering College A,Civil,B.Tech,3,2,2023,0,Fall 2025,3.03,3.1,0,0,88.8,93.0,55.7,68.3,61,70,-0.07000000000000028,-4.200000000000003,-12.599999999999994,-9,STABLE,DETERIORATING,DETERIORATING
